ISO-10303-21;
HEADER;
FILE_DESCRIPTION(('ViewDefinition [CoordinationView]'),'2;1');
FILE_NAME('','2026-08-07T14:01:44',(''),(''),'IfcOpenShell 0.8.4-e8eb5e4','IfcOpenShell 0.8.4-e8eb5e4','');
FILE_SCHEMA(('IFC4'));
ENDSEC;
DATA;
#1=IFCSIUNIT(*,.LENGTHUNIT.,$,.METRE.);
#2=IFCSIUNIT(*,.AREAUNIT.,$,.SQUARE_METRE.);
#3=IFCSIUNIT(*,.VOLUMEUNIT.,$,.CUBIC_METRE.);
#4=IFCUNITASSIGNMENT((#1,#2,#3));
#5=IFCCARTESIANPOINT((0.,0.,0.));
#6=IFCAXIS2PLACEMENT3D(#5,$,$);
#7=IFCGEOMETRICREPRESENTATIONCONTEXT($,'Model',3,1.E-05,#6,$);
#8=IFCGEOMETRICREPRESENTATIONSUBCONTEXT('Body','Model',*,*,*,*,#7,$,.MODEL_VIEW.,$);
#9=IFCGEOMETRICREPRESENTATIONSUBCONTEXT('FootPrint','Plan',*,*,*,*,#7,$,.PLAN_VIEW.,$);
#10=IFCLOCALPLACEMENT($,#6);
#11=IFCPROJECT('0000000000000000000001',$,'Synthetic IFC4 fixture',$,$,$,$,(#7),#4);
#12=IFCSITE('0000000000000000000002',$,'Site',$,$,#10,$,$,.ELEMENT.,$,$,$,$,$);
#13=IFCBUILDING('0000000000000000000003',$,'Building',$,$,#10,$,$,.ELEMENT.,$,$,$);
#14=IFCCARTESIANPOINT((0.,0.,0.));
#15=IFCAXIS2PLACEMENT3D(#14,$,$);
#16=IFCLOCALPLACEMENT($,#15);
#17=IFCBUILDINGSTOREY('0000000000000000000004',$,'00 ground floor',$,$,#16,$,$,.ELEMENT.,0.);
#18=IFCCARTESIANPOINT((0.,0.,3.));
#19=IFCAXIS2PLACEMENT3D(#18,$,$);
#20=IFCLOCALPLACEMENT($,#19);
#21=IFCBUILDINGSTOREY('0000000000000000000005',$,'01 first floor',$,$,#20,$,$,.ELEMENT.,3.);
#22=IFCRELAGGREGATES('0000000000000000000006',$,$,$,#11,(#12));
#23=IFCRELAGGREGATES('0000000000000000000007',$,$,$,#12,(#13));
#24=IFCRELAGGREGATES('0000000000000000000008',$,$,$,#13,(#17,#21));
#25=IFCINDEXEDPOLYGONALFACE((1,2,3,4));
#26=IFCINDEXEDPOLYGONALFACE((4,3,5,6));
#27=IFCINDEXEDPOLYGONALFACE((6,5,7,8));
#28=IFCINDEXEDPOLYGONALFACE((8,7,9,10));
#29=IFCINDEXEDPOLYGONALFACE((10,9,11,12));
#30=IFCINDEXEDPOLYGONALFACE((12,11,13,14));
#31=IFCINDEXEDPOLYGONALFACE((14,13,15,16));
#32=IFCINDEXEDPOLYGONALFACE((16,15,17,18));
#33=IFCINDEXEDPOLYGONALFACE((18,17,19,20));
#34=IFCINDEXEDPOLYGONALFACE((20,19,21,22));
#35=IFCINDEXEDPOLYGONALFACE((22,21,23,24));
#36=IFCINDEXEDPOLYGONALFACE((24,23,25,26));
#37=IFCINDEXEDPOLYGONALFACE((26,25,27,28));
#38=IFCINDEXEDPOLYGONALFACE((28,27,29,30));
#39=IFCINDEXEDPOLYGONALFACE((30,29,31,32));
#40=IFCINDEXEDPOLYGONALFACE((32,31,33,34));
#41=IFCINDEXEDPOLYGONALFACE((34,33,35,36));
#42=IFCINDEXEDPOLYGONALFACE((36,35,37,38));
#43=IFCINDEXEDPOLYGONALFACE((38,37,39,40));
#44=IFCINDEXEDPOLYGONALFACE((40,39,41,42));
#45=IFCINDEXEDPOLYGONALFACE((42,41,43,44));
#46=IFCINDEXEDPOLYGONALFACE((44,43,45,46));
#47=IFCINDEXEDPOLYGONALFACE((46,45,47,48));
#48=IFCINDEXEDPOLYGONALFACE((48,47,49,50));
#49=IFCINDEXEDPOLYGONALFACE((2,51,52,3));
#50=IFCINDEXEDPOLYGONALFACE((3,52,53,5));
#51=IFCINDEXEDPOLYGONALFACE((5,53,54,7));
#52=IFCINDEXEDPOLYGONALFACE((7,54,55,9));
#53=IFCINDEXEDPOLYGONALFACE((9,55,56,11));
#54=IFCINDEXEDPOLYGONALFACE((11,56,57,13));
#55=IFCINDEXEDPOLYGONALFACE((13,57,58,15));
#56=IFCINDEXEDPOLYGONALFACE((15,58,59,17));
#57=IFCINDEXEDPOLYGONALFACE((17,59,60,19));
#58=IFCINDEXEDPOLYGONALFACE((19,60,61,21));
#59=IFCINDEXEDPOLYGONALFACE((21,61,62,23));
#60=IFCINDEXEDPOLYGONALFACE((23,62,63,25));
#61=IFCINDEXEDPOLYGONALFACE((25,63,64,27));
#62=IFCINDEXEDPOLYGONALFACE((27,64,65,29));
#63=IFCINDEXEDPOLYGONALFACE((29,65,66,31));
#64=IFCINDEXEDPOLYGONALFACE((31,66,67,33));
#65=IFCINDEXEDPOLYGONALFACE((33,67,68,35));
#66=IFCINDEXEDPOLYGONALFACE((35,68,69,37));
#67=IFCINDEXEDPOLYGONALFACE((37,69,70,39));
#68=IFCINDEXEDPOLYGONALFACE((39,70,71,41));
#69=IFCINDEXEDPOLYGONALFACE((41,71,72,43));
#70=IFCINDEXEDPOLYGONALFACE((43,72,73,45));
#71=IFCINDEXEDPOLYGONALFACE((45,73,74,47));
#72=IFCINDEXEDPOLYGONALFACE((47,74,75,49));
#73=IFCINDEXEDPOLYGONALFACE((51,76,77,52));
#74=IFCINDEXEDPOLYGONALFACE((52,77,78,53));
#75=IFCINDEXEDPOLYGONALFACE((53,78,79,54));
#76=IFCINDEXEDPOLYGONALFACE((54,79,80,55));
#77=IFCINDEXEDPOLYGONALFACE((55,80,81,56));
#78=IFCINDEXEDPOLYGONALFACE((56,81,82,57));
#79=IFCINDEXEDPOLYGONALFACE((57,82,83,58));
#80=IFCINDEXEDPOLYGONALFACE((58,83,84,59));
#81=IFCINDEXEDPOLYGONALFACE((59,84,85,60));
#82=IFCINDEXEDPOLYGONALFACE((60,85,86,61));
#83=IFCINDEXEDPOLYGONALFACE((61,86,87,62));
#84=IFCINDEXEDPOLYGONALFACE((62,87,88,63));
#85=IFCINDEXEDPOLYGONALFACE((63,88,89,64));
#86=IFCINDEXEDPOLYGONALFACE((64,89,90,65));
#87=IFCINDEXEDPOLYGONALFACE((65,90,91,66));
#88=IFCINDEXEDPOLYGONALFACE((66,91,92,67));
#89=IFCINDEXEDPOLYGONALFACE((67,92,93,68));
#90=IFCINDEXEDPOLYGONALFACE((68,93,94,69));
#91=IFCINDEXEDPOLYGONALFACE((69,94,95,70));
#92=IFCINDEXEDPOLYGONALFACE((70,95,96,71));
#93=IFCINDEXEDPOLYGONALFACE((71,96,97,72));
#94=IFCINDEXEDPOLYGONALFACE((72,97,98,73));
#95=IFCINDEXEDPOLYGONALFACE((73,98,99,74));
#96=IFCINDEXEDPOLYGONALFACE((74,99,100,75));
#97=IFCINDEXEDPOLYGONALFACE((76,101,102,77));
#98=IFCINDEXEDPOLYGONALFACE((77,102,103,78));
#99=IFCINDEXEDPOLYGONALFACE((78,103,104,79));
#100=IFCINDEXEDPOLYGONALFACE((79,104,105,80));
#101=IFCINDEXEDPOLYGONALFACE((80,105,106,81));
#102=IFCINDEXEDPOLYGONALFACE((81,106,107,82));
#103=IFCINDEXEDPOLYGONALFACE((82,107,108,83));
#104=IFCINDEXEDPOLYGONALFACE((83,108,109,84));
#105=IFCINDEXEDPOLYGONALFACE((84,109,110,85));
#106=IFCINDEXEDPOLYGONALFACE((85,110,111,86));
#107=IFCINDEXEDPOLYGONALFACE((86,111,112,87));
#108=IFCINDEXEDPOLYGONALFACE((87,112,113,88));
#109=IFCINDEXEDPOLYGONALFACE((88,113,114,89));
#110=IFCINDEXEDPOLYGONALFACE((89,114,115,90));
#111=IFCINDEXEDPOLYGONALFACE((90,115,116,91));
#112=IFCINDEXEDPOLYGONALFACE((91,116,117,92));
#113=IFCINDEXEDPOLYGONALFACE((92,117,118,93));
#114=IFCINDEXEDPOLYGONALFACE((93,118,119,94));
#115=IFCINDEXEDPOLYGONALFACE((94,119,120,95));
#116=IFCINDEXEDPOLYGONALFACE((95,120,121,96));
#117=IFCINDEXEDPOLYGONALFACE((96,121,122,97));
#118=IFCINDEXEDPOLYGONALFACE((97,122,123,98));
#119=IFCINDEXEDPOLYGONALFACE((98,123,124,99));
#120=IFCINDEXEDPOLYGONALFACE((99,124,125,100));
#121=IFCINDEXEDPOLYGONALFACE((101,126,127,102));
#122=IFCINDEXEDPOLYGONALFACE((102,127,128,103));
#123=IFCINDEXEDPOLYGONALFACE((103,128,129,104));
#124=IFCINDEXEDPOLYGONALFACE((104,129,130,105));
#125=IFCINDEXEDPOLYGONALFACE((105,130,131,106));
#126=IFCINDEXEDPOLYGONALFACE((106,131,132,107));
#127=IFCINDEXEDPOLYGONALFACE((107,132,133,108));
#128=IFCINDEXEDPOLYGONALFACE((108,133,134,109));
#129=IFCINDEXEDPOLYGONALFACE((109,134,135,110));
#130=IFCINDEXEDPOLYGONALFACE((110,135,136,111));
#131=IFCINDEXEDPOLYGONALFACE((111,136,137,112));
#132=IFCINDEXEDPOLYGONALFACE((112,137,138,113));
#133=IFCINDEXEDPOLYGONALFACE((113,138,139,114));
#134=IFCINDEXEDPOLYGONALFACE((114,139,140,115));
#135=IFCINDEXEDPOLYGONALFACE((115,140,141,116));
#136=IFCINDEXEDPOLYGONALFACE((116,141,142,117));
#137=IFCINDEXEDPOLYGONALFACE((117,142,143,118));
#138=IFCINDEXEDPOLYGONALFACE((118,143,144,119));
#139=IFCINDEXEDPOLYGONALFACE((119,144,145,120));
#140=IFCINDEXEDPOLYGONALFACE((120,145,146,121));
#141=IFCINDEXEDPOLYGONALFACE((121,146,147,122));
#142=IFCINDEXEDPOLYGONALFACE((122,147,148,123));
#143=IFCINDEXEDPOLYGONALFACE((123,148,149,124));
#144=IFCINDEXEDPOLYGONALFACE((124,149,150,125));
#145=IFCINDEXEDPOLYGONALFACE((126,151,152,127));
#146=IFCINDEXEDPOLYGONALFACE((127,152,153,128));
#147=IFCINDEXEDPOLYGONALFACE((128,153,154,129));
#148=IFCINDEXEDPOLYGONALFACE((129,154,155,130));
#149=IFCINDEXEDPOLYGONALFACE((130,155,156,131));
#150=IFCINDEXEDPOLYGONALFACE((131,156,157,132));
#151=IFCINDEXEDPOLYGONALFACE((132,157,158,133));
#152=IFCINDEXEDPOLYGONALFACE((133,158,159,134));
#153=IFCINDEXEDPOLYGONALFACE((134,159,160,135));
#154=IFCINDEXEDPOLYGONALFACE((135,160,161,136));
#155=IFCINDEXEDPOLYGONALFACE((136,161,162,137));
#156=IFCINDEXEDPOLYGONALFACE((137,162,163,138));
#157=IFCINDEXEDPOLYGONALFACE((138,163,164,139));
#158=IFCINDEXEDPOLYGONALFACE((139,164,165,140));
#159=IFCINDEXEDPOLYGONALFACE((140,165,166,141));
#160=IFCINDEXEDPOLYGONALFACE((141,166,167,142));
#161=IFCINDEXEDPOLYGONALFACE((142,167,168,143));
#162=IFCINDEXEDPOLYGONALFACE((143,168,169,144));
#163=IFCINDEXEDPOLYGONALFACE((144,169,170,145));
#164=IFCINDEXEDPOLYGONALFACE((145,170,171,146));
#165=IFCINDEXEDPOLYGONALFACE((146,171,172,147));
#166=IFCINDEXEDPOLYGONALFACE((147,172,173,148));
#167=IFCINDEXEDPOLYGONALFACE((148,173,174,149));
#168=IFCINDEXEDPOLYGONALFACE((149,174,175,150));
#169=IFCINDEXEDPOLYGONALFACE((151,176,177,152));
#170=IFCINDEXEDPOLYGONALFACE((152,177,178,153));
#171=IFCINDEXEDPOLYGONALFACE((153,178,179,154));
#172=IFCINDEXEDPOLYGONALFACE((154,179,180,155));
#173=IFCINDEXEDPOLYGONALFACE((155,180,181,156));
#174=IFCINDEXEDPOLYGONALFACE((156,181,182,157));
#175=IFCINDEXEDPOLYGONALFACE((157,182,183,158));
#176=IFCINDEXEDPOLYGONALFACE((158,183,184,159));
#177=IFCINDEXEDPOLYGONALFACE((159,184,185,160));
#178=IFCINDEXEDPOLYGONALFACE((160,185,186,161));
#179=IFCINDEXEDPOLYGONALFACE((161,186,187,162));
#180=IFCINDEXEDPOLYGONALFACE((162,187,188,163));
#181=IFCINDEXEDPOLYGONALFACE((163,188,189,164));
#182=IFCINDEXEDPOLYGONALFACE((164,189,190,165));
#183=IFCINDEXEDPOLYGONALFACE((165,190,191,166));
#184=IFCINDEXEDPOLYGONALFACE((166,191,192,167));
#185=IFCINDEXEDPOLYGONALFACE((167,192,193,168));
#186=IFCINDEXEDPOLYGONALFACE((168,193,194,169));
#187=IFCINDEXEDPOLYGONALFACE((169,194,195,170));
#188=IFCINDEXEDPOLYGONALFACE((170,195,196,171));
#189=IFCINDEXEDPOLYGONALFACE((171,196,197,172));
#190=IFCINDEXEDPOLYGONALFACE((172,197,198,173));
#191=IFCINDEXEDPOLYGONALFACE((173,198,199,174));
#192=IFCINDEXEDPOLYGONALFACE((174,199,200,175));
#193=IFCINDEXEDPOLYGONALFACE((176,201,202,177));
#194=IFCINDEXEDPOLYGONALFACE((177,202,203,178));
#195=IFCINDEXEDPOLYGONALFACE((178,203,204,179));
#196=IFCINDEXEDPOLYGONALFACE((179,204,205,180));
#197=IFCINDEXEDPOLYGONALFACE((180,205,206,181));
#198=IFCINDEXEDPOLYGONALFACE((181,206,207,182));
#199=IFCINDEXEDPOLYGONALFACE((182,207,208,183));
#200=IFCINDEXEDPOLYGONALFACE((183,208,209,184));
#201=IFCINDEXEDPOLYGONALFACE((184,209,210,185));
#202=IFCINDEXEDPOLYGONALFACE((185,210,211,186));
#203=IFCINDEXEDPOLYGONALFACE((186,211,212,187));
#204=IFCINDEXEDPOLYGONALFACE((187,212,213,188));
#205=IFCINDEXEDPOLYGONALFACE((188,213,214,189));
#206=IFCINDEXEDPOLYGONALFACE((189,214,215,190));
#207=IFCINDEXEDPOLYGONALFACE((190,215,216,191));
#208=IFCINDEXEDPOLYGONALFACE((191,216,217,192));
#209=IFCINDEXEDPOLYGONALFACE((192,217,218,193));
#210=IFCINDEXEDPOLYGONALFACE((193,218,219,194));
#211=IFCINDEXEDPOLYGONALFACE((194,219,220,195));
#212=IFCINDEXEDPOLYGONALFACE((195,220,221,196));
#213=IFCINDEXEDPOLYGONALFACE((196,221,222,197));
#214=IFCINDEXEDPOLYGONALFACE((197,222,223,198));
#215=IFCINDEXEDPOLYGONALFACE((198,223,224,199));
#216=IFCINDEXEDPOLYGONALFACE((199,224,225,200));
#217=IFCINDEXEDPOLYGONALFACE((201,226,227,202));
#218=IFCINDEXEDPOLYGONALFACE((202,227,228,203));
#219=IFCINDEXEDPOLYGONALFACE((203,228,229,204));
#220=IFCINDEXEDPOLYGONALFACE((204,229,230,205));
#221=IFCINDEXEDPOLYGONALFACE((205,230,231,206));
#222=IFCINDEXEDPOLYGONALFACE((206,231,232,207));
#223=IFCINDEXEDPOLYGONALFACE((207,232,233,208));
#224=IFCINDEXEDPOLYGONALFACE((208,233,234,209));
#225=IFCINDEXEDPOLYGONALFACE((209,234,235,210));
#226=IFCINDEXEDPOLYGONALFACE((210,235,236,211));
#227=IFCINDEXEDPOLYGONALFACE((211,236,237,212));
#228=IFCINDEXEDPOLYGONALFACE((212,237,238,213));
#229=IFCINDEXEDPOLYGONALFACE((213,238,239,214));
#230=IFCINDEXEDPOLYGONALFACE((214,239,240,215));
#231=IFCINDEXEDPOLYGONALFACE((215,240,241,216));
#232=IFCINDEXEDPOLYGONALFACE((216,241,242,217));
#233=IFCINDEXEDPOLYGONALFACE((217,242,243,218));
#234=IFCINDEXEDPOLYGONALFACE((218,243,244,219));
#235=IFCINDEXEDPOLYGONALFACE((219,244,245,220));
#236=IFCINDEXEDPOLYGONALFACE((220,245,246,221));
#237=IFCINDEXEDPOLYGONALFACE((221,246,247,222));
#238=IFCINDEXEDPOLYGONALFACE((222,247,248,223));
#239=IFCINDEXEDPOLYGONALFACE((223,248,249,224));
#240=IFCINDEXEDPOLYGONALFACE((224,249,250,225));
#241=IFCINDEXEDPOLYGONALFACE((226,251,252,227));
#242=IFCINDEXEDPOLYGONALFACE((227,252,253,228));
#243=IFCINDEXEDPOLYGONALFACE((228,253,254,229));
#244=IFCINDEXEDPOLYGONALFACE((229,254,255,230));
#245=IFCINDEXEDPOLYGONALFACE((230,255,256,231));
#246=IFCINDEXEDPOLYGONALFACE((231,256,257,232));
#247=IFCINDEXEDPOLYGONALFACE((232,257,258,233));
#248=IFCINDEXEDPOLYGONALFACE((233,258,259,234));
#249=IFCINDEXEDPOLYGONALFACE((234,259,260,235));
#250=IFCINDEXEDPOLYGONALFACE((235,260,261,236));
#251=IFCINDEXEDPOLYGONALFACE((236,261,262,237));
#252=IFCINDEXEDPOLYGONALFACE((237,262,263,238));
#253=IFCINDEXEDPOLYGONALFACE((238,263,264,239));
#254=IFCINDEXEDPOLYGONALFACE((239,264,265,240));
#255=IFCINDEXEDPOLYGONALFACE((240,265,266,241));
#256=IFCINDEXEDPOLYGONALFACE((241,266,267,242));
#257=IFCINDEXEDPOLYGONALFACE((242,267,268,243));
#258=IFCINDEXEDPOLYGONALFACE((243,268,269,244));
#259=IFCINDEXEDPOLYGONALFACE((244,269,270,245));
#260=IFCINDEXEDPOLYGONALFACE((245,270,271,246));
#261=IFCINDEXEDPOLYGONALFACE((246,271,272,247));
#262=IFCINDEXEDPOLYGONALFACE((247,272,273,248));
#263=IFCINDEXEDPOLYGONALFACE((248,273,274,249));
#264=IFCINDEXEDPOLYGONALFACE((249,274,275,250));
#265=IFCINDEXEDPOLYGONALFACE((251,276,277,252));
#266=IFCINDEXEDPOLYGONALFACE((252,277,278,253));
#267=IFCINDEXEDPOLYGONALFACE((253,278,279,254));
#268=IFCINDEXEDPOLYGONALFACE((254,279,280,255));
#269=IFCINDEXEDPOLYGONALFACE((255,280,281,256));
#270=IFCINDEXEDPOLYGONALFACE((256,281,282,257));
#271=IFCINDEXEDPOLYGONALFACE((257,282,283,258));
#272=IFCINDEXEDPOLYGONALFACE((258,283,284,259));
#273=IFCINDEXEDPOLYGONALFACE((259,284,285,260));
#274=IFCINDEXEDPOLYGONALFACE((260,285,286,261));
#275=IFCINDEXEDPOLYGONALFACE((261,286,287,262));
#276=IFCINDEXEDPOLYGONALFACE((262,287,288,263));
#277=IFCINDEXEDPOLYGONALFACE((263,288,289,264));
#278=IFCINDEXEDPOLYGONALFACE((264,289,290,265));
#279=IFCINDEXEDPOLYGONALFACE((265,290,291,266));
#280=IFCINDEXEDPOLYGONALFACE((266,291,292,267));
#281=IFCINDEXEDPOLYGONALFACE((267,292,293,268));
#282=IFCINDEXEDPOLYGONALFACE((268,293,294,269));
#283=IFCINDEXEDPOLYGONALFACE((269,294,295,270));
#284=IFCINDEXEDPOLYGONALFACE((270,295,296,271));
#285=IFCINDEXEDPOLYGONALFACE((271,296,297,272));
#286=IFCINDEXEDPOLYGONALFACE((272,297,298,273));
#287=IFCINDEXEDPOLYGONALFACE((273,298,299,274));
#288=IFCINDEXEDPOLYGONALFACE((274,299,300,275));
#289=IFCINDEXEDPOLYGONALFACE((276,301,302,277));
#290=IFCINDEXEDPOLYGONALFACE((277,302,303,278));
#291=IFCINDEXEDPOLYGONALFACE((278,303,304,279));
#292=IFCINDEXEDPOLYGONALFACE((279,304,305,280));
#293=IFCINDEXEDPOLYGONALFACE((280,305,306,281));
#294=IFCINDEXEDPOLYGONALFACE((281,306,307,282));
#295=IFCINDEXEDPOLYGONALFACE((282,307,308,283));
#296=IFCINDEXEDPOLYGONALFACE((283,308,309,284));
#297=IFCINDEXEDPOLYGONALFACE((284,309,310,285));
#298=IFCINDEXEDPOLYGONALFACE((285,310,311,286));
#299=IFCINDEXEDPOLYGONALFACE((286,311,312,287));
#300=IFCINDEXEDPOLYGONALFACE((287,312,313,288));
#301=IFCINDEXEDPOLYGONALFACE((288,313,314,289));
#302=IFCINDEXEDPOLYGONALFACE((289,314,315,290));
#303=IFCINDEXEDPOLYGONALFACE((290,315,316,291));
#304=IFCINDEXEDPOLYGONALFACE((291,316,317,292));
#305=IFCINDEXEDPOLYGONALFACE((292,317,318,293));
#306=IFCINDEXEDPOLYGONALFACE((293,318,319,294));
#307=IFCINDEXEDPOLYGONALFACE((294,319,320,295));
#308=IFCINDEXEDPOLYGONALFACE((295,320,321,296));
#309=IFCINDEXEDPOLYGONALFACE((296,321,322,297));
#310=IFCINDEXEDPOLYGONALFACE((297,322,323,298));
#311=IFCINDEXEDPOLYGONALFACE((298,323,324,299));
#312=IFCINDEXEDPOLYGONALFACE((299,324,325,300));
#313=IFCINDEXEDPOLYGONALFACE((301,326,327,302));
#314=IFCINDEXEDPOLYGONALFACE((302,327,328,303));
#315=IFCINDEXEDPOLYGONALFACE((303,328,329,304));
#316=IFCINDEXEDPOLYGONALFACE((304,329,330,305));
#317=IFCINDEXEDPOLYGONALFACE((305,330,331,306));
#318=IFCINDEXEDPOLYGONALFACE((306,331,332,307));
#319=IFCINDEXEDPOLYGONALFACE((307,332,333,308));
#320=IFCINDEXEDPOLYGONALFACE((308,333,334,309));
#321=IFCINDEXEDPOLYGONALFACE((309,334,335,310));
#322=IFCINDEXEDPOLYGONALFACE((310,335,336,311));
#323=IFCINDEXEDPOLYGONALFACE((311,336,337,312));
#324=IFCINDEXEDPOLYGONALFACE((312,337,338,313));
#325=IFCINDEXEDPOLYGONALFACE((313,338,339,314));
#326=IFCINDEXEDPOLYGONALFACE((314,339,340,315));
#327=IFCINDEXEDPOLYGONALFACE((315,340,341,316));
#328=IFCINDEXEDPOLYGONALFACE((316,341,342,317));
#329=IFCINDEXEDPOLYGONALFACE((317,342,343,318));
#330=IFCINDEXEDPOLYGONALFACE((318,343,344,319));
#331=IFCINDEXEDPOLYGONALFACE((319,344,345,320));
#332=IFCINDEXEDPOLYGONALFACE((320,345,346,321));
#333=IFCINDEXEDPOLYGONALFACE((321,346,347,322));
#334=IFCINDEXEDPOLYGONALFACE((322,347,348,323));
#335=IFCINDEXEDPOLYGONALFACE((323,348,349,324));
#336=IFCINDEXEDPOLYGONALFACE((324,349,350,325));
#337=IFCINDEXEDPOLYGONALFACE((326,351,352,327));
#338=IFCINDEXEDPOLYGONALFACE((327,352,353,328));
#339=IFCINDEXEDPOLYGONALFACE((328,353,354,329));
#340=IFCINDEXEDPOLYGONALFACE((329,354,355,330));
#341=IFCINDEXEDPOLYGONALFACE((330,355,356,331));
#342=IFCINDEXEDPOLYGONALFACE((331,356,357,332));
#343=IFCINDEXEDPOLYGONALFACE((332,357,358,333));
#344=IFCINDEXEDPOLYGONALFACE((333,358,359,334));
#345=IFCINDEXEDPOLYGONALFACE((334,359,360,335));
#346=IFCINDEXEDPOLYGONALFACE((335,360,361,336));
#347=IFCINDEXEDPOLYGONALFACE((336,361,362,337));
#348=IFCINDEXEDPOLYGONALFACE((337,362,363,338));
#349=IFCINDEXEDPOLYGONALFACE((338,363,364,339));
#350=IFCINDEXEDPOLYGONALFACE((339,364,365,340));
#351=IFCINDEXEDPOLYGONALFACE((340,365,366,341));
#352=IFCINDEXEDPOLYGONALFACE((341,366,367,342));
#353=IFCINDEXEDPOLYGONALFACE((342,367,368,343));
#354=IFCINDEXEDPOLYGONALFACE((343,368,369,344));
#355=IFCINDEXEDPOLYGONALFACE((344,369,370,345));
#356=IFCINDEXEDPOLYGONALFACE((345,370,371,346));
#357=IFCINDEXEDPOLYGONALFACE((346,371,372,347));
#358=IFCINDEXEDPOLYGONALFACE((347,372,373,348));
#359=IFCINDEXEDPOLYGONALFACE((348,373,374,349));
#360=IFCINDEXEDPOLYGONALFACE((349,374,375,350));
#361=IFCINDEXEDPOLYGONALFACE((351,376,377,352));
#362=IFCINDEXEDPOLYGONALFACE((352,377,378,353));
#363=IFCINDEXEDPOLYGONALFACE((353,378,379,354));
#364=IFCINDEXEDPOLYGONALFACE((354,379,380,355));
#365=IFCINDEXEDPOLYGONALFACE((355,380,381,356));
#366=IFCINDEXEDPOLYGONALFACE((356,381,382,357));
#367=IFCINDEXEDPOLYGONALFACE((357,382,383,358));
#368=IFCINDEXEDPOLYGONALFACE((358,383,384,359));
#369=IFCINDEXEDPOLYGONALFACE((359,384,385,360));
#370=IFCINDEXEDPOLYGONALFACE((360,385,386,361));
#371=IFCINDEXEDPOLYGONALFACE((361,386,387,362));
#372=IFCINDEXEDPOLYGONALFACE((362,387,388,363));
#373=IFCINDEXEDPOLYGONALFACE((363,388,389,364));
#374=IFCINDEXEDPOLYGONALFACE((364,389,390,365));
#375=IFCINDEXEDPOLYGONALFACE((365,390,391,366));
#376=IFCINDEXEDPOLYGONALFACE((366,391,392,367));
#377=IFCINDEXEDPOLYGONALFACE((367,392,393,368));
#378=IFCINDEXEDPOLYGONALFACE((368,393,394,369));
#379=IFCINDEXEDPOLYGONALFACE((369,394,395,370));
#380=IFCINDEXEDPOLYGONALFACE((370,395,396,371));
#381=IFCINDEXEDPOLYGONALFACE((371,396,397,372));
#382=IFCINDEXEDPOLYGONALFACE((372,397,398,373));
#383=IFCINDEXEDPOLYGONALFACE((373,398,399,374));
#384=IFCINDEXEDPOLYGONALFACE((374,399,400,375));
#385=IFCINDEXEDPOLYGONALFACE((376,401,402,377));
#386=IFCINDEXEDPOLYGONALFACE((377,402,403,378));
#387=IFCINDEXEDPOLYGONALFACE((378,403,404,379));
#388=IFCINDEXEDPOLYGONALFACE((379,404,405,380));
#389=IFCINDEXEDPOLYGONALFACE((380,405,406,381));
#390=IFCINDEXEDPOLYGONALFACE((381,406,407,382));
#391=IFCINDEXEDPOLYGONALFACE((382,407,408,383));
#392=IFCINDEXEDPOLYGONALFACE((383,408,409,384));
#393=IFCINDEXEDPOLYGONALFACE((384,409,410,385));
#394=IFCINDEXEDPOLYGONALFACE((385,410,411,386));
#395=IFCINDEXEDPOLYGONALFACE((386,411,412,387));
#396=IFCINDEXEDPOLYGONALFACE((387,412,413,388));
#397=IFCINDEXEDPOLYGONALFACE((388,413,414,389));
#398=IFCINDEXEDPOLYGONALFACE((389,414,415,390));
#399=IFCINDEXEDPOLYGONALFACE((390,415,416,391));
#400=IFCINDEXEDPOLYGONALFACE((391,416,417,392));
#401=IFCINDEXEDPOLYGONALFACE((392,417,418,393));
#402=IFCINDEXEDPOLYGONALFACE((393,418,419,394));
#403=IFCINDEXEDPOLYGONALFACE((394,419,420,395));
#404=IFCINDEXEDPOLYGONALFACE((395,420,421,396));
#405=IFCINDEXEDPOLYGONALFACE((396,421,422,397));
#406=IFCINDEXEDPOLYGONALFACE((397,422,423,398));
#407=IFCINDEXEDPOLYGONALFACE((398,423,424,399));
#408=IFCINDEXEDPOLYGONALFACE((399,424,425,400));
#409=IFCINDEXEDPOLYGONALFACE((401,426,427,402));
#410=IFCINDEXEDPOLYGONALFACE((402,427,428,403));
#411=IFCINDEXEDPOLYGONALFACE((403,428,429,404));
#412=IFCINDEXEDPOLYGONALFACE((404,429,430,405));
#413=IFCINDEXEDPOLYGONALFACE((405,430,431,406));
#414=IFCINDEXEDPOLYGONALFACE((406,431,432,407));
#415=IFCINDEXEDPOLYGONALFACE((407,432,433,408));
#416=IFCINDEXEDPOLYGONALFACE((408,433,434,409));
#417=IFCINDEXEDPOLYGONALFACE((409,434,435,410));
#418=IFCINDEXEDPOLYGONALFACE((410,435,436,411));
#419=IFCINDEXEDPOLYGONALFACE((411,436,437,412));
#420=IFCINDEXEDPOLYGONALFACE((412,437,438,413));
#421=IFCINDEXEDPOLYGONALFACE((413,438,439,414));
#422=IFCINDEXEDPOLYGONALFACE((414,439,440,415));
#423=IFCINDEXEDPOLYGONALFACE((415,440,441,416));
#424=IFCINDEXEDPOLYGONALFACE((416,441,442,417));
#425=IFCINDEXEDPOLYGONALFACE((417,442,443,418));
#426=IFCINDEXEDPOLYGONALFACE((418,443,444,419));
#427=IFCINDEXEDPOLYGONALFACE((419,444,445,420));
#428=IFCINDEXEDPOLYGONALFACE((420,445,446,421));
#429=IFCINDEXEDPOLYGONALFACE((421,446,447,422));
#430=IFCINDEXEDPOLYGONALFACE((422,447,448,423));
#431=IFCINDEXEDPOLYGONALFACE((423,448,449,424));
#432=IFCINDEXEDPOLYGONALFACE((424,449,450,425));
#433=IFCINDEXEDPOLYGONALFACE((426,451,452,427));
#434=IFCINDEXEDPOLYGONALFACE((427,452,453,428));
#435=IFCINDEXEDPOLYGONALFACE((428,453,454,429));
#436=IFCINDEXEDPOLYGONALFACE((429,454,455,430));
#437=IFCINDEXEDPOLYGONALFACE((430,455,456,431));
#438=IFCINDEXEDPOLYGONALFACE((431,456,457,432));
#439=IFCINDEXEDPOLYGONALFACE((432,457,458,433));
#440=IFCINDEXEDPOLYGONALFACE((433,458,459,434));
#441=IFCINDEXEDPOLYGONALFACE((434,459,460,435));
#442=IFCINDEXEDPOLYGONALFACE((435,460,461,436));
#443=IFCINDEXEDPOLYGONALFACE((436,461,462,437));
#444=IFCINDEXEDPOLYGONALFACE((437,462,463,438));
#445=IFCINDEXEDPOLYGONALFACE((438,463,464,439));
#446=IFCINDEXEDPOLYGONALFACE((439,464,465,440));
#447=IFCINDEXEDPOLYGONALFACE((440,465,466,441));
#448=IFCINDEXEDPOLYGONALFACE((441,466,467,442));
#449=IFCINDEXEDPOLYGONALFACE((442,467,468,443));
#450=IFCINDEXEDPOLYGONALFACE((443,468,469,444));
#451=IFCINDEXEDPOLYGONALFACE((444,469,470,445));
#452=IFCINDEXEDPOLYGONALFACE((445,470,471,446));
#453=IFCINDEXEDPOLYGONALFACE((446,471,472,447));
#454=IFCINDEXEDPOLYGONALFACE((447,472,473,448));
#455=IFCINDEXEDPOLYGONALFACE((448,473,474,449));
#456=IFCINDEXEDPOLYGONALFACE((449,474,475,450));
#457=IFCINDEXEDPOLYGONALFACE((451,476,477,452));
#458=IFCINDEXEDPOLYGONALFACE((452,477,478,453));
#459=IFCINDEXEDPOLYGONALFACE((453,478,479,454));
#460=IFCINDEXEDPOLYGONALFACE((454,479,480,455));
#461=IFCINDEXEDPOLYGONALFACE((455,480,481,456));
#462=IFCINDEXEDPOLYGONALFACE((456,481,482,457));
#463=IFCINDEXEDPOLYGONALFACE((457,482,483,458));
#464=IFCINDEXEDPOLYGONALFACE((458,483,484,459));
#465=IFCINDEXEDPOLYGONALFACE((459,484,485,460));
#466=IFCINDEXEDPOLYGONALFACE((460,485,486,461));
#467=IFCINDEXEDPOLYGONALFACE((461,486,487,462));
#468=IFCINDEXEDPOLYGONALFACE((462,487,488,463));
#469=IFCINDEXEDPOLYGONALFACE((463,488,489,464));
#470=IFCINDEXEDPOLYGONALFACE((464,489,490,465));
#471=IFCINDEXEDPOLYGONALFACE((465,490,491,466));
#472=IFCINDEXEDPOLYGONALFACE((466,491,492,467));
#473=IFCINDEXEDPOLYGONALFACE((467,492,493,468));
#474=IFCINDEXEDPOLYGONALFACE((468,493,494,469));
#475=IFCINDEXEDPOLYGONALFACE((469,494,495,470));
#476=IFCINDEXEDPOLYGONALFACE((470,495,496,471));
#477=IFCINDEXEDPOLYGONALFACE((471,496,497,472));
#478=IFCINDEXEDPOLYGONALFACE((472,497,498,473));
#479=IFCINDEXEDPOLYGONALFACE((473,498,499,474));
#480=IFCINDEXEDPOLYGONALFACE((474,499,500,475));
#481=IFCINDEXEDPOLYGONALFACE((476,501,502,477));
#482=IFCINDEXEDPOLYGONALFACE((477,502,503,478));
#483=IFCINDEXEDPOLYGONALFACE((478,503,504,479));
#484=IFCINDEXEDPOLYGONALFACE((479,504,505,480));
#485=IFCINDEXEDPOLYGONALFACE((480,505,506,481));
#486=IFCINDEXEDPOLYGONALFACE((481,506,507,482));
#487=IFCINDEXEDPOLYGONALFACE((482,507,508,483));
#488=IFCINDEXEDPOLYGONALFACE((483,508,509,484));
#489=IFCINDEXEDPOLYGONALFACE((484,509,510,485));
#490=IFCINDEXEDPOLYGONALFACE((485,510,511,486));
#491=IFCINDEXEDPOLYGONALFACE((486,511,512,487));
#492=IFCINDEXEDPOLYGONALFACE((487,512,513,488));
#493=IFCINDEXEDPOLYGONALFACE((488,513,514,489));
#494=IFCINDEXEDPOLYGONALFACE((489,514,515,490));
#495=IFCINDEXEDPOLYGONALFACE((490,515,516,491));
#496=IFCINDEXEDPOLYGONALFACE((491,516,517,492));
#497=IFCINDEXEDPOLYGONALFACE((492,517,518,493));
#498=IFCINDEXEDPOLYGONALFACE((493,518,519,494));
#499=IFCINDEXEDPOLYGONALFACE((494,519,520,495));
#500=IFCINDEXEDPOLYGONALFACE((495,520,521,496));
#501=IFCINDEXEDPOLYGONALFACE((496,521,522,497));
#502=IFCINDEXEDPOLYGONALFACE((497,522,523,498));
#503=IFCINDEXEDPOLYGONALFACE((498,523,524,499));
#504=IFCINDEXEDPOLYGONALFACE((499,524,525,500));
#505=IFCINDEXEDPOLYGONALFACE((501,526,527,502));
#506=IFCINDEXEDPOLYGONALFACE((502,527,528,503));
#507=IFCINDEXEDPOLYGONALFACE((503,528,529,504));
#508=IFCINDEXEDPOLYGONALFACE((504,529,530,505));
#509=IFCINDEXEDPOLYGONALFACE((505,530,531,506));
#510=IFCINDEXEDPOLYGONALFACE((506,531,532,507));
#511=IFCINDEXEDPOLYGONALFACE((507,532,533,508));
#512=IFCINDEXEDPOLYGONALFACE((508,533,534,509));
#513=IFCINDEXEDPOLYGONALFACE((509,534,535,510));
#514=IFCINDEXEDPOLYGONALFACE((510,535,536,511));
#515=IFCINDEXEDPOLYGONALFACE((511,536,537,512));
#516=IFCINDEXEDPOLYGONALFACE((512,537,538,513));
#517=IFCINDEXEDPOLYGONALFACE((513,538,539,514));
#518=IFCINDEXEDPOLYGONALFACE((514,539,540,515));
#519=IFCINDEXEDPOLYGONALFACE((515,540,541,516));
#520=IFCINDEXEDPOLYGONALFACE((516,541,542,517));
#521=IFCINDEXEDPOLYGONALFACE((517,542,543,518));
#522=IFCINDEXEDPOLYGONALFACE((518,543,544,519));
#523=IFCINDEXEDPOLYGONALFACE((519,544,545,520));
#524=IFCINDEXEDPOLYGONALFACE((520,545,546,521));
#525=IFCINDEXEDPOLYGONALFACE((521,546,547,522));
#526=IFCINDEXEDPOLYGONALFACE((522,547,548,523));
#527=IFCINDEXEDPOLYGONALFACE((523,548,549,524));
#528=IFCINDEXEDPOLYGONALFACE((524,549,550,525));
#529=IFCINDEXEDPOLYGONALFACE((526,551,552,527));
#530=IFCINDEXEDPOLYGONALFACE((527,552,553,528));
#531=IFCINDEXEDPOLYGONALFACE((528,553,554,529));
#532=IFCINDEXEDPOLYGONALFACE((529,554,555,530));
#533=IFCINDEXEDPOLYGONALFACE((530,555,556,531));
#534=IFCINDEXEDPOLYGONALFACE((531,556,557,532));
#535=IFCINDEXEDPOLYGONALFACE((532,557,558,533));
#536=IFCINDEXEDPOLYGONALFACE((533,558,559,534));
#537=IFCINDEXEDPOLYGONALFACE((534,559,560,535));
#538=IFCINDEXEDPOLYGONALFACE((535,560,561,536));
#539=IFCINDEXEDPOLYGONALFACE((536,561,562,537));
#540=IFCINDEXEDPOLYGONALFACE((537,562,563,538));
#541=IFCINDEXEDPOLYGONALFACE((538,563,564,539));
#542=IFCINDEXEDPOLYGONALFACE((539,564,565,540));
#543=IFCINDEXEDPOLYGONALFACE((540,565,566,541));
#544=IFCINDEXEDPOLYGONALFACE((541,566,567,542));
#545=IFCINDEXEDPOLYGONALFACE((542,567,568,543));
#546=IFCINDEXEDPOLYGONALFACE((543,568,569,544));
#547=IFCINDEXEDPOLYGONALFACE((544,569,570,545));
#548=IFCINDEXEDPOLYGONALFACE((545,570,571,546));
#549=IFCINDEXEDPOLYGONALFACE((546,571,572,547));
#550=IFCINDEXEDPOLYGONALFACE((547,572,573,548));
#551=IFCINDEXEDPOLYGONALFACE((548,573,574,549));
#552=IFCINDEXEDPOLYGONALFACE((549,574,575,550));
#553=IFCINDEXEDPOLYGONALFACE((551,576,577,552));
#554=IFCINDEXEDPOLYGONALFACE((552,577,578,553));
#555=IFCINDEXEDPOLYGONALFACE((553,578,579,554));
#556=IFCINDEXEDPOLYGONALFACE((554,579,580,555));
#557=IFCINDEXEDPOLYGONALFACE((555,580,581,556));
#558=IFCINDEXEDPOLYGONALFACE((556,581,582,557));
#559=IFCINDEXEDPOLYGONALFACE((557,582,583,558));
#560=IFCINDEXEDPOLYGONALFACE((558,583,584,559));
#561=IFCINDEXEDPOLYGONALFACE((559,584,585,560));
#562=IFCINDEXEDPOLYGONALFACE((560,585,586,561));
#563=IFCINDEXEDPOLYGONALFACE((561,586,587,562));
#564=IFCINDEXEDPOLYGONALFACE((562,587,588,563));
#565=IFCINDEXEDPOLYGONALFACE((563,588,589,564));
#566=IFCINDEXEDPOLYGONALFACE((564,589,590,565));
#567=IFCINDEXEDPOLYGONALFACE((565,590,591,566));
#568=IFCINDEXEDPOLYGONALFACE((566,591,592,567));
#569=IFCINDEXEDPOLYGONALFACE((567,592,593,568));
#570=IFCINDEXEDPOLYGONALFACE((568,593,594,569));
#571=IFCINDEXEDPOLYGONALFACE((569,594,595,570));
#572=IFCINDEXEDPOLYGONALFACE((570,595,596,571));
#573=IFCINDEXEDPOLYGONALFACE((571,596,597,572));
#574=IFCINDEXEDPOLYGONALFACE((572,597,598,573));
#575=IFCINDEXEDPOLYGONALFACE((573,598,599,574));
#576=IFCINDEXEDPOLYGONALFACE((574,599,600,575));
#577=IFCINDEXEDPOLYGONALFACE((576,601,602,577));
#578=IFCINDEXEDPOLYGONALFACE((577,602,603,578));
#579=IFCINDEXEDPOLYGONALFACE((578,603,604,579));
#580=IFCINDEXEDPOLYGONALFACE((579,604,605,580));
#581=IFCINDEXEDPOLYGONALFACE((580,605,606,581));
#582=IFCINDEXEDPOLYGONALFACE((581,606,607,582));
#583=IFCINDEXEDPOLYGONALFACE((582,607,608,583));
#584=IFCINDEXEDPOLYGONALFACE((583,608,609,584));
#585=IFCINDEXEDPOLYGONALFACE((584,609,610,585));
#586=IFCINDEXEDPOLYGONALFACE((585,610,611,586));
#587=IFCINDEXEDPOLYGONALFACE((586,611,612,587));
#588=IFCINDEXEDPOLYGONALFACE((587,612,613,588));
#589=IFCINDEXEDPOLYGONALFACE((588,613,614,589));
#590=IFCINDEXEDPOLYGONALFACE((589,614,615,590));
#591=IFCINDEXEDPOLYGONALFACE((590,615,616,591));
#592=IFCINDEXEDPOLYGONALFACE((591,616,617,592));
#593=IFCINDEXEDPOLYGONALFACE((592,617,618,593));
#594=IFCINDEXEDPOLYGONALFACE((593,618,619,594));
#595=IFCINDEXEDPOLYGONALFACE((594,619,620,595));
#596=IFCINDEXEDPOLYGONALFACE((595,620,621,596));
#597=IFCINDEXEDPOLYGONALFACE((596,621,622,597));
#598=IFCINDEXEDPOLYGONALFACE((597,622,623,598));
#599=IFCINDEXEDPOLYGONALFACE((598,623,624,599));
#600=IFCINDEXEDPOLYGONALFACE((599,624,625,600));
#601=IFCINDEXEDPOLYGONALFACE((626,627,628,629));
#602=IFCINDEXEDPOLYGONALFACE((629,628,630,631));
#603=IFCINDEXEDPOLYGONALFACE((631,630,632,633));
#604=IFCINDEXEDPOLYGONALFACE((633,632,634,635));
#605=IFCINDEXEDPOLYGONALFACE((635,634,636,637));
#606=IFCINDEXEDPOLYGONALFACE((637,636,638,639));
#607=IFCINDEXEDPOLYGONALFACE((639,638,640,641));
#608=IFCINDEXEDPOLYGONALFACE((641,640,642,643));
#609=IFCINDEXEDPOLYGONALFACE((643,642,644,645));
#610=IFCINDEXEDPOLYGONALFACE((645,644,646,647));
#611=IFCINDEXEDPOLYGONALFACE((647,646,648,649));
#612=IFCINDEXEDPOLYGONALFACE((649,648,650,651));
#613=IFCINDEXEDPOLYGONALFACE((651,650,652,653));
#614=IFCINDEXEDPOLYGONALFACE((653,652,654,655));
#615=IFCINDEXEDPOLYGONALFACE((655,654,656,657));
#616=IFCINDEXEDPOLYGONALFACE((657,656,658,659));
#617=IFCINDEXEDPOLYGONALFACE((659,658,660,661));
#618=IFCINDEXEDPOLYGONALFACE((661,660,662,663));
#619=IFCINDEXEDPOLYGONALFACE((663,662,664,665));
#620=IFCINDEXEDPOLYGONALFACE((665,664,666,667));
#621=IFCINDEXEDPOLYGONALFACE((667,666,668,669));
#622=IFCINDEXEDPOLYGONALFACE((669,668,670,671));
#623=IFCINDEXEDPOLYGONALFACE((671,670,672,673));
#624=IFCINDEXEDPOLYGONALFACE((673,672,674,675));
#625=IFCINDEXEDPOLYGONALFACE((627,676,677,628));
#626=IFCINDEXEDPOLYGONALFACE((628,677,678,630));
#627=IFCINDEXEDPOLYGONALFACE((630,678,679,632));
#628=IFCINDEXEDPOLYGONALFACE((632,679,680,634));
#629=IFCINDEXEDPOLYGONALFACE((634,680,681,636));
#630=IFCINDEXEDPOLYGONALFACE((636,681,682,638));
#631=IFCINDEXEDPOLYGONALFACE((638,682,683,640));
#632=IFCINDEXEDPOLYGONALFACE((640,683,684,642));
#633=IFCINDEXEDPOLYGONALFACE((642,684,685,644));
#634=IFCINDEXEDPOLYGONALFACE((644,685,686,646));
#635=IFCINDEXEDPOLYGONALFACE((646,686,687,648));
#636=IFCINDEXEDPOLYGONALFACE((648,687,688,650));
#637=IFCINDEXEDPOLYGONALFACE((650,688,689,652));
#638=IFCINDEXEDPOLYGONALFACE((652,689,690,654));
#639=IFCINDEXEDPOLYGONALFACE((654,690,691,656));
#640=IFCINDEXEDPOLYGONALFACE((656,691,692,658));
#641=IFCINDEXEDPOLYGONALFACE((658,692,693,660));
#642=IFCINDEXEDPOLYGONALFACE((660,693,694,662));
#643=IFCINDEXEDPOLYGONALFACE((662,694,695,664));
#644=IFCINDEXEDPOLYGONALFACE((664,695,696,666));
#645=IFCINDEXEDPOLYGONALFACE((666,696,697,668));
#646=IFCINDEXEDPOLYGONALFACE((668,697,698,670));
#647=IFCINDEXEDPOLYGONALFACE((670,698,699,672));
#648=IFCINDEXEDPOLYGONALFACE((672,699,700,674));
#649=IFCINDEXEDPOLYGONALFACE((676,701,702,677));
#650=IFCINDEXEDPOLYGONALFACE((677,702,703,678));
#651=IFCINDEXEDPOLYGONALFACE((678,703,704,679));
#652=IFCINDEXEDPOLYGONALFACE((679,704,705,680));
#653=IFCINDEXEDPOLYGONALFACE((680,705,706,681));
#654=IFCINDEXEDPOLYGONALFACE((681,706,707,682));
#655=IFCINDEXEDPOLYGONALFACE((682,707,708,683));
#656=IFCINDEXEDPOLYGONALFACE((683,708,709,684));
#657=IFCINDEXEDPOLYGONALFACE((684,709,710,685));
#658=IFCINDEXEDPOLYGONALFACE((685,710,711,686));
#659=IFCINDEXEDPOLYGONALFACE((686,711,712,687));
#660=IFCINDEXEDPOLYGONALFACE((687,712,713,688));
#661=IFCINDEXEDPOLYGONALFACE((688,713,714,689));
#662=IFCINDEXEDPOLYGONALFACE((689,714,715,690));
#663=IFCINDEXEDPOLYGONALFACE((690,715,716,691));
#664=IFCINDEXEDPOLYGONALFACE((691,716,717,692));
#665=IFCINDEXEDPOLYGONALFACE((692,717,718,693));
#666=IFCINDEXEDPOLYGONALFACE((693,718,719,694));
#667=IFCINDEXEDPOLYGONALFACE((694,719,720,695));
#668=IFCINDEXEDPOLYGONALFACE((695,720,721,696));
#669=IFCINDEXEDPOLYGONALFACE((696,721,722,697));
#670=IFCINDEXEDPOLYGONALFACE((697,722,723,698));
#671=IFCINDEXEDPOLYGONALFACE((698,723,724,699));
#672=IFCINDEXEDPOLYGONALFACE((699,724,725,700));
#673=IFCINDEXEDPOLYGONALFACE((701,726,727,702));
#674=IFCINDEXEDPOLYGONALFACE((702,727,728,703));
#675=IFCINDEXEDPOLYGONALFACE((703,728,729,704));
#676=IFCINDEXEDPOLYGONALFACE((704,729,730,705));
#677=IFCINDEXEDPOLYGONALFACE((705,730,731,706));
#678=IFCINDEXEDPOLYGONALFACE((706,731,732,707));
#679=IFCINDEXEDPOLYGONALFACE((707,732,733,708));
#680=IFCINDEXEDPOLYGONALFACE((708,733,734,709));
#681=IFCINDEXEDPOLYGONALFACE((709,734,735,710));
#682=IFCINDEXEDPOLYGONALFACE((710,735,736,711));
#683=IFCINDEXEDPOLYGONALFACE((711,736,737,712));
#684=IFCINDEXEDPOLYGONALFACE((712,737,738,713));
#685=IFCINDEXEDPOLYGONALFACE((713,738,739,714));
#686=IFCINDEXEDPOLYGONALFACE((714,739,740,715));
#687=IFCINDEXEDPOLYGONALFACE((715,740,741,716));
#688=IFCINDEXEDPOLYGONALFACE((716,741,742,717));
#689=IFCINDEXEDPOLYGONALFACE((717,742,743,718));
#690=IFCINDEXEDPOLYGONALFACE((718,743,744,719));
#691=IFCINDEXEDPOLYGONALFACE((719,744,745,720));
#692=IFCINDEXEDPOLYGONALFACE((720,745,746,721));
#693=IFCINDEXEDPOLYGONALFACE((721,746,747,722));
#694=IFCINDEXEDPOLYGONALFACE((722,747,748,723));
#695=IFCINDEXEDPOLYGONALFACE((723,748,749,724));
#696=IFCINDEXEDPOLYGONALFACE((724,749,750,725));
#697=IFCINDEXEDPOLYGONALFACE((726,751,752,727));
#698=IFCINDEXEDPOLYGONALFACE((727,752,753,728));
#699=IFCINDEXEDPOLYGONALFACE((728,753,754,729));
#700=IFCINDEXEDPOLYGONALFACE((729,754,755,730));
#701=IFCINDEXEDPOLYGONALFACE((730,755,756,731));
#702=IFCINDEXEDPOLYGONALFACE((731,756,757,732));
#703=IFCINDEXEDPOLYGONALFACE((732,757,758,733));
#704=IFCINDEXEDPOLYGONALFACE((733,758,759,734));
#705=IFCINDEXEDPOLYGONALFACE((734,759,760,735));
#706=IFCINDEXEDPOLYGONALFACE((735,760,761,736));
#707=IFCINDEXEDPOLYGONALFACE((736,761,762,737));
#708=IFCINDEXEDPOLYGONALFACE((737,762,763,738));
#709=IFCINDEXEDPOLYGONALFACE((738,763,764,739));
#710=IFCINDEXEDPOLYGONALFACE((739,764,765,740));
#711=IFCINDEXEDPOLYGONALFACE((740,765,766,741));
#712=IFCINDEXEDPOLYGONALFACE((741,766,767,742));
#713=IFCINDEXEDPOLYGONALFACE((742,767,768,743));
#714=IFCINDEXEDPOLYGONALFACE((743,768,769,744));
#715=IFCINDEXEDPOLYGONALFACE((744,769,770,745));
#716=IFCINDEXEDPOLYGONALFACE((745,770,771,746));
#717=IFCINDEXEDPOLYGONALFACE((746,771,772,747));
#718=IFCINDEXEDPOLYGONALFACE((747,772,773,748));
#719=IFCINDEXEDPOLYGONALFACE((748,773,774,749));
#720=IFCINDEXEDPOLYGONALFACE((749,774,775,750));
#721=IFCINDEXEDPOLYGONALFACE((751,776,777,752));
#722=IFCINDEXEDPOLYGONALFACE((752,777,778,753));
#723=IFCINDEXEDPOLYGONALFACE((753,778,779,754));
#724=IFCINDEXEDPOLYGONALFACE((754,779,780,755));
#725=IFCINDEXEDPOLYGONALFACE((755,780,781,756));
#726=IFCINDEXEDPOLYGONALFACE((756,781,782,757));
#727=IFCINDEXEDPOLYGONALFACE((757,782,783,758));
#728=IFCINDEXEDPOLYGONALFACE((758,783,784,759));
#729=IFCINDEXEDPOLYGONALFACE((759,784,785,760));
#730=IFCINDEXEDPOLYGONALFACE((760,785,786,761));
#731=IFCINDEXEDPOLYGONALFACE((761,786,787,762));
#732=IFCINDEXEDPOLYGONALFACE((762,787,788,763));
#733=IFCINDEXEDPOLYGONALFACE((763,788,789,764));
#734=IFCINDEXEDPOLYGONALFACE((764,789,790,765));
#735=IFCINDEXEDPOLYGONALFACE((765,790,791,766));
#736=IFCINDEXEDPOLYGONALFACE((766,791,792,767));
#737=IFCINDEXEDPOLYGONALFACE((767,792,793,768));
#738=IFCINDEXEDPOLYGONALFACE((768,793,794,769));
#739=IFCINDEXEDPOLYGONALFACE((769,794,795,770));
#740=IFCINDEXEDPOLYGONALFACE((770,795,796,771));
#741=IFCINDEXEDPOLYGONALFACE((771,796,797,772));
#742=IFCINDEXEDPOLYGONALFACE((772,797,798,773));
#743=IFCINDEXEDPOLYGONALFACE((773,798,799,774));
#744=IFCINDEXEDPOLYGONALFACE((774,799,800,775));
#745=IFCINDEXEDPOLYGONALFACE((776,801,802,777));
#746=IFCINDEXEDPOLYGONALFACE((777,802,803,778));
#747=IFCINDEXEDPOLYGONALFACE((778,803,804,779));
#748=IFCINDEXEDPOLYGONALFACE((779,804,805,780));
#749=IFCINDEXEDPOLYGONALFACE((780,805,806,781));
#750=IFCINDEXEDPOLYGONALFACE((781,806,807,782));
#751=IFCINDEXEDPOLYGONALFACE((782,807,808,783));
#752=IFCINDEXEDPOLYGONALFACE((783,808,809,784));
#753=IFCINDEXEDPOLYGONALFACE((784,809,810,785));
#754=IFCINDEXEDPOLYGONALFACE((785,810,811,786));
#755=IFCINDEXEDPOLYGONALFACE((786,811,812,787));
#756=IFCINDEXEDPOLYGONALFACE((787,812,813,788));
#757=IFCINDEXEDPOLYGONALFACE((788,813,814,789));
#758=IFCINDEXEDPOLYGONALFACE((789,814,815,790));
#759=IFCINDEXEDPOLYGONALFACE((790,815,816,791));
#760=IFCINDEXEDPOLYGONALFACE((791,816,817,792));
#761=IFCINDEXEDPOLYGONALFACE((792,817,818,793));
#762=IFCINDEXEDPOLYGONALFACE((793,818,819,794));
#763=IFCINDEXEDPOLYGONALFACE((794,819,820,795));
#764=IFCINDEXEDPOLYGONALFACE((795,820,821,796));
#765=IFCINDEXEDPOLYGONALFACE((796,821,822,797));
#766=IFCINDEXEDPOLYGONALFACE((797,822,823,798));
#767=IFCINDEXEDPOLYGONALFACE((798,823,824,799));
#768=IFCINDEXEDPOLYGONALFACE((799,824,825,800));
#769=IFCINDEXEDPOLYGONALFACE((801,826,827,802));
#770=IFCINDEXEDPOLYGONALFACE((802,827,828,803));
#771=IFCINDEXEDPOLYGONALFACE((803,828,829,804));
#772=IFCINDEXEDPOLYGONALFACE((804,829,830,805));
#773=IFCINDEXEDPOLYGONALFACE((805,830,831,806));
#774=IFCINDEXEDPOLYGONALFACE((806,831,832,807));
#775=IFCINDEXEDPOLYGONALFACE((807,832,833,808));
#776=IFCINDEXEDPOLYGONALFACE((808,833,834,809));
#777=IFCINDEXEDPOLYGONALFACE((809,834,835,810));
#778=IFCINDEXEDPOLYGONALFACE((810,835,836,811));
#779=IFCINDEXEDPOLYGONALFACE((811,836,837,812));
#780=IFCINDEXEDPOLYGONALFACE((812,837,838,813));
#781=IFCINDEXEDPOLYGONALFACE((813,838,839,814));
#782=IFCINDEXEDPOLYGONALFACE((814,839,840,815));
#783=IFCINDEXEDPOLYGONALFACE((815,840,841,816));
#784=IFCINDEXEDPOLYGONALFACE((816,841,842,817));
#785=IFCINDEXEDPOLYGONALFACE((817,842,843,818));
#786=IFCINDEXEDPOLYGONALFACE((818,843,844,819));
#787=IFCINDEXEDPOLYGONALFACE((819,844,845,820));
#788=IFCINDEXEDPOLYGONALFACE((820,845,846,821));
#789=IFCINDEXEDPOLYGONALFACE((821,846,847,822));
#790=IFCINDEXEDPOLYGONALFACE((822,847,848,823));
#791=IFCINDEXEDPOLYGONALFACE((823,848,849,824));
#792=IFCINDEXEDPOLYGONALFACE((824,849,850,825));
#793=IFCINDEXEDPOLYGONALFACE((826,851,852,827));
#794=IFCINDEXEDPOLYGONALFACE((827,852,853,828));
#795=IFCINDEXEDPOLYGONALFACE((828,853,854,829));
#796=IFCINDEXEDPOLYGONALFACE((829,854,855,830));
#797=IFCINDEXEDPOLYGONALFACE((830,855,856,831));
#798=IFCINDEXEDPOLYGONALFACE((831,856,857,832));
#799=IFCINDEXEDPOLYGONALFACE((832,857,858,833));
#800=IFCINDEXEDPOLYGONALFACE((833,858,859,834));
#801=IFCINDEXEDPOLYGONALFACE((834,859,860,835));
#802=IFCINDEXEDPOLYGONALFACE((835,860,861,836));
#803=IFCINDEXEDPOLYGONALFACE((836,861,862,837));
#804=IFCINDEXEDPOLYGONALFACE((837,862,863,838));
#805=IFCINDEXEDPOLYGONALFACE((838,863,864,839));
#806=IFCINDEXEDPOLYGONALFACE((839,864,865,840));
#807=IFCINDEXEDPOLYGONALFACE((840,865,866,841));
#808=IFCINDEXEDPOLYGONALFACE((841,866,867,842));
#809=IFCINDEXEDPOLYGONALFACE((842,867,868,843));
#810=IFCINDEXEDPOLYGONALFACE((843,868,869,844));
#811=IFCINDEXEDPOLYGONALFACE((844,869,870,845));
#812=IFCINDEXEDPOLYGONALFACE((845,870,871,846));
#813=IFCINDEXEDPOLYGONALFACE((846,871,872,847));
#814=IFCINDEXEDPOLYGONALFACE((847,872,873,848));
#815=IFCINDEXEDPOLYGONALFACE((848,873,874,849));
#816=IFCINDEXEDPOLYGONALFACE((849,874,875,850));
#817=IFCINDEXEDPOLYGONALFACE((851,876,877,852));
#818=IFCINDEXEDPOLYGONALFACE((852,877,878,853));
#819=IFCINDEXEDPOLYGONALFACE((853,878,879,854));
#820=IFCINDEXEDPOLYGONALFACE((854,879,880,855));
#821=IFCINDEXEDPOLYGONALFACE((855,880,881,856));
#822=IFCINDEXEDPOLYGONALFACE((856,881,882,857));
#823=IFCINDEXEDPOLYGONALFACE((857,882,883,858));
#824=IFCINDEXEDPOLYGONALFACE((858,883,884,859));
#825=IFCINDEXEDPOLYGONALFACE((859,884,885,860));
#826=IFCINDEXEDPOLYGONALFACE((860,885,886,861));
#827=IFCINDEXEDPOLYGONALFACE((861,886,887,862));
#828=IFCINDEXEDPOLYGONALFACE((862,887,888,863));
#829=IFCINDEXEDPOLYGONALFACE((863,888,889,864));
#830=IFCINDEXEDPOLYGONALFACE((864,889,890,865));
#831=IFCINDEXEDPOLYGONALFACE((865,890,891,866));
#832=IFCINDEXEDPOLYGONALFACE((866,891,892,867));
#833=IFCINDEXEDPOLYGONALFACE((867,892,893,868));
#834=IFCINDEXEDPOLYGONALFACE((868,893,894,869));
#835=IFCINDEXEDPOLYGONALFACE((869,894,895,870));
#836=IFCINDEXEDPOLYGONALFACE((870,895,896,871));
#837=IFCINDEXEDPOLYGONALFACE((871,896,897,872));
#838=IFCINDEXEDPOLYGONALFACE((872,897,898,873));
#839=IFCINDEXEDPOLYGONALFACE((873,898,899,874));
#840=IFCINDEXEDPOLYGONALFACE((874,899,900,875));
#841=IFCINDEXEDPOLYGONALFACE((876,901,902,877));
#842=IFCINDEXEDPOLYGONALFACE((877,902,903,878));
#843=IFCINDEXEDPOLYGONALFACE((878,903,904,879));
#844=IFCINDEXEDPOLYGONALFACE((879,904,905,880));
#845=IFCINDEXEDPOLYGONALFACE((880,905,906,881));
#846=IFCINDEXEDPOLYGONALFACE((881,906,907,882));
#847=IFCINDEXEDPOLYGONALFACE((882,907,908,883));
#848=IFCINDEXEDPOLYGONALFACE((883,908,909,884));
#849=IFCINDEXEDPOLYGONALFACE((884,909,910,885));
#850=IFCINDEXEDPOLYGONALFACE((885,910,911,886));
#851=IFCINDEXEDPOLYGONALFACE((886,911,912,887));
#852=IFCINDEXEDPOLYGONALFACE((887,912,913,888));
#853=IFCINDEXEDPOLYGONALFACE((888,913,914,889));
#854=IFCINDEXEDPOLYGONALFACE((889,914,915,890));
#855=IFCINDEXEDPOLYGONALFACE((890,915,916,891));
#856=IFCINDEXEDPOLYGONALFACE((891,916,917,892));
#857=IFCINDEXEDPOLYGONALFACE((892,917,918,893));
#858=IFCINDEXEDPOLYGONALFACE((893,918,919,894));
#859=IFCINDEXEDPOLYGONALFACE((894,919,920,895));
#860=IFCINDEXEDPOLYGONALFACE((895,920,921,896));
#861=IFCINDEXEDPOLYGONALFACE((896,921,922,897));
#862=IFCINDEXEDPOLYGONALFACE((897,922,923,898));
#863=IFCINDEXEDPOLYGONALFACE((898,923,924,899));
#864=IFCINDEXEDPOLYGONALFACE((899,924,925,900));
#865=IFCINDEXEDPOLYGONALFACE((901,926,927,902));
#866=IFCINDEXEDPOLYGONALFACE((902,927,928,903));
#867=IFCINDEXEDPOLYGONALFACE((903,928,929,904));
#868=IFCINDEXEDPOLYGONALFACE((904,929,930,905));
#869=IFCINDEXEDPOLYGONALFACE((905,930,931,906));
#870=IFCINDEXEDPOLYGONALFACE((906,931,932,907));
#871=IFCINDEXEDPOLYGONALFACE((907,932,933,908));
#872=IFCINDEXEDPOLYGONALFACE((908,933,934,909));
#873=IFCINDEXEDPOLYGONALFACE((909,934,935,910));
#874=IFCINDEXEDPOLYGONALFACE((910,935,936,911));
#875=IFCINDEXEDPOLYGONALFACE((911,936,937,912));
#876=IFCINDEXEDPOLYGONALFACE((912,937,938,913));
#877=IFCINDEXEDPOLYGONALFACE((913,938,939,914));
#878=IFCINDEXEDPOLYGONALFACE((914,939,940,915));
#879=IFCINDEXEDPOLYGONALFACE((915,940,941,916));
#880=IFCINDEXEDPOLYGONALFACE((916,941,942,917));
#881=IFCINDEXEDPOLYGONALFACE((917,942,943,918));
#882=IFCINDEXEDPOLYGONALFACE((918,943,944,919));
#883=IFCINDEXEDPOLYGONALFACE((919,944,945,920));
#884=IFCINDEXEDPOLYGONALFACE((920,945,946,921));
#885=IFCINDEXEDPOLYGONALFACE((921,946,947,922));
#886=IFCINDEXEDPOLYGONALFACE((922,947,948,923));
#887=IFCINDEXEDPOLYGONALFACE((923,948,949,924));
#888=IFCINDEXEDPOLYGONALFACE((924,949,950,925));
#889=IFCINDEXEDPOLYGONALFACE((926,951,952,927));
#890=IFCINDEXEDPOLYGONALFACE((927,952,953,928));
#891=IFCINDEXEDPOLYGONALFACE((928,953,954,929));
#892=IFCINDEXEDPOLYGONALFACE((929,954,955,930));
#893=IFCINDEXEDPOLYGONALFACE((930,955,956,931));
#894=IFCINDEXEDPOLYGONALFACE((931,956,957,932));
#895=IFCINDEXEDPOLYGONALFACE((932,957,958,933));
#896=IFCINDEXEDPOLYGONALFACE((933,958,959,934));
#897=IFCINDEXEDPOLYGONALFACE((934,959,960,935));
#898=IFCINDEXEDPOLYGONALFACE((935,960,961,936));
#899=IFCINDEXEDPOLYGONALFACE((936,961,962,937));
#900=IFCINDEXEDPOLYGONALFACE((937,962,963,938));
#901=IFCINDEXEDPOLYGONALFACE((938,963,964,939));
#902=IFCINDEXEDPOLYGONALFACE((939,964,965,940));
#903=IFCINDEXEDPOLYGONALFACE((940,965,966,941));
#904=IFCINDEXEDPOLYGONALFACE((941,966,967,942));
#905=IFCINDEXEDPOLYGONALFACE((942,967,968,943));
#906=IFCINDEXEDPOLYGONALFACE((943,968,969,944));
#907=IFCINDEXEDPOLYGONALFACE((944,969,970,945));
#908=IFCINDEXEDPOLYGONALFACE((945,970,971,946));
#909=IFCINDEXEDPOLYGONALFACE((946,971,972,947));
#910=IFCINDEXEDPOLYGONALFACE((947,972,973,948));
#911=IFCINDEXEDPOLYGONALFACE((948,973,974,949));
#912=IFCINDEXEDPOLYGONALFACE((949,974,975,950));
#913=IFCINDEXEDPOLYGONALFACE((951,976,977,952));
#914=IFCINDEXEDPOLYGONALFACE((952,977,978,953));
#915=IFCINDEXEDPOLYGONALFACE((953,978,979,954));
#916=IFCINDEXEDPOLYGONALFACE((954,979,980,955));
#917=IFCINDEXEDPOLYGONALFACE((955,980,981,956));
#918=IFCINDEXEDPOLYGONALFACE((956,981,982,957));
#919=IFCINDEXEDPOLYGONALFACE((957,982,983,958));
#920=IFCINDEXEDPOLYGONALFACE((958,983,984,959));
#921=IFCINDEXEDPOLYGONALFACE((959,984,985,960));
#922=IFCINDEXEDPOLYGONALFACE((960,985,986,961));
#923=IFCINDEXEDPOLYGONALFACE((961,986,987,962));
#924=IFCINDEXEDPOLYGONALFACE((962,987,988,963));
#925=IFCINDEXEDPOLYGONALFACE((963,988,989,964));
#926=IFCINDEXEDPOLYGONALFACE((964,989,990,965));
#927=IFCINDEXEDPOLYGONALFACE((965,990,991,966));
#928=IFCINDEXEDPOLYGONALFACE((966,991,992,967));
#929=IFCINDEXEDPOLYGONALFACE((967,992,993,968));
#930=IFCINDEXEDPOLYGONALFACE((968,993,994,969));
#931=IFCINDEXEDPOLYGONALFACE((969,994,995,970));
#932=IFCINDEXEDPOLYGONALFACE((970,995,996,971));
#933=IFCINDEXEDPOLYGONALFACE((971,996,997,972));
#934=IFCINDEXEDPOLYGONALFACE((972,997,998,973));
#935=IFCINDEXEDPOLYGONALFACE((973,998,999,974));
#936=IFCINDEXEDPOLYGONALFACE((974,999,1000,975));
#937=IFCINDEXEDPOLYGONALFACE((976,1001,1002,977));
#938=IFCINDEXEDPOLYGONALFACE((977,1002,1003,978));
#939=IFCINDEXEDPOLYGONALFACE((978,1003,1004,979));
#940=IFCINDEXEDPOLYGONALFACE((979,1004,1005,980));
#941=IFCINDEXEDPOLYGONALFACE((980,1005,1006,981));
#942=IFCINDEXEDPOLYGONALFACE((981,1006,1007,982));
#943=IFCINDEXEDPOLYGONALFACE((982,1007,1008,983));
#944=IFCINDEXEDPOLYGONALFACE((983,1008,1009,984));
#945=IFCINDEXEDPOLYGONALFACE((984,1009,1010,985));
#946=IFCINDEXEDPOLYGONALFACE((985,1010,1011,986));
#947=IFCINDEXEDPOLYGONALFACE((986,1011,1012,987));
#948=IFCINDEXEDPOLYGONALFACE((987,1012,1013,988));
#949=IFCINDEXEDPOLYGONALFACE((988,1013,1014,989));
#950=IFCINDEXEDPOLYGONALFACE((989,1014,1015,990));
#951=IFCINDEXEDPOLYGONALFACE((990,1015,1016,991));
#952=IFCINDEXEDPOLYGONALFACE((991,1016,1017,992));
#953=IFCINDEXEDPOLYGONALFACE((992,1017,1018,993));
#954=IFCINDEXEDPOLYGONALFACE((993,1018,1019,994));
#955=IFCINDEXEDPOLYGONALFACE((994,1019,1020,995));
#956=IFCINDEXEDPOLYGONALFACE((995,1020,1021,996));
#957=IFCINDEXEDPOLYGONALFACE((996,1021,1022,997));
#958=IFCINDEXEDPOLYGONALFACE((997,1022,1023,998));
#959=IFCINDEXEDPOLYGONALFACE((998,1023,1024,999));
#960=IFCINDEXEDPOLYGONALFACE((999,1024,1025,1000));
#961=IFCINDEXEDPOLYGONALFACE((1001,1026,1027,1002));
#962=IFCINDEXEDPOLYGONALFACE((1002,1027,1028,1003));
#963=IFCINDEXEDPOLYGONALFACE((1003,1028,1029,1004));
#964=IFCINDEXEDPOLYGONALFACE((1004,1029,1030,1005));
#965=IFCINDEXEDPOLYGONALFACE((1005,1030,1031,1006));
#966=IFCINDEXEDPOLYGONALFACE((1006,1031,1032,1007));
#967=IFCINDEXEDPOLYGONALFACE((1007,1032,1033,1008));
#968=IFCINDEXEDPOLYGONALFACE((1008,1033,1034,1009));
#969=IFCINDEXEDPOLYGONALFACE((1009,1034,1035,1010));
#970=IFCINDEXEDPOLYGONALFACE((1010,1035,1036,1011));
#971=IFCINDEXEDPOLYGONALFACE((1011,1036,1037,1012));
#972=IFCINDEXEDPOLYGONALFACE((1012,1037,1038,1013));
#973=IFCINDEXEDPOLYGONALFACE((1013,1038,1039,1014));
#974=IFCINDEXEDPOLYGONALFACE((1014,1039,1040,1015));
#975=IFCINDEXEDPOLYGONALFACE((1015,1040,1041,1016));
#976=IFCINDEXEDPOLYGONALFACE((1016,1041,1042,1017));
#977=IFCINDEXEDPOLYGONALFACE((1017,1042,1043,1018));
#978=IFCINDEXEDPOLYGONALFACE((1018,1043,1044,1019));
#979=IFCINDEXEDPOLYGONALFACE((1019,1044,1045,1020));
#980=IFCINDEXEDPOLYGONALFACE((1020,1045,1046,1021));
#981=IFCINDEXEDPOLYGONALFACE((1021,1046,1047,1022));
#982=IFCINDEXEDPOLYGONALFACE((1022,1047,1048,1023));
#983=IFCINDEXEDPOLYGONALFACE((1023,1048,1049,1024));
#984=IFCINDEXEDPOLYGONALFACE((1024,1049,1050,1025));
#985=IFCINDEXEDPOLYGONALFACE((1026,1051,1052,1027));
#986=IFCINDEXEDPOLYGONALFACE((1027,1052,1053,1028));
#987=IFCINDEXEDPOLYGONALFACE((1028,1053,1054,1029));
#988=IFCINDEXEDPOLYGONALFACE((1029,1054,1055,1030));
#989=IFCINDEXEDPOLYGONALFACE((1030,1055,1056,1031));
#990=IFCINDEXEDPOLYGONALFACE((1031,1056,1057,1032));
#991=IFCINDEXEDPOLYGONALFACE((1032,1057,1058,1033));
#992=IFCINDEXEDPOLYGONALFACE((1033,1058,1059,1034));
#993=IFCINDEXEDPOLYGONALFACE((1034,1059,1060,1035));
#994=IFCINDEXEDPOLYGONALFACE((1035,1060,1061,1036));
#995=IFCINDEXEDPOLYGONALFACE((1036,1061,1062,1037));
#996=IFCINDEXEDPOLYGONALFACE((1037,1062,1063,1038));
#997=IFCINDEXEDPOLYGONALFACE((1038,1063,1064,1039));
#998=IFCINDEXEDPOLYGONALFACE((1039,1064,1065,1040));
#999=IFCINDEXEDPOLYGONALFACE((1040,1065,1066,1041));
#1000=IFCINDEXEDPOLYGONALFACE((1041,1066,1067,1042));
#1001=IFCINDEXEDPOLYGONALFACE((1042,1067,1068,1043));
#1002=IFCINDEXEDPOLYGONALFACE((1043,1068,1069,1044));
#1003=IFCINDEXEDPOLYGONALFACE((1044,1069,1070,1045));
#1004=IFCINDEXEDPOLYGONALFACE((1045,1070,1071,1046));
#1005=IFCINDEXEDPOLYGONALFACE((1046,1071,1072,1047));
#1006=IFCINDEXEDPOLYGONALFACE((1047,1072,1073,1048));
#1007=IFCINDEXEDPOLYGONALFACE((1048,1073,1074,1049));
#1008=IFCINDEXEDPOLYGONALFACE((1049,1074,1075,1050));
#1009=IFCINDEXEDPOLYGONALFACE((1051,1076,1077,1052));
#1010=IFCINDEXEDPOLYGONALFACE((1052,1077,1078,1053));
#1011=IFCINDEXEDPOLYGONALFACE((1053,1078,1079,1054));
#1012=IFCINDEXEDPOLYGONALFACE((1054,1079,1080,1055));
#1013=IFCINDEXEDPOLYGONALFACE((1055,1080,1081,1056));
#1014=IFCINDEXEDPOLYGONALFACE((1056,1081,1082,1057));
#1015=IFCINDEXEDPOLYGONALFACE((1057,1082,1083,1058));
#1016=IFCINDEXEDPOLYGONALFACE((1058,1083,1084,1059));
#1017=IFCINDEXEDPOLYGONALFACE((1059,1084,1085,1060));
#1018=IFCINDEXEDPOLYGONALFACE((1060,1085,1086,1061));
#1019=IFCINDEXEDPOLYGONALFACE((1061,1086,1087,1062));
#1020=IFCINDEXEDPOLYGONALFACE((1062,1087,1088,1063));
#1021=IFCINDEXEDPOLYGONALFACE((1063,1088,1089,1064));
#1022=IFCINDEXEDPOLYGONALFACE((1064,1089,1090,1065));
#1023=IFCINDEXEDPOLYGONALFACE((1065,1090,1091,1066));
#1024=IFCINDEXEDPOLYGONALFACE((1066,1091,1092,1067));
#1025=IFCINDEXEDPOLYGONALFACE((1067,1092,1093,1068));
#1026=IFCINDEXEDPOLYGONALFACE((1068,1093,1094,1069));
#1027=IFCINDEXEDPOLYGONALFACE((1069,1094,1095,1070));
#1028=IFCINDEXEDPOLYGONALFACE((1070,1095,1096,1071));
#1029=IFCINDEXEDPOLYGONALFACE((1071,1096,1097,1072));
#1030=IFCINDEXEDPOLYGONALFACE((1072,1097,1098,1073));
#1031=IFCINDEXEDPOLYGONALFACE((1073,1098,1099,1074));
#1032=IFCINDEXEDPOLYGONALFACE((1074,1099,1100,1075));
#1033=IFCINDEXEDPOLYGONALFACE((1076,1101,1102,1077));
#1034=IFCINDEXEDPOLYGONALFACE((1077,1102,1103,1078));
#1035=IFCINDEXEDPOLYGONALFACE((1078,1103,1104,1079));
#1036=IFCINDEXEDPOLYGONALFACE((1079,1104,1105,1080));
#1037=IFCINDEXEDPOLYGONALFACE((1080,1105,1106,1081));
#1038=IFCINDEXEDPOLYGONALFACE((1081,1106,1107,1082));
#1039=IFCINDEXEDPOLYGONALFACE((1082,1107,1108,1083));
#1040=IFCINDEXEDPOLYGONALFACE((1083,1108,1109,1084));
#1041=IFCINDEXEDPOLYGONALFACE((1084,1109,1110,1085));
#1042=IFCINDEXEDPOLYGONALFACE((1085,1110,1111,1086));
#1043=IFCINDEXEDPOLYGONALFACE((1086,1111,1112,1087));
#1044=IFCINDEXEDPOLYGONALFACE((1087,1112,1113,1088));
#1045=IFCINDEXEDPOLYGONALFACE((1088,1113,1114,1089));
#1046=IFCINDEXEDPOLYGONALFACE((1089,1114,1115,1090));
#1047=IFCINDEXEDPOLYGONALFACE((1090,1115,1116,1091));
#1048=IFCINDEXEDPOLYGONALFACE((1091,1116,1117,1092));
#1049=IFCINDEXEDPOLYGONALFACE((1092,1117,1118,1093));
#1050=IFCINDEXEDPOLYGONALFACE((1093,1118,1119,1094));
#1051=IFCINDEXEDPOLYGONALFACE((1094,1119,1120,1095));
#1052=IFCINDEXEDPOLYGONALFACE((1095,1120,1121,1096));
#1053=IFCINDEXEDPOLYGONALFACE((1096,1121,1122,1097));
#1054=IFCINDEXEDPOLYGONALFACE((1097,1122,1123,1098));
#1055=IFCINDEXEDPOLYGONALFACE((1098,1123,1124,1099));
#1056=IFCINDEXEDPOLYGONALFACE((1099,1124,1125,1100));
#1057=IFCINDEXEDPOLYGONALFACE((1101,1126,1127,1102));
#1058=IFCINDEXEDPOLYGONALFACE((1102,1127,1128,1103));
#1059=IFCINDEXEDPOLYGONALFACE((1103,1128,1129,1104));
#1060=IFCINDEXEDPOLYGONALFACE((1104,1129,1130,1105));
#1061=IFCINDEXEDPOLYGONALFACE((1105,1130,1131,1106));
#1062=IFCINDEXEDPOLYGONALFACE((1106,1131,1132,1107));
#1063=IFCINDEXEDPOLYGONALFACE((1107,1132,1133,1108));
#1064=IFCINDEXEDPOLYGONALFACE((1108,1133,1134,1109));
#1065=IFCINDEXEDPOLYGONALFACE((1109,1134,1135,1110));
#1066=IFCINDEXEDPOLYGONALFACE((1110,1135,1136,1111));
#1067=IFCINDEXEDPOLYGONALFACE((1111,1136,1137,1112));
#1068=IFCINDEXEDPOLYGONALFACE((1112,1137,1138,1113));
#1069=IFCINDEXEDPOLYGONALFACE((1113,1138,1139,1114));
#1070=IFCINDEXEDPOLYGONALFACE((1114,1139,1140,1115));
#1071=IFCINDEXEDPOLYGONALFACE((1115,1140,1141,1116));
#1072=IFCINDEXEDPOLYGONALFACE((1116,1141,1142,1117));
#1073=IFCINDEXEDPOLYGONALFACE((1117,1142,1143,1118));
#1074=IFCINDEXEDPOLYGONALFACE((1118,1143,1144,1119));
#1075=IFCINDEXEDPOLYGONALFACE((1119,1144,1145,1120));
#1076=IFCINDEXEDPOLYGONALFACE((1120,1145,1146,1121));
#1077=IFCINDEXEDPOLYGONALFACE((1121,1146,1147,1122));
#1078=IFCINDEXEDPOLYGONALFACE((1122,1147,1148,1123));
#1079=IFCINDEXEDPOLYGONALFACE((1123,1148,1149,1124));
#1080=IFCINDEXEDPOLYGONALFACE((1124,1149,1150,1125));
#1081=IFCINDEXEDPOLYGONALFACE((1126,1151,1152,1127));
#1082=IFCINDEXEDPOLYGONALFACE((1127,1152,1153,1128));
#1083=IFCINDEXEDPOLYGONALFACE((1128,1153,1154,1129));
#1084=IFCINDEXEDPOLYGONALFACE((1129,1154,1155,1130));
#1085=IFCINDEXEDPOLYGONALFACE((1130,1155,1156,1131));
#1086=IFCINDEXEDPOLYGONALFACE((1131,1156,1157,1132));
#1087=IFCINDEXEDPOLYGONALFACE((1132,1157,1158,1133));
#1088=IFCINDEXEDPOLYGONALFACE((1133,1158,1159,1134));
#1089=IFCINDEXEDPOLYGONALFACE((1134,1159,1160,1135));
#1090=IFCINDEXEDPOLYGONALFACE((1135,1160,1161,1136));
#1091=IFCINDEXEDPOLYGONALFACE((1136,1161,1162,1137));
#1092=IFCINDEXEDPOLYGONALFACE((1137,1162,1163,1138));
#1093=IFCINDEXEDPOLYGONALFACE((1138,1163,1164,1139));
#1094=IFCINDEXEDPOLYGONALFACE((1139,1164,1165,1140));
#1095=IFCINDEXEDPOLYGONALFACE((1140,1165,1166,1141));
#1096=IFCINDEXEDPOLYGONALFACE((1141,1166,1167,1142));
#1097=IFCINDEXEDPOLYGONALFACE((1142,1167,1168,1143));
#1098=IFCINDEXEDPOLYGONALFACE((1143,1168,1169,1144));
#1099=IFCINDEXEDPOLYGONALFACE((1144,1169,1170,1145));
#1100=IFCINDEXEDPOLYGONALFACE((1145,1170,1171,1146));
#1101=IFCINDEXEDPOLYGONALFACE((1146,1171,1172,1147));
#1102=IFCINDEXEDPOLYGONALFACE((1147,1172,1173,1148));
#1103=IFCINDEXEDPOLYGONALFACE((1148,1173,1174,1149));
#1104=IFCINDEXEDPOLYGONALFACE((1149,1174,1175,1150));
#1105=IFCINDEXEDPOLYGONALFACE((1151,1176,1177,1152));
#1106=IFCINDEXEDPOLYGONALFACE((1152,1177,1178,1153));
#1107=IFCINDEXEDPOLYGONALFACE((1153,1178,1179,1154));
#1108=IFCINDEXEDPOLYGONALFACE((1154,1179,1180,1155));
#1109=IFCINDEXEDPOLYGONALFACE((1155,1180,1181,1156));
#1110=IFCINDEXEDPOLYGONALFACE((1156,1181,1182,1157));
#1111=IFCINDEXEDPOLYGONALFACE((1157,1182,1183,1158));
#1112=IFCINDEXEDPOLYGONALFACE((1158,1183,1184,1159));
#1113=IFCINDEXEDPOLYGONALFACE((1159,1184,1185,1160));
#1114=IFCINDEXEDPOLYGONALFACE((1160,1185,1186,1161));
#1115=IFCINDEXEDPOLYGONALFACE((1161,1186,1187,1162));
#1116=IFCINDEXEDPOLYGONALFACE((1162,1187,1188,1163));
#1117=IFCINDEXEDPOLYGONALFACE((1163,1188,1189,1164));
#1118=IFCINDEXEDPOLYGONALFACE((1164,1189,1190,1165));
#1119=IFCINDEXEDPOLYGONALFACE((1165,1190,1191,1166));
#1120=IFCINDEXEDPOLYGONALFACE((1166,1191,1192,1167));
#1121=IFCINDEXEDPOLYGONALFACE((1167,1192,1193,1168));
#1122=IFCINDEXEDPOLYGONALFACE((1168,1193,1194,1169));
#1123=IFCINDEXEDPOLYGONALFACE((1169,1194,1195,1170));
#1124=IFCINDEXEDPOLYGONALFACE((1170,1195,1196,1171));
#1125=IFCINDEXEDPOLYGONALFACE((1171,1196,1197,1172));
#1126=IFCINDEXEDPOLYGONALFACE((1172,1197,1198,1173));
#1127=IFCINDEXEDPOLYGONALFACE((1173,1198,1199,1174));
#1128=IFCINDEXEDPOLYGONALFACE((1174,1199,1200,1175));
#1129=IFCINDEXEDPOLYGONALFACE((1176,1201,1202,1177));
#1130=IFCINDEXEDPOLYGONALFACE((1177,1202,1203,1178));
#1131=IFCINDEXEDPOLYGONALFACE((1178,1203,1204,1179));
#1132=IFCINDEXEDPOLYGONALFACE((1179,1204,1205,1180));
#1133=IFCINDEXEDPOLYGONALFACE((1180,1205,1206,1181));
#1134=IFCINDEXEDPOLYGONALFACE((1181,1206,1207,1182));
#1135=IFCINDEXEDPOLYGONALFACE((1182,1207,1208,1183));
#1136=IFCINDEXEDPOLYGONALFACE((1183,1208,1209,1184));
#1137=IFCINDEXEDPOLYGONALFACE((1184,1209,1210,1185));
#1138=IFCINDEXEDPOLYGONALFACE((1185,1210,1211,1186));
#1139=IFCINDEXEDPOLYGONALFACE((1186,1211,1212,1187));
#1140=IFCINDEXEDPOLYGONALFACE((1187,1212,1213,1188));
#1141=IFCINDEXEDPOLYGONALFACE((1188,1213,1214,1189));
#1142=IFCINDEXEDPOLYGONALFACE((1189,1214,1215,1190));
#1143=IFCINDEXEDPOLYGONALFACE((1190,1215,1216,1191));
#1144=IFCINDEXEDPOLYGONALFACE((1191,1216,1217,1192));
#1145=IFCINDEXEDPOLYGONALFACE((1192,1217,1218,1193));
#1146=IFCINDEXEDPOLYGONALFACE((1193,1218,1219,1194));
#1147=IFCINDEXEDPOLYGONALFACE((1194,1219,1220,1195));
#1148=IFCINDEXEDPOLYGONALFACE((1195,1220,1221,1196));
#1149=IFCINDEXEDPOLYGONALFACE((1196,1221,1222,1197));
#1150=IFCINDEXEDPOLYGONALFACE((1197,1222,1223,1198));
#1151=IFCINDEXEDPOLYGONALFACE((1198,1223,1224,1199));
#1152=IFCINDEXEDPOLYGONALFACE((1199,1224,1225,1200));
#1153=IFCINDEXEDPOLYGONALFACE((1201,1226,1227,1202));
#1154=IFCINDEXEDPOLYGONALFACE((1202,1227,1228,1203));
#1155=IFCINDEXEDPOLYGONALFACE((1203,1228,1229,1204));
#1156=IFCINDEXEDPOLYGONALFACE((1204,1229,1230,1205));
#1157=IFCINDEXEDPOLYGONALFACE((1205,1230,1231,1206));
#1158=IFCINDEXEDPOLYGONALFACE((1206,1231,1232,1207));
#1159=IFCINDEXEDPOLYGONALFACE((1207,1232,1233,1208));
#1160=IFCINDEXEDPOLYGONALFACE((1208,1233,1234,1209));
#1161=IFCINDEXEDPOLYGONALFACE((1209,1234,1235,1210));
#1162=IFCINDEXEDPOLYGONALFACE((1210,1235,1236,1211));
#1163=IFCINDEXEDPOLYGONALFACE((1211,1236,1237,1212));
#1164=IFCINDEXEDPOLYGONALFACE((1212,1237,1238,1213));
#1165=IFCINDEXEDPOLYGONALFACE((1213,1238,1239,1214));
#1166=IFCINDEXEDPOLYGONALFACE((1214,1239,1240,1215));
#1167=IFCINDEXEDPOLYGONALFACE((1215,1240,1241,1216));
#1168=IFCINDEXEDPOLYGONALFACE((1216,1241,1242,1217));
#1169=IFCINDEXEDPOLYGONALFACE((1217,1242,1243,1218));
#1170=IFCINDEXEDPOLYGONALFACE((1218,1243,1244,1219));
#1171=IFCINDEXEDPOLYGONALFACE((1219,1244,1245,1220));
#1172=IFCINDEXEDPOLYGONALFACE((1220,1245,1246,1221));
#1173=IFCINDEXEDPOLYGONALFACE((1221,1246,1247,1222));
#1174=IFCINDEXEDPOLYGONALFACE((1222,1247,1248,1223));
#1175=IFCINDEXEDPOLYGONALFACE((1223,1248,1249,1224));
#1176=IFCINDEXEDPOLYGONALFACE((1224,1249,1250,1225));
#1177=IFCINDEXEDPOLYGONALFACE((50,49,1251,1252));
#1178=IFCINDEXEDPOLYGONALFACE((1252,1251,1253,1254));
#1179=IFCINDEXEDPOLYGONALFACE((1254,1253,1255,1256));
#1180=IFCINDEXEDPOLYGONALFACE((1256,1255,1257,1258));
#1181=IFCINDEXEDPOLYGONALFACE((1258,1257,1259,1260));
#1182=IFCINDEXEDPOLYGONALFACE((1260,1259,1261,1262));
#1183=IFCINDEXEDPOLYGONALFACE((1262,1261,1263,1264));
#1184=IFCINDEXEDPOLYGONALFACE((1264,1263,1265,1266));
#1185=IFCINDEXEDPOLYGONALFACE((1266,1265,1267,1268));
#1186=IFCINDEXEDPOLYGONALFACE((1268,1267,1269,1270));
#1187=IFCINDEXEDPOLYGONALFACE((1270,1269,1271,1272));
#1188=IFCINDEXEDPOLYGONALFACE((1272,1271,1273,1274));
#1189=IFCINDEXEDPOLYGONALFACE((1274,1273,1275,1276));
#1190=IFCINDEXEDPOLYGONALFACE((1276,1275,1277,1278));
#1191=IFCINDEXEDPOLYGONALFACE((1278,1277,1279,1280));
#1192=IFCINDEXEDPOLYGONALFACE((1280,1279,1281,1282));
#1193=IFCINDEXEDPOLYGONALFACE((1282,1281,1283,1284));
#1194=IFCINDEXEDPOLYGONALFACE((1284,1283,1285,1286));
#1195=IFCINDEXEDPOLYGONALFACE((1286,1285,1287,1288));
#1196=IFCINDEXEDPOLYGONALFACE((1288,1287,1289,1290));
#1197=IFCINDEXEDPOLYGONALFACE((1290,1289,1291,1292));
#1198=IFCINDEXEDPOLYGONALFACE((1292,1291,1293,1294));
#1199=IFCINDEXEDPOLYGONALFACE((1294,1293,1295,1296));
#1200=IFCINDEXEDPOLYGONALFACE((1296,1295,627,626));
#1201=IFCINDEXEDPOLYGONALFACE((49,75,1297,1251));
#1202=IFCINDEXEDPOLYGONALFACE((1251,1297,1298,1253));
#1203=IFCINDEXEDPOLYGONALFACE((1253,1298,1299,1255));
#1204=IFCINDEXEDPOLYGONALFACE((1255,1299,1300,1257));
#1205=IFCINDEXEDPOLYGONALFACE((1257,1300,1301,1259));
#1206=IFCINDEXEDPOLYGONALFACE((1259,1301,1302,1261));
#1207=IFCINDEXEDPOLYGONALFACE((1261,1302,1303,1263));
#1208=IFCINDEXEDPOLYGONALFACE((1263,1303,1304,1265));
#1209=IFCINDEXEDPOLYGONALFACE((1265,1304,1305,1267));
#1210=IFCINDEXEDPOLYGONALFACE((1267,1305,1306,1269));
#1211=IFCINDEXEDPOLYGONALFACE((1269,1306,1307,1271));
#1212=IFCINDEXEDPOLYGONALFACE((1271,1307,1308,1273));
#1213=IFCINDEXEDPOLYGONALFACE((1273,1308,1309,1275));
#1214=IFCINDEXEDPOLYGONALFACE((1275,1309,1310,1277));
#1215=IFCINDEXEDPOLYGONALFACE((1277,1310,1311,1279));
#1216=IFCINDEXEDPOLYGONALFACE((1279,1311,1312,1281));
#1217=IFCINDEXEDPOLYGONALFACE((1281,1312,1313,1283));
#1218=IFCINDEXEDPOLYGONALFACE((1283,1313,1314,1285));
#1219=IFCINDEXEDPOLYGONALFACE((1285,1314,1315,1287));
#1220=IFCINDEXEDPOLYGONALFACE((1287,1315,1316,1289));
#1221=IFCINDEXEDPOLYGONALFACE((1289,1316,1317,1291));
#1222=IFCINDEXEDPOLYGONALFACE((1291,1317,1318,1293));
#1223=IFCINDEXEDPOLYGONALFACE((1293,1318,1319,1295));
#1224=IFCINDEXEDPOLYGONALFACE((1295,1319,676,627));
#1225=IFCINDEXEDPOLYGONALFACE((75,100,1320,1297));
#1226=IFCINDEXEDPOLYGONALFACE((1297,1320,1321,1298));
#1227=IFCINDEXEDPOLYGONALFACE((1298,1321,1322,1299));
#1228=IFCINDEXEDPOLYGONALFACE((1299,1322,1323,1300));
#1229=IFCINDEXEDPOLYGONALFACE((1300,1323,1324,1301));
#1230=IFCINDEXEDPOLYGONALFACE((1301,1324,1325,1302));
#1231=IFCINDEXEDPOLYGONALFACE((1302,1325,1326,1303));
#1232=IFCINDEXEDPOLYGONALFACE((1303,1326,1327,1304));
#1233=IFCINDEXEDPOLYGONALFACE((1304,1327,1328,1305));
#1234=IFCINDEXEDPOLYGONALFACE((1305,1328,1329,1306));
#1235=IFCINDEXEDPOLYGONALFACE((1306,1329,1330,1307));
#1236=IFCINDEXEDPOLYGONALFACE((1307,1330,1331,1308));
#1237=IFCINDEXEDPOLYGONALFACE((1308,1331,1332,1309));
#1238=IFCINDEXEDPOLYGONALFACE((1309,1332,1333,1310));
#1239=IFCINDEXEDPOLYGONALFACE((1310,1333,1334,1311));
#1240=IFCINDEXEDPOLYGONALFACE((1311,1334,1335,1312));
#1241=IFCINDEXEDPOLYGONALFACE((1312,1335,1336,1313));
#1242=IFCINDEXEDPOLYGONALFACE((1313,1336,1337,1314));
#1243=IFCINDEXEDPOLYGONALFACE((1314,1337,1338,1315));
#1244=IFCINDEXEDPOLYGONALFACE((1315,1338,1339,1316));
#1245=IFCINDEXEDPOLYGONALFACE((1316,1339,1340,1317));
#1246=IFCINDEXEDPOLYGONALFACE((1317,1340,1341,1318));
#1247=IFCINDEXEDPOLYGONALFACE((1318,1341,1342,1319));
#1248=IFCINDEXEDPOLYGONALFACE((1319,1342,701,676));
#1249=IFCINDEXEDPOLYGONALFACE((100,125,1343,1320));
#1250=IFCINDEXEDPOLYGONALFACE((1320,1343,1344,1321));
#1251=IFCINDEXEDPOLYGONALFACE((1321,1344,1345,1322));
#1252=IFCINDEXEDPOLYGONALFACE((1322,1345,1346,1323));
#1253=IFCINDEXEDPOLYGONALFACE((1323,1346,1347,1324));
#1254=IFCINDEXEDPOLYGONALFACE((1324,1347,1348,1325));
#1255=IFCINDEXEDPOLYGONALFACE((1325,1348,1349,1326));
#1256=IFCINDEXEDPOLYGONALFACE((1326,1349,1350,1327));
#1257=IFCINDEXEDPOLYGONALFACE((1327,1350,1351,1328));
#1258=IFCINDEXEDPOLYGONALFACE((1328,1351,1352,1329));
#1259=IFCINDEXEDPOLYGONALFACE((1329,1352,1353,1330));
#1260=IFCINDEXEDPOLYGONALFACE((1330,1353,1354,1331));
#1261=IFCINDEXEDPOLYGONALFACE((1331,1354,1355,1332));
#1262=IFCINDEXEDPOLYGONALFACE((1332,1355,1356,1333));
#1263=IFCINDEXEDPOLYGONALFACE((1333,1356,1357,1334));
#1264=IFCINDEXEDPOLYGONALFACE((1334,1357,1358,1335));
#1265=IFCINDEXEDPOLYGONALFACE((1335,1358,1359,1336));
#1266=IFCINDEXEDPOLYGONALFACE((1336,1359,1360,1337));
#1267=IFCINDEXEDPOLYGONALFACE((1337,1360,1361,1338));
#1268=IFCINDEXEDPOLYGONALFACE((1338,1361,1362,1339));
#1269=IFCINDEXEDPOLYGONALFACE((1339,1362,1363,1340));
#1270=IFCINDEXEDPOLYGONALFACE((1340,1363,1364,1341));
#1271=IFCINDEXEDPOLYGONALFACE((1341,1364,1365,1342));
#1272=IFCINDEXEDPOLYGONALFACE((1342,1365,726,701));
#1273=IFCINDEXEDPOLYGONALFACE((125,150,1366,1343));
#1274=IFCINDEXEDPOLYGONALFACE((1343,1366,1367,1344));
#1275=IFCINDEXEDPOLYGONALFACE((1344,1367,1368,1345));
#1276=IFCINDEXEDPOLYGONALFACE((1345,1368,1369,1346));
#1277=IFCINDEXEDPOLYGONALFACE((1346,1369,1370,1347));
#1278=IFCINDEXEDPOLYGONALFACE((1347,1370,1371,1348));
#1279=IFCINDEXEDPOLYGONALFACE((1348,1371,1372,1349));
#1280=IFCINDEXEDPOLYGONALFACE((1349,1372,1373,1350));
#1281=IFCINDEXEDPOLYGONALFACE((1350,1373,1374,1351));
#1282=IFCINDEXEDPOLYGONALFACE((1351,1374,1375,1352));
#1283=IFCINDEXEDPOLYGONALFACE((1352,1375,1376,1353));
#1284=IFCINDEXEDPOLYGONALFACE((1353,1376,1377,1354));
#1285=IFCINDEXEDPOLYGONALFACE((1354,1377,1378,1355));
#1286=IFCINDEXEDPOLYGONALFACE((1355,1378,1379,1356));
#1287=IFCINDEXEDPOLYGONALFACE((1356,1379,1380,1357));
#1288=IFCINDEXEDPOLYGONALFACE((1357,1380,1381,1358));
#1289=IFCINDEXEDPOLYGONALFACE((1358,1381,1382,1359));
#1290=IFCINDEXEDPOLYGONALFACE((1359,1382,1383,1360));
#1291=IFCINDEXEDPOLYGONALFACE((1360,1383,1384,1361));
#1292=IFCINDEXEDPOLYGONALFACE((1361,1384,1385,1362));
#1293=IFCINDEXEDPOLYGONALFACE((1362,1385,1386,1363));
#1294=IFCINDEXEDPOLYGONALFACE((1363,1386,1387,1364));
#1295=IFCINDEXEDPOLYGONALFACE((1364,1387,1388,1365));
#1296=IFCINDEXEDPOLYGONALFACE((1365,1388,751,726));
#1297=IFCINDEXEDPOLYGONALFACE((150,175,1389,1366));
#1298=IFCINDEXEDPOLYGONALFACE((1366,1389,1390,1367));
#1299=IFCINDEXEDPOLYGONALFACE((1367,1390,1391,1368));
#1300=IFCINDEXEDPOLYGONALFACE((1368,1391,1392,1369));
#1301=IFCINDEXEDPOLYGONALFACE((1369,1392,1393,1370));
#1302=IFCINDEXEDPOLYGONALFACE((1370,1393,1394,1371));
#1303=IFCINDEXEDPOLYGONALFACE((1371,1394,1395,1372));
#1304=IFCINDEXEDPOLYGONALFACE((1372,1395,1396,1373));
#1305=IFCINDEXEDPOLYGONALFACE((1373,1396,1397,1374));
#1306=IFCINDEXEDPOLYGONALFACE((1374,1397,1398,1375));
#1307=IFCINDEXEDPOLYGONALFACE((1375,1398,1399,1376));
#1308=IFCINDEXEDPOLYGONALFACE((1376,1399,1400,1377));
#1309=IFCINDEXEDPOLYGONALFACE((1377,1400,1401,1378));
#1310=IFCINDEXEDPOLYGONALFACE((1378,1401,1402,1379));
#1311=IFCINDEXEDPOLYGONALFACE((1379,1402,1403,1380));
#1312=IFCINDEXEDPOLYGONALFACE((1380,1403,1404,1381));
#1313=IFCINDEXEDPOLYGONALFACE((1381,1404,1405,1382));
#1314=IFCINDEXEDPOLYGONALFACE((1382,1405,1406,1383));
#1315=IFCINDEXEDPOLYGONALFACE((1383,1406,1407,1384));
#1316=IFCINDEXEDPOLYGONALFACE((1384,1407,1408,1385));
#1317=IFCINDEXEDPOLYGONALFACE((1385,1408,1409,1386));
#1318=IFCINDEXEDPOLYGONALFACE((1386,1409,1410,1387));
#1319=IFCINDEXEDPOLYGONALFACE((1387,1410,1411,1388));
#1320=IFCINDEXEDPOLYGONALFACE((1388,1411,776,751));
#1321=IFCINDEXEDPOLYGONALFACE((175,200,1412,1389));
#1322=IFCINDEXEDPOLYGONALFACE((1389,1412,1413,1390));
#1323=IFCINDEXEDPOLYGONALFACE((1390,1413,1414,1391));
#1324=IFCINDEXEDPOLYGONALFACE((1391,1414,1415,1392));
#1325=IFCINDEXEDPOLYGONALFACE((1392,1415,1416,1393));
#1326=IFCINDEXEDPOLYGONALFACE((1393,1416,1417,1394));
#1327=IFCINDEXEDPOLYGONALFACE((1394,1417,1418,1395));
#1328=IFCINDEXEDPOLYGONALFACE((1395,1418,1419,1396));
#1329=IFCINDEXEDPOLYGONALFACE((1396,1419,1420,1397));
#1330=IFCINDEXEDPOLYGONALFACE((1397,1420,1421,1398));
#1331=IFCINDEXEDPOLYGONALFACE((1398,1421,1422,1399));
#1332=IFCINDEXEDPOLYGONALFACE((1399,1422,1423,1400));
#1333=IFCINDEXEDPOLYGONALFACE((1400,1423,1424,1401));
#1334=IFCINDEXEDPOLYGONALFACE((1401,1424,1425,1402));
#1335=IFCINDEXEDPOLYGONALFACE((1402,1425,1426,1403));
#1336=IFCINDEXEDPOLYGONALFACE((1403,1426,1427,1404));
#1337=IFCINDEXEDPOLYGONALFACE((1404,1427,1428,1405));
#1338=IFCINDEXEDPOLYGONALFACE((1405,1428,1429,1406));
#1339=IFCINDEXEDPOLYGONALFACE((1406,1429,1430,1407));
#1340=IFCINDEXEDPOLYGONALFACE((1407,1430,1431,1408));
#1341=IFCINDEXEDPOLYGONALFACE((1408,1431,1432,1409));
#1342=IFCINDEXEDPOLYGONALFACE((1409,1432,1433,1410));
#1343=IFCINDEXEDPOLYGONALFACE((1410,1433,1434,1411));
#1344=IFCINDEXEDPOLYGONALFACE((1411,1434,801,776));
#1345=IFCINDEXEDPOLYGONALFACE((200,225,1435,1412));
#1346=IFCINDEXEDPOLYGONALFACE((1412,1435,1436,1413));
#1347=IFCINDEXEDPOLYGONALFACE((1413,1436,1437,1414));
#1348=IFCINDEXEDPOLYGONALFACE((1414,1437,1438,1415));
#1349=IFCINDEXEDPOLYGONALFACE((1415,1438,1439,1416));
#1350=IFCINDEXEDPOLYGONALFACE((1416,1439,1440,1417));
#1351=IFCINDEXEDPOLYGONALFACE((1417,1440,1441,1418));
#1352=IFCINDEXEDPOLYGONALFACE((1418,1441,1442,1419));
#1353=IFCINDEXEDPOLYGONALFACE((1419,1442,1443,1420));
#1354=IFCINDEXEDPOLYGONALFACE((1420,1443,1444,1421));
#1355=IFCINDEXEDPOLYGONALFACE((1421,1444,1445,1422));
#1356=IFCINDEXEDPOLYGONALFACE((1422,1445,1446,1423));
#1357=IFCINDEXEDPOLYGONALFACE((1423,1446,1447,1424));
#1358=IFCINDEXEDPOLYGONALFACE((1424,1447,1448,1425));
#1359=IFCINDEXEDPOLYGONALFACE((1425,1448,1449,1426));
#1360=IFCINDEXEDPOLYGONALFACE((1426,1449,1450,1427));
#1361=IFCINDEXEDPOLYGONALFACE((1427,1450,1451,1428));
#1362=IFCINDEXEDPOLYGONALFACE((1428,1451,1452,1429));
#1363=IFCINDEXEDPOLYGONALFACE((1429,1452,1453,1430));
#1364=IFCINDEXEDPOLYGONALFACE((1430,1453,1454,1431));
#1365=IFCINDEXEDPOLYGONALFACE((1431,1454,1455,1432));
#1366=IFCINDEXEDPOLYGONALFACE((1432,1455,1456,1433));
#1367=IFCINDEXEDPOLYGONALFACE((1433,1456,1457,1434));
#1368=IFCINDEXEDPOLYGONALFACE((1434,1457,826,801));
#1369=IFCINDEXEDPOLYGONALFACE((225,250,1458,1435));
#1370=IFCINDEXEDPOLYGONALFACE((1435,1458,1459,1436));
#1371=IFCINDEXEDPOLYGONALFACE((1436,1459,1460,1437));
#1372=IFCINDEXEDPOLYGONALFACE((1437,1460,1461,1438));
#1373=IFCINDEXEDPOLYGONALFACE((1438,1461,1462,1439));
#1374=IFCINDEXEDPOLYGONALFACE((1439,1462,1463,1440));
#1375=IFCINDEXEDPOLYGONALFACE((1440,1463,1464,1441));
#1376=IFCINDEXEDPOLYGONALFACE((1441,1464,1465,1442));
#1377=IFCINDEXEDPOLYGONALFACE((1442,1465,1466,1443));
#1378=IFCINDEXEDPOLYGONALFACE((1443,1466,1467,1444));
#1379=IFCINDEXEDPOLYGONALFACE((1444,1467,1468,1445));
#1380=IFCINDEXEDPOLYGONALFACE((1445,1468,1469,1446));
#1381=IFCINDEXEDPOLYGONALFACE((1446,1469,1470,1447));
#1382=IFCINDEXEDPOLYGONALFACE((1447,1470,1471,1448));
#1383=IFCINDEXEDPOLYGONALFACE((1448,1471,1472,1449));
#1384=IFCINDEXEDPOLYGONALFACE((1449,1472,1473,1450));
#1385=IFCINDEXEDPOLYGONALFACE((1450,1473,1474,1451));
#1386=IFCINDEXEDPOLYGONALFACE((1451,1474,1475,1452));
#1387=IFCINDEXEDPOLYGONALFACE((1452,1475,1476,1453));
#1388=IFCINDEXEDPOLYGONALFACE((1453,1476,1477,1454));
#1389=IFCINDEXEDPOLYGONALFACE((1454,1477,1478,1455));
#1390=IFCINDEXEDPOLYGONALFACE((1455,1478,1479,1456));
#1391=IFCINDEXEDPOLYGONALFACE((1456,1479,1480,1457));
#1392=IFCINDEXEDPOLYGONALFACE((1457,1480,851,826));
#1393=IFCINDEXEDPOLYGONALFACE((250,275,1481,1458));
#1394=IFCINDEXEDPOLYGONALFACE((1458,1481,1482,1459));
#1395=IFCINDEXEDPOLYGONALFACE((1459,1482,1483,1460));
#1396=IFCINDEXEDPOLYGONALFACE((1460,1483,1484,1461));
#1397=IFCINDEXEDPOLYGONALFACE((1461,1484,1485,1462));
#1398=IFCINDEXEDPOLYGONALFACE((1462,1485,1486,1463));
#1399=IFCINDEXEDPOLYGONALFACE((1463,1486,1487,1464));
#1400=IFCINDEXEDPOLYGONALFACE((1464,1487,1488,1465));
#1401=IFCINDEXEDPOLYGONALFACE((1465,1488,1489,1466));
#1402=IFCINDEXEDPOLYGONALFACE((1466,1489,1490,1467));
#1403=IFCINDEXEDPOLYGONALFACE((1467,1490,1491,1468));
#1404=IFCINDEXEDPOLYGONALFACE((1468,1491,1492,1469));
#1405=IFCINDEXEDPOLYGONALFACE((1469,1492,1493,1470));
#1406=IFCINDEXEDPOLYGONALFACE((1470,1493,1494,1471));
#1407=IFCINDEXEDPOLYGONALFACE((1471,1494,1495,1472));
#1408=IFCINDEXEDPOLYGONALFACE((1472,1495,1496,1473));
#1409=IFCINDEXEDPOLYGONALFACE((1473,1496,1497,1474));
#1410=IFCINDEXEDPOLYGONALFACE((1474,1497,1498,1475));
#1411=IFCINDEXEDPOLYGONALFACE((1475,1498,1499,1476));
#1412=IFCINDEXEDPOLYGONALFACE((1476,1499,1500,1477));
#1413=IFCINDEXEDPOLYGONALFACE((1477,1500,1501,1478));
#1414=IFCINDEXEDPOLYGONALFACE((1478,1501,1502,1479));
#1415=IFCINDEXEDPOLYGONALFACE((1479,1502,1503,1480));
#1416=IFCINDEXEDPOLYGONALFACE((1480,1503,876,851));
#1417=IFCINDEXEDPOLYGONALFACE((275,300,1504,1481));
#1418=IFCINDEXEDPOLYGONALFACE((1481,1504,1505,1482));
#1419=IFCINDEXEDPOLYGONALFACE((1482,1505,1506,1483));
#1420=IFCINDEXEDPOLYGONALFACE((1483,1506,1507,1484));
#1421=IFCINDEXEDPOLYGONALFACE((1484,1507,1508,1485));
#1422=IFCINDEXEDPOLYGONALFACE((1485,1508,1509,1486));
#1423=IFCINDEXEDPOLYGONALFACE((1486,1509,1510,1487));
#1424=IFCINDEXEDPOLYGONALFACE((1487,1510,1511,1488));
#1425=IFCINDEXEDPOLYGONALFACE((1488,1511,1512,1489));
#1426=IFCINDEXEDPOLYGONALFACE((1489,1512,1513,1490));
#1427=IFCINDEXEDPOLYGONALFACE((1490,1513,1514,1491));
#1428=IFCINDEXEDPOLYGONALFACE((1491,1514,1515,1492));
#1429=IFCINDEXEDPOLYGONALFACE((1492,1515,1516,1493));
#1430=IFCINDEXEDPOLYGONALFACE((1493,1516,1517,1494));
#1431=IFCINDEXEDPOLYGONALFACE((1494,1517,1518,1495));
#1432=IFCINDEXEDPOLYGONALFACE((1495,1518,1519,1496));
#1433=IFCINDEXEDPOLYGONALFACE((1496,1519,1520,1497));
#1434=IFCINDEXEDPOLYGONALFACE((1497,1520,1521,1498));
#1435=IFCINDEXEDPOLYGONALFACE((1498,1521,1522,1499));
#1436=IFCINDEXEDPOLYGONALFACE((1499,1522,1523,1500));
#1437=IFCINDEXEDPOLYGONALFACE((1500,1523,1524,1501));
#1438=IFCINDEXEDPOLYGONALFACE((1501,1524,1525,1502));
#1439=IFCINDEXEDPOLYGONALFACE((1502,1525,1526,1503));
#1440=IFCINDEXEDPOLYGONALFACE((1503,1526,901,876));
#1441=IFCINDEXEDPOLYGONALFACE((300,325,1527,1504));
#1442=IFCINDEXEDPOLYGONALFACE((1504,1527,1528,1505));
#1443=IFCINDEXEDPOLYGONALFACE((1505,1528,1529,1506));
#1444=IFCINDEXEDPOLYGONALFACE((1506,1529,1530,1507));
#1445=IFCINDEXEDPOLYGONALFACE((1507,1530,1531,1508));
#1446=IFCINDEXEDPOLYGONALFACE((1508,1531,1532,1509));
#1447=IFCINDEXEDPOLYGONALFACE((1509,1532,1533,1510));
#1448=IFCINDEXEDPOLYGONALFACE((1510,1533,1534,1511));
#1449=IFCINDEXEDPOLYGONALFACE((1511,1534,1535,1512));
#1450=IFCINDEXEDPOLYGONALFACE((1512,1535,1536,1513));
#1451=IFCINDEXEDPOLYGONALFACE((1513,1536,1537,1514));
#1452=IFCINDEXEDPOLYGONALFACE((1514,1537,1538,1515));
#1453=IFCINDEXEDPOLYGONALFACE((1515,1538,1539,1516));
#1454=IFCINDEXEDPOLYGONALFACE((1516,1539,1540,1517));
#1455=IFCINDEXEDPOLYGONALFACE((1517,1540,1541,1518));
#1456=IFCINDEXEDPOLYGONALFACE((1518,1541,1542,1519));
#1457=IFCINDEXEDPOLYGONALFACE((1519,1542,1543,1520));
#1458=IFCINDEXEDPOLYGONALFACE((1520,1543,1544,1521));
#1459=IFCINDEXEDPOLYGONALFACE((1521,1544,1545,1522));
#1460=IFCINDEXEDPOLYGONALFACE((1522,1545,1546,1523));
#1461=IFCINDEXEDPOLYGONALFACE((1523,1546,1547,1524));
#1462=IFCINDEXEDPOLYGONALFACE((1524,1547,1548,1525));
#1463=IFCINDEXEDPOLYGONALFACE((1525,1548,1549,1526));
#1464=IFCINDEXEDPOLYGONALFACE((1526,1549,926,901));
#1465=IFCINDEXEDPOLYGONALFACE((325,350,1550,1527));
#1466=IFCINDEXEDPOLYGONALFACE((1527,1550,1551,1528));
#1467=IFCINDEXEDPOLYGONALFACE((1528,1551,1552,1529));
#1468=IFCINDEXEDPOLYGONALFACE((1529,1552,1553,1530));
#1469=IFCINDEXEDPOLYGONALFACE((1530,1553,1554,1531));
#1470=IFCINDEXEDPOLYGONALFACE((1531,1554,1555,1532));
#1471=IFCINDEXEDPOLYGONALFACE((1532,1555,1556,1533));
#1472=IFCINDEXEDPOLYGONALFACE((1533,1556,1557,1534));
#1473=IFCINDEXEDPOLYGONALFACE((1534,1557,1558,1535));
#1474=IFCINDEXEDPOLYGONALFACE((1535,1558,1559,1536));
#1475=IFCINDEXEDPOLYGONALFACE((1536,1559,1560,1537));
#1476=IFCINDEXEDPOLYGONALFACE((1537,1560,1561,1538));
#1477=IFCINDEXEDPOLYGONALFACE((1538,1561,1562,1539));
#1478=IFCINDEXEDPOLYGONALFACE((1539,1562,1563,1540));
#1479=IFCINDEXEDPOLYGONALFACE((1540,1563,1564,1541));
#1480=IFCINDEXEDPOLYGONALFACE((1541,1564,1565,1542));
#1481=IFCINDEXEDPOLYGONALFACE((1542,1565,1566,1543));
#1482=IFCINDEXEDPOLYGONALFACE((1543,1566,1567,1544));
#1483=IFCINDEXEDPOLYGONALFACE((1544,1567,1568,1545));
#1484=IFCINDEXEDPOLYGONALFACE((1545,1568,1569,1546));
#1485=IFCINDEXEDPOLYGONALFACE((1546,1569,1570,1547));
#1486=IFCINDEXEDPOLYGONALFACE((1547,1570,1571,1548));
#1487=IFCINDEXEDPOLYGONALFACE((1548,1571,1572,1549));
#1488=IFCINDEXEDPOLYGONALFACE((1549,1572,951,926));
#1489=IFCINDEXEDPOLYGONALFACE((350,375,1573,1550));
#1490=IFCINDEXEDPOLYGONALFACE((1550,1573,1574,1551));
#1491=IFCINDEXEDPOLYGONALFACE((1551,1574,1575,1552));
#1492=IFCINDEXEDPOLYGONALFACE((1552,1575,1576,1553));
#1493=IFCINDEXEDPOLYGONALFACE((1553,1576,1577,1554));
#1494=IFCINDEXEDPOLYGONALFACE((1554,1577,1578,1555));
#1495=IFCINDEXEDPOLYGONALFACE((1555,1578,1579,1556));
#1496=IFCINDEXEDPOLYGONALFACE((1556,1579,1580,1557));
#1497=IFCINDEXEDPOLYGONALFACE((1557,1580,1581,1558));
#1498=IFCINDEXEDPOLYGONALFACE((1558,1581,1582,1559));
#1499=IFCINDEXEDPOLYGONALFACE((1559,1582,1583,1560));
#1500=IFCINDEXEDPOLYGONALFACE((1560,1583,1584,1561));
#1501=IFCINDEXEDPOLYGONALFACE((1561,1584,1585,1562));
#1502=IFCINDEXEDPOLYGONALFACE((1562,1585,1586,1563));
#1503=IFCINDEXEDPOLYGONALFACE((1563,1586,1587,1564));
#1504=IFCINDEXEDPOLYGONALFACE((1564,1587,1588,1565));
#1505=IFCINDEXEDPOLYGONALFACE((1565,1588,1589,1566));
#1506=IFCINDEXEDPOLYGONALFACE((1566,1589,1590,1567));
#1507=IFCINDEXEDPOLYGONALFACE((1567,1590,1591,1568));
#1508=IFCINDEXEDPOLYGONALFACE((1568,1591,1592,1569));
#1509=IFCINDEXEDPOLYGONALFACE((1569,1592,1593,1570));
#1510=IFCINDEXEDPOLYGONALFACE((1570,1593,1594,1571));
#1511=IFCINDEXEDPOLYGONALFACE((1571,1594,1595,1572));
#1512=IFCINDEXEDPOLYGONALFACE((1572,1595,976,951));
#1513=IFCINDEXEDPOLYGONALFACE((375,400,1596,1573));
#1514=IFCINDEXEDPOLYGONALFACE((1573,1596,1597,1574));
#1515=IFCINDEXEDPOLYGONALFACE((1574,1597,1598,1575));
#1516=IFCINDEXEDPOLYGONALFACE((1575,1598,1599,1576));
#1517=IFCINDEXEDPOLYGONALFACE((1576,1599,1600,1577));
#1518=IFCINDEXEDPOLYGONALFACE((1577,1600,1601,1578));
#1519=IFCINDEXEDPOLYGONALFACE((1578,1601,1602,1579));
#1520=IFCINDEXEDPOLYGONALFACE((1579,1602,1603,1580));
#1521=IFCINDEXEDPOLYGONALFACE((1580,1603,1604,1581));
#1522=IFCINDEXEDPOLYGONALFACE((1581,1604,1605,1582));
#1523=IFCINDEXEDPOLYGONALFACE((1582,1605,1606,1583));
#1524=IFCINDEXEDPOLYGONALFACE((1583,1606,1607,1584));
#1525=IFCINDEXEDPOLYGONALFACE((1584,1607,1608,1585));
#1526=IFCINDEXEDPOLYGONALFACE((1585,1608,1609,1586));
#1527=IFCINDEXEDPOLYGONALFACE((1586,1609,1610,1587));
#1528=IFCINDEXEDPOLYGONALFACE((1587,1610,1611,1588));
#1529=IFCINDEXEDPOLYGONALFACE((1588,1611,1612,1589));
#1530=IFCINDEXEDPOLYGONALFACE((1589,1612,1613,1590));
#1531=IFCINDEXEDPOLYGONALFACE((1590,1613,1614,1591));
#1532=IFCINDEXEDPOLYGONALFACE((1591,1614,1615,1592));
#1533=IFCINDEXEDPOLYGONALFACE((1592,1615,1616,1593));
#1534=IFCINDEXEDPOLYGONALFACE((1593,1616,1617,1594));
#1535=IFCINDEXEDPOLYGONALFACE((1594,1617,1618,1595));
#1536=IFCINDEXEDPOLYGONALFACE((1595,1618,1001,976));
#1537=IFCINDEXEDPOLYGONALFACE((400,425,1619,1596));
#1538=IFCINDEXEDPOLYGONALFACE((1596,1619,1620,1597));
#1539=IFCINDEXEDPOLYGONALFACE((1597,1620,1621,1598));
#1540=IFCINDEXEDPOLYGONALFACE((1598,1621,1622,1599));
#1541=IFCINDEXEDPOLYGONALFACE((1599,1622,1623,1600));
#1542=IFCINDEXEDPOLYGONALFACE((1600,1623,1624,1601));
#1543=IFCINDEXEDPOLYGONALFACE((1601,1624,1625,1602));
#1544=IFCINDEXEDPOLYGONALFACE((1602,1625,1626,1603));
#1545=IFCINDEXEDPOLYGONALFACE((1603,1626,1627,1604));
#1546=IFCINDEXEDPOLYGONALFACE((1604,1627,1628,1605));
#1547=IFCINDEXEDPOLYGONALFACE((1605,1628,1629,1606));
#1548=IFCINDEXEDPOLYGONALFACE((1606,1629,1630,1607));
#1549=IFCINDEXEDPOLYGONALFACE((1607,1630,1631,1608));
#1550=IFCINDEXEDPOLYGONALFACE((1608,1631,1632,1609));
#1551=IFCINDEXEDPOLYGONALFACE((1609,1632,1633,1610));
#1552=IFCINDEXEDPOLYGONALFACE((1610,1633,1634,1611));
#1553=IFCINDEXEDPOLYGONALFACE((1611,1634,1635,1612));
#1554=IFCINDEXEDPOLYGONALFACE((1612,1635,1636,1613));
#1555=IFCINDEXEDPOLYGONALFACE((1613,1636,1637,1614));
#1556=IFCINDEXEDPOLYGONALFACE((1614,1637,1638,1615));
#1557=IFCINDEXEDPOLYGONALFACE((1615,1638,1639,1616));
#1558=IFCINDEXEDPOLYGONALFACE((1616,1639,1640,1617));
#1559=IFCINDEXEDPOLYGONALFACE((1617,1640,1641,1618));
#1560=IFCINDEXEDPOLYGONALFACE((1618,1641,1026,1001));
#1561=IFCINDEXEDPOLYGONALFACE((425,450,1642,1619));
#1562=IFCINDEXEDPOLYGONALFACE((1619,1642,1643,1620));
#1563=IFCINDEXEDPOLYGONALFACE((1620,1643,1644,1621));
#1564=IFCINDEXEDPOLYGONALFACE((1621,1644,1645,1622));
#1565=IFCINDEXEDPOLYGONALFACE((1622,1645,1646,1623));
#1566=IFCINDEXEDPOLYGONALFACE((1623,1646,1647,1624));
#1567=IFCINDEXEDPOLYGONALFACE((1624,1647,1648,1625));
#1568=IFCINDEXEDPOLYGONALFACE((1625,1648,1649,1626));
#1569=IFCINDEXEDPOLYGONALFACE((1626,1649,1650,1627));
#1570=IFCINDEXEDPOLYGONALFACE((1627,1650,1651,1628));
#1571=IFCINDEXEDPOLYGONALFACE((1628,1651,1652,1629));
#1572=IFCINDEXEDPOLYGONALFACE((1629,1652,1653,1630));
#1573=IFCINDEXEDPOLYGONALFACE((1630,1653,1654,1631));
#1574=IFCINDEXEDPOLYGONALFACE((1631,1654,1655,1632));
#1575=IFCINDEXEDPOLYGONALFACE((1632,1655,1656,1633));
#1576=IFCINDEXEDPOLYGONALFACE((1633,1656,1657,1634));
#1577=IFCINDEXEDPOLYGONALFACE((1634,1657,1658,1635));
#1578=IFCINDEXEDPOLYGONALFACE((1635,1658,1659,1636));
#1579=IFCINDEXEDPOLYGONALFACE((1636,1659,1660,1637));
#1580=IFCINDEXEDPOLYGONALFACE((1637,1660,1661,1638));
#1581=IFCINDEXEDPOLYGONALFACE((1638,1661,1662,1639));
#1582=IFCINDEXEDPOLYGONALFACE((1639,1662,1663,1640));
#1583=IFCINDEXEDPOLYGONALFACE((1640,1663,1664,1641));
#1584=IFCINDEXEDPOLYGONALFACE((1641,1664,1051,1026));
#1585=IFCINDEXEDPOLYGONALFACE((450,475,1665,1642));
#1586=IFCINDEXEDPOLYGONALFACE((1642,1665,1666,1643));
#1587=IFCINDEXEDPOLYGONALFACE((1643,1666,1667,1644));
#1588=IFCINDEXEDPOLYGONALFACE((1644,1667,1668,1645));
#1589=IFCINDEXEDPOLYGONALFACE((1645,1668,1669,1646));
#1590=IFCINDEXEDPOLYGONALFACE((1646,1669,1670,1647));
#1591=IFCINDEXEDPOLYGONALFACE((1647,1670,1671,1648));
#1592=IFCINDEXEDPOLYGONALFACE((1648,1671,1672,1649));
#1593=IFCINDEXEDPOLYGONALFACE((1649,1672,1673,1650));
#1594=IFCINDEXEDPOLYGONALFACE((1650,1673,1674,1651));
#1595=IFCINDEXEDPOLYGONALFACE((1651,1674,1675,1652));
#1596=IFCINDEXEDPOLYGONALFACE((1652,1675,1676,1653));
#1597=IFCINDEXEDPOLYGONALFACE((1653,1676,1677,1654));
#1598=IFCINDEXEDPOLYGONALFACE((1654,1677,1678,1655));
#1599=IFCINDEXEDPOLYGONALFACE((1655,1678,1679,1656));
#1600=IFCINDEXEDPOLYGONALFACE((1656,1679,1680,1657));
#1601=IFCINDEXEDPOLYGONALFACE((1657,1680,1681,1658));
#1602=IFCINDEXEDPOLYGONALFACE((1658,1681,1682,1659));
#1603=IFCINDEXEDPOLYGONALFACE((1659,1682,1683,1660));
#1604=IFCINDEXEDPOLYGONALFACE((1660,1683,1684,1661));
#1605=IFCINDEXEDPOLYGONALFACE((1661,1684,1685,1662));
#1606=IFCINDEXEDPOLYGONALFACE((1662,1685,1686,1663));
#1607=IFCINDEXEDPOLYGONALFACE((1663,1686,1687,1664));
#1608=IFCINDEXEDPOLYGONALFACE((1664,1687,1076,1051));
#1609=IFCINDEXEDPOLYGONALFACE((475,500,1688,1665));
#1610=IFCINDEXEDPOLYGONALFACE((1665,1688,1689,1666));
#1611=IFCINDEXEDPOLYGONALFACE((1666,1689,1690,1667));
#1612=IFCINDEXEDPOLYGONALFACE((1667,1690,1691,1668));
#1613=IFCINDEXEDPOLYGONALFACE((1668,1691,1692,1669));
#1614=IFCINDEXEDPOLYGONALFACE((1669,1692,1693,1670));
#1615=IFCINDEXEDPOLYGONALFACE((1670,1693,1694,1671));
#1616=IFCINDEXEDPOLYGONALFACE((1671,1694,1695,1672));
#1617=IFCINDEXEDPOLYGONALFACE((1672,1695,1696,1673));
#1618=IFCINDEXEDPOLYGONALFACE((1673,1696,1697,1674));
#1619=IFCINDEXEDPOLYGONALFACE((1674,1697,1698,1675));
#1620=IFCINDEXEDPOLYGONALFACE((1675,1698,1699,1676));
#1621=IFCINDEXEDPOLYGONALFACE((1676,1699,1700,1677));
#1622=IFCINDEXEDPOLYGONALFACE((1677,1700,1701,1678));
#1623=IFCINDEXEDPOLYGONALFACE((1678,1701,1702,1679));
#1624=IFCINDEXEDPOLYGONALFACE((1679,1702,1703,1680));
#1625=IFCINDEXEDPOLYGONALFACE((1680,1703,1704,1681));
#1626=IFCINDEXEDPOLYGONALFACE((1681,1704,1705,1682));
#1627=IFCINDEXEDPOLYGONALFACE((1682,1705,1706,1683));
#1628=IFCINDEXEDPOLYGONALFACE((1683,1706,1707,1684));
#1629=IFCINDEXEDPOLYGONALFACE((1684,1707,1708,1685));
#1630=IFCINDEXEDPOLYGONALFACE((1685,1708,1709,1686));
#1631=IFCINDEXEDPOLYGONALFACE((1686,1709,1710,1687));
#1632=IFCINDEXEDPOLYGONALFACE((1687,1710,1101,1076));
#1633=IFCINDEXEDPOLYGONALFACE((500,525,1711,1688));
#1634=IFCINDEXEDPOLYGONALFACE((1688,1711,1712,1689));
#1635=IFCINDEXEDPOLYGONALFACE((1689,1712,1713,1690));
#1636=IFCINDEXEDPOLYGONALFACE((1690,1713,1714,1691));
#1637=IFCINDEXEDPOLYGONALFACE((1691,1714,1715,1692));
#1638=IFCINDEXEDPOLYGONALFACE((1692,1715,1716,1693));
#1639=IFCINDEXEDPOLYGONALFACE((1693,1716,1717,1694));
#1640=IFCINDEXEDPOLYGONALFACE((1694,1717,1718,1695));
#1641=IFCINDEXEDPOLYGONALFACE((1695,1718,1719,1696));
#1642=IFCINDEXEDPOLYGONALFACE((1696,1719,1720,1697));
#1643=IFCINDEXEDPOLYGONALFACE((1697,1720,1721,1698));
#1644=IFCINDEXEDPOLYGONALFACE((1698,1721,1722,1699));
#1645=IFCINDEXEDPOLYGONALFACE((1699,1722,1723,1700));
#1646=IFCINDEXEDPOLYGONALFACE((1700,1723,1724,1701));
#1647=IFCINDEXEDPOLYGONALFACE((1701,1724,1725,1702));
#1648=IFCINDEXEDPOLYGONALFACE((1702,1725,1726,1703));
#1649=IFCINDEXEDPOLYGONALFACE((1703,1726,1727,1704));
#1650=IFCINDEXEDPOLYGONALFACE((1704,1727,1728,1705));
#1651=IFCINDEXEDPOLYGONALFACE((1705,1728,1729,1706));
#1652=IFCINDEXEDPOLYGONALFACE((1706,1729,1730,1707));
#1653=IFCINDEXEDPOLYGONALFACE((1707,1730,1731,1708));
#1654=IFCINDEXEDPOLYGONALFACE((1708,1731,1732,1709));
#1655=IFCINDEXEDPOLYGONALFACE((1709,1732,1733,1710));
#1656=IFCINDEXEDPOLYGONALFACE((1710,1733,1126,1101));
#1657=IFCINDEXEDPOLYGONALFACE((525,550,1734,1711));
#1658=IFCINDEXEDPOLYGONALFACE((1711,1734,1735,1712));
#1659=IFCINDEXEDPOLYGONALFACE((1712,1735,1736,1713));
#1660=IFCINDEXEDPOLYGONALFACE((1713,1736,1737,1714));
#1661=IFCINDEXEDPOLYGONALFACE((1714,1737,1738,1715));
#1662=IFCINDEXEDPOLYGONALFACE((1715,1738,1739,1716));
#1663=IFCINDEXEDPOLYGONALFACE((1716,1739,1740,1717));
#1664=IFCINDEXEDPOLYGONALFACE((1717,1740,1741,1718));
#1665=IFCINDEXEDPOLYGONALFACE((1718,1741,1742,1719));
#1666=IFCINDEXEDPOLYGONALFACE((1719,1742,1743,1720));
#1667=IFCINDEXEDPOLYGONALFACE((1720,1743,1744,1721));
#1668=IFCINDEXEDPOLYGONALFACE((1721,1744,1745,1722));
#1669=IFCINDEXEDPOLYGONALFACE((1722,1745,1746,1723));
#1670=IFCINDEXEDPOLYGONALFACE((1723,1746,1747,1724));
#1671=IFCINDEXEDPOLYGONALFACE((1724,1747,1748,1725));
#1672=IFCINDEXEDPOLYGONALFACE((1725,1748,1749,1726));
#1673=IFCINDEXEDPOLYGONALFACE((1726,1749,1750,1727));
#1674=IFCINDEXEDPOLYGONALFACE((1727,1750,1751,1728));
#1675=IFCINDEXEDPOLYGONALFACE((1728,1751,1752,1729));
#1676=IFCINDEXEDPOLYGONALFACE((1729,1752,1753,1730));
#1677=IFCINDEXEDPOLYGONALFACE((1730,1753,1754,1731));
#1678=IFCINDEXEDPOLYGONALFACE((1731,1754,1755,1732));
#1679=IFCINDEXEDPOLYGONALFACE((1732,1755,1756,1733));
#1680=IFCINDEXEDPOLYGONALFACE((1733,1756,1151,1126));
#1681=IFCINDEXEDPOLYGONALFACE((550,575,1757,1734));
#1682=IFCINDEXEDPOLYGONALFACE((1734,1757,1758,1735));
#1683=IFCINDEXEDPOLYGONALFACE((1735,1758,1759,1736));
#1684=IFCINDEXEDPOLYGONALFACE((1736,1759,1760,1737));
#1685=IFCINDEXEDPOLYGONALFACE((1737,1760,1761,1738));
#1686=IFCINDEXEDPOLYGONALFACE((1738,1761,1762,1739));
#1687=IFCINDEXEDPOLYGONALFACE((1739,1762,1763,1740));
#1688=IFCINDEXEDPOLYGONALFACE((1740,1763,1764,1741));
#1689=IFCINDEXEDPOLYGONALFACE((1741,1764,1765,1742));
#1690=IFCINDEXEDPOLYGONALFACE((1742,1765,1766,1743));
#1691=IFCINDEXEDPOLYGONALFACE((1743,1766,1767,1744));
#1692=IFCINDEXEDPOLYGONALFACE((1744,1767,1768,1745));
#1693=IFCINDEXEDPOLYGONALFACE((1745,1768,1769,1746));
#1694=IFCINDEXEDPOLYGONALFACE((1746,1769,1770,1747));
#1695=IFCINDEXEDPOLYGONALFACE((1747,1770,1771,1748));
#1696=IFCINDEXEDPOLYGONALFACE((1748,1771,1772,1749));
#1697=IFCINDEXEDPOLYGONALFACE((1749,1772,1773,1750));
#1698=IFCINDEXEDPOLYGONALFACE((1750,1773,1774,1751));
#1699=IFCINDEXEDPOLYGONALFACE((1751,1774,1775,1752));
#1700=IFCINDEXEDPOLYGONALFACE((1752,1775,1776,1753));
#1701=IFCINDEXEDPOLYGONALFACE((1753,1776,1777,1754));
#1702=IFCINDEXEDPOLYGONALFACE((1754,1777,1778,1755));
#1703=IFCINDEXEDPOLYGONALFACE((1755,1778,1779,1756));
#1704=IFCINDEXEDPOLYGONALFACE((1756,1779,1176,1151));
#1705=IFCINDEXEDPOLYGONALFACE((575,600,1780,1757));
#1706=IFCINDEXEDPOLYGONALFACE((1757,1780,1781,1758));
#1707=IFCINDEXEDPOLYGONALFACE((1758,1781,1782,1759));
#1708=IFCINDEXEDPOLYGONALFACE((1759,1782,1783,1760));
#1709=IFCINDEXEDPOLYGONALFACE((1760,1783,1784,1761));
#1710=IFCINDEXEDPOLYGONALFACE((1761,1784,1785,1762));
#1711=IFCINDEXEDPOLYGONALFACE((1762,1785,1786,1763));
#1712=IFCINDEXEDPOLYGONALFACE((1763,1786,1787,1764));
#1713=IFCINDEXEDPOLYGONALFACE((1764,1787,1788,1765));
#1714=IFCINDEXEDPOLYGONALFACE((1765,1788,1789,1766));
#1715=IFCINDEXEDPOLYGONALFACE((1766,1789,1790,1767));
#1716=IFCINDEXEDPOLYGONALFACE((1767,1790,1791,1768));
#1717=IFCINDEXEDPOLYGONALFACE((1768,1791,1792,1769));
#1718=IFCINDEXEDPOLYGONALFACE((1769,1792,1793,1770));
#1719=IFCINDEXEDPOLYGONALFACE((1770,1793,1794,1771));
#1720=IFCINDEXEDPOLYGONALFACE((1771,1794,1795,1772));
#1721=IFCINDEXEDPOLYGONALFACE((1772,1795,1796,1773));
#1722=IFCINDEXEDPOLYGONALFACE((1773,1796,1797,1774));
#1723=IFCINDEXEDPOLYGONALFACE((1774,1797,1798,1775));
#1724=IFCINDEXEDPOLYGONALFACE((1775,1798,1799,1776));
#1725=IFCINDEXEDPOLYGONALFACE((1776,1799,1800,1777));
#1726=IFCINDEXEDPOLYGONALFACE((1777,1800,1801,1778));
#1727=IFCINDEXEDPOLYGONALFACE((1778,1801,1802,1779));
#1728=IFCINDEXEDPOLYGONALFACE((1779,1802,1201,1176));
#1729=IFCINDEXEDPOLYGONALFACE((600,625,1803,1780));
#1730=IFCINDEXEDPOLYGONALFACE((1780,1803,1804,1781));
#1731=IFCINDEXEDPOLYGONALFACE((1781,1804,1805,1782));
#1732=IFCINDEXEDPOLYGONALFACE((1782,1805,1806,1783));
#1733=IFCINDEXEDPOLYGONALFACE((1783,1806,1807,1784));
#1734=IFCINDEXEDPOLYGONALFACE((1784,1807,1808,1785));
#1735=IFCINDEXEDPOLYGONALFACE((1785,1808,1809,1786));
#1736=IFCINDEXEDPOLYGONALFACE((1786,1809,1810,1787));
#1737=IFCINDEXEDPOLYGONALFACE((1787,1810,1811,1788));
#1738=IFCINDEXEDPOLYGONALFACE((1788,1811,1812,1789));
#1739=IFCINDEXEDPOLYGONALFACE((1789,1812,1813,1790));
#1740=IFCINDEXEDPOLYGONALFACE((1790,1813,1814,1791));
#1741=IFCINDEXEDPOLYGONALFACE((1791,1814,1815,1792));
#1742=IFCINDEXEDPOLYGONALFACE((1792,1815,1816,1793));
#1743=IFCINDEXEDPOLYGONALFACE((1793,1816,1817,1794));
#1744=IFCINDEXEDPOLYGONALFACE((1794,1817,1818,1795));
#1745=IFCINDEXEDPOLYGONALFACE((1795,1818,1819,1796));
#1746=IFCINDEXEDPOLYGONALFACE((1796,1819,1820,1797));
#1747=IFCINDEXEDPOLYGONALFACE((1797,1820,1821,1798));
#1748=IFCINDEXEDPOLYGONALFACE((1798,1821,1822,1799));
#1749=IFCINDEXEDPOLYGONALFACE((1799,1822,1823,1800));
#1750=IFCINDEXEDPOLYGONALFACE((1800,1823,1824,1801));
#1751=IFCINDEXEDPOLYGONALFACE((1801,1824,1825,1802));
#1752=IFCINDEXEDPOLYGONALFACE((1802,1825,1226,1201));
#1753=IFCINDEXEDPOLYGONALFACE((1,1826,1827,2));
#1754=IFCINDEXEDPOLYGONALFACE((2,1827,1828,51));
#1755=IFCINDEXEDPOLYGONALFACE((51,1828,1829,76));
#1756=IFCINDEXEDPOLYGONALFACE((76,1829,1830,101));
#1757=IFCINDEXEDPOLYGONALFACE((101,1830,1831,126));
#1758=IFCINDEXEDPOLYGONALFACE((126,1831,1832,151));
#1759=IFCINDEXEDPOLYGONALFACE((151,1832,1833,176));
#1760=IFCINDEXEDPOLYGONALFACE((176,1833,1834,201));
#1761=IFCINDEXEDPOLYGONALFACE((201,1834,1835,226));
#1762=IFCINDEXEDPOLYGONALFACE((226,1835,1836,251));
#1763=IFCINDEXEDPOLYGONALFACE((251,1836,1837,276));
#1764=IFCINDEXEDPOLYGONALFACE((276,1837,1838,301));
#1765=IFCINDEXEDPOLYGONALFACE((301,1838,1839,326));
#1766=IFCINDEXEDPOLYGONALFACE((326,1839,1840,351));
#1767=IFCINDEXEDPOLYGONALFACE((351,1840,1841,376));
#1768=IFCINDEXEDPOLYGONALFACE((376,1841,1842,401));
#1769=IFCINDEXEDPOLYGONALFACE((401,1842,1843,426));
#1770=IFCINDEXEDPOLYGONALFACE((426,1843,1844,451));
#1771=IFCINDEXEDPOLYGONALFACE((451,1844,1845,476));
#1772=IFCINDEXEDPOLYGONALFACE((476,1845,1846,501));
#1773=IFCINDEXEDPOLYGONALFACE((501,1846,1847,526));
#1774=IFCINDEXEDPOLYGONALFACE((526,1847,1848,551));
#1775=IFCINDEXEDPOLYGONALFACE((551,1848,1849,576));
#1776=IFCINDEXEDPOLYGONALFACE((576,1849,1850,601));
#1777=IFCINDEXEDPOLYGONALFACE((1826,1851,1852,1827));
#1778=IFCINDEXEDPOLYGONALFACE((1827,1852,1853,1828));
#1779=IFCINDEXEDPOLYGONALFACE((1828,1853,1854,1829));
#1780=IFCINDEXEDPOLYGONALFACE((1829,1854,1855,1830));
#1781=IFCINDEXEDPOLYGONALFACE((1830,1855,1856,1831));
#1782=IFCINDEXEDPOLYGONALFACE((1831,1856,1857,1832));
#1783=IFCINDEXEDPOLYGONALFACE((1832,1857,1858,1833));
#1784=IFCINDEXEDPOLYGONALFACE((1833,1858,1859,1834));
#1785=IFCINDEXEDPOLYGONALFACE((1834,1859,1860,1835));
#1786=IFCINDEXEDPOLYGONALFACE((1835,1860,1861,1836));
#1787=IFCINDEXEDPOLYGONALFACE((1836,1861,1862,1837));
#1788=IFCINDEXEDPOLYGONALFACE((1837,1862,1863,1838));
#1789=IFCINDEXEDPOLYGONALFACE((1838,1863,1864,1839));
#1790=IFCINDEXEDPOLYGONALFACE((1839,1864,1865,1840));
#1791=IFCINDEXEDPOLYGONALFACE((1840,1865,1866,1841));
#1792=IFCINDEXEDPOLYGONALFACE((1841,1866,1867,1842));
#1793=IFCINDEXEDPOLYGONALFACE((1842,1867,1868,1843));
#1794=IFCINDEXEDPOLYGONALFACE((1843,1868,1869,1844));
#1795=IFCINDEXEDPOLYGONALFACE((1844,1869,1870,1845));
#1796=IFCINDEXEDPOLYGONALFACE((1845,1870,1871,1846));
#1797=IFCINDEXEDPOLYGONALFACE((1846,1871,1872,1847));
#1798=IFCINDEXEDPOLYGONALFACE((1847,1872,1873,1848));
#1799=IFCINDEXEDPOLYGONALFACE((1848,1873,1874,1849));
#1800=IFCINDEXEDPOLYGONALFACE((1849,1874,1875,1850));
#1801=IFCINDEXEDPOLYGONALFACE((1851,1876,1877,1852));
#1802=IFCINDEXEDPOLYGONALFACE((1852,1877,1878,1853));
#1803=IFCINDEXEDPOLYGONALFACE((1853,1878,1879,1854));
#1804=IFCINDEXEDPOLYGONALFACE((1854,1879,1880,1855));
#1805=IFCINDEXEDPOLYGONALFACE((1855,1880,1881,1856));
#1806=IFCINDEXEDPOLYGONALFACE((1856,1881,1882,1857));
#1807=IFCINDEXEDPOLYGONALFACE((1857,1882,1883,1858));
#1808=IFCINDEXEDPOLYGONALFACE((1858,1883,1884,1859));
#1809=IFCINDEXEDPOLYGONALFACE((1859,1884,1885,1860));
#1810=IFCINDEXEDPOLYGONALFACE((1860,1885,1886,1861));
#1811=IFCINDEXEDPOLYGONALFACE((1861,1886,1887,1862));
#1812=IFCINDEXEDPOLYGONALFACE((1862,1887,1888,1863));
#1813=IFCINDEXEDPOLYGONALFACE((1863,1888,1889,1864));
#1814=IFCINDEXEDPOLYGONALFACE((1864,1889,1890,1865));
#1815=IFCINDEXEDPOLYGONALFACE((1865,1890,1891,1866));
#1816=IFCINDEXEDPOLYGONALFACE((1866,1891,1892,1867));
#1817=IFCINDEXEDPOLYGONALFACE((1867,1892,1893,1868));
#1818=IFCINDEXEDPOLYGONALFACE((1868,1893,1894,1869));
#1819=IFCINDEXEDPOLYGONALFACE((1869,1894,1895,1870));
#1820=IFCINDEXEDPOLYGONALFACE((1870,1895,1896,1871));
#1821=IFCINDEXEDPOLYGONALFACE((1871,1896,1897,1872));
#1822=IFCINDEXEDPOLYGONALFACE((1872,1897,1898,1873));
#1823=IFCINDEXEDPOLYGONALFACE((1873,1898,1899,1874));
#1824=IFCINDEXEDPOLYGONALFACE((1874,1899,1900,1875));
#1825=IFCINDEXEDPOLYGONALFACE((1876,1901,1902,1877));
#1826=IFCINDEXEDPOLYGONALFACE((1877,1902,1903,1878));
#1827=IFCINDEXEDPOLYGONALFACE((1878,1903,1904,1879));
#1828=IFCINDEXEDPOLYGONALFACE((1879,1904,1905,1880));
#1829=IFCINDEXEDPOLYGONALFACE((1880,1905,1906,1881));
#1830=IFCINDEXEDPOLYGONALFACE((1881,1906,1907,1882));
#1831=IFCINDEXEDPOLYGONALFACE((1882,1907,1908,1883));
#1832=IFCINDEXEDPOLYGONALFACE((1883,1908,1909,1884));
#1833=IFCINDEXEDPOLYGONALFACE((1884,1909,1910,1885));
#1834=IFCINDEXEDPOLYGONALFACE((1885,1910,1911,1886));
#1835=IFCINDEXEDPOLYGONALFACE((1886,1911,1912,1887));
#1836=IFCINDEXEDPOLYGONALFACE((1887,1912,1913,1888));
#1837=IFCINDEXEDPOLYGONALFACE((1888,1913,1914,1889));
#1838=IFCINDEXEDPOLYGONALFACE((1889,1914,1915,1890));
#1839=IFCINDEXEDPOLYGONALFACE((1890,1915,1916,1891));
#1840=IFCINDEXEDPOLYGONALFACE((1891,1916,1917,1892));
#1841=IFCINDEXEDPOLYGONALFACE((1892,1917,1918,1893));
#1842=IFCINDEXEDPOLYGONALFACE((1893,1918,1919,1894));
#1843=IFCINDEXEDPOLYGONALFACE((1894,1919,1920,1895));
#1844=IFCINDEXEDPOLYGONALFACE((1895,1920,1921,1896));
#1845=IFCINDEXEDPOLYGONALFACE((1896,1921,1922,1897));
#1846=IFCINDEXEDPOLYGONALFACE((1897,1922,1923,1898));
#1847=IFCINDEXEDPOLYGONALFACE((1898,1923,1924,1899));
#1848=IFCINDEXEDPOLYGONALFACE((1899,1924,1925,1900));
#1849=IFCINDEXEDPOLYGONALFACE((1901,1926,1927,1902));
#1850=IFCINDEXEDPOLYGONALFACE((1902,1927,1928,1903));
#1851=IFCINDEXEDPOLYGONALFACE((1903,1928,1929,1904));
#1852=IFCINDEXEDPOLYGONALFACE((1904,1929,1930,1905));
#1853=IFCINDEXEDPOLYGONALFACE((1905,1930,1931,1906));
#1854=IFCINDEXEDPOLYGONALFACE((1906,1931,1932,1907));
#1855=IFCINDEXEDPOLYGONALFACE((1907,1932,1933,1908));
#1856=IFCINDEXEDPOLYGONALFACE((1908,1933,1934,1909));
#1857=IFCINDEXEDPOLYGONALFACE((1909,1934,1935,1910));
#1858=IFCINDEXEDPOLYGONALFACE((1910,1935,1936,1911));
#1859=IFCINDEXEDPOLYGONALFACE((1911,1936,1937,1912));
#1860=IFCINDEXEDPOLYGONALFACE((1912,1937,1938,1913));
#1861=IFCINDEXEDPOLYGONALFACE((1913,1938,1939,1914));
#1862=IFCINDEXEDPOLYGONALFACE((1914,1939,1940,1915));
#1863=IFCINDEXEDPOLYGONALFACE((1915,1940,1941,1916));
#1864=IFCINDEXEDPOLYGONALFACE((1916,1941,1942,1917));
#1865=IFCINDEXEDPOLYGONALFACE((1917,1942,1943,1918));
#1866=IFCINDEXEDPOLYGONALFACE((1918,1943,1944,1919));
#1867=IFCINDEXEDPOLYGONALFACE((1919,1944,1945,1920));
#1868=IFCINDEXEDPOLYGONALFACE((1920,1945,1946,1921));
#1869=IFCINDEXEDPOLYGONALFACE((1921,1946,1947,1922));
#1870=IFCINDEXEDPOLYGONALFACE((1922,1947,1948,1923));
#1871=IFCINDEXEDPOLYGONALFACE((1923,1948,1949,1924));
#1872=IFCINDEXEDPOLYGONALFACE((1924,1949,1950,1925));
#1873=IFCINDEXEDPOLYGONALFACE((1926,1951,1952,1927));
#1874=IFCINDEXEDPOLYGONALFACE((1927,1952,1953,1928));
#1875=IFCINDEXEDPOLYGONALFACE((1928,1953,1954,1929));
#1876=IFCINDEXEDPOLYGONALFACE((1929,1954,1955,1930));
#1877=IFCINDEXEDPOLYGONALFACE((1930,1955,1956,1931));
#1878=IFCINDEXEDPOLYGONALFACE((1931,1956,1957,1932));
#1879=IFCINDEXEDPOLYGONALFACE((1932,1957,1958,1933));
#1880=IFCINDEXEDPOLYGONALFACE((1933,1958,1959,1934));
#1881=IFCINDEXEDPOLYGONALFACE((1934,1959,1960,1935));
#1882=IFCINDEXEDPOLYGONALFACE((1935,1960,1961,1936));
#1883=IFCINDEXEDPOLYGONALFACE((1936,1961,1962,1937));
#1884=IFCINDEXEDPOLYGONALFACE((1937,1962,1963,1938));
#1885=IFCINDEXEDPOLYGONALFACE((1938,1963,1964,1939));
#1886=IFCINDEXEDPOLYGONALFACE((1939,1964,1965,1940));
#1887=IFCINDEXEDPOLYGONALFACE((1940,1965,1966,1941));
#1888=IFCINDEXEDPOLYGONALFACE((1941,1966,1967,1942));
#1889=IFCINDEXEDPOLYGONALFACE((1942,1967,1968,1943));
#1890=IFCINDEXEDPOLYGONALFACE((1943,1968,1969,1944));
#1891=IFCINDEXEDPOLYGONALFACE((1944,1969,1970,1945));
#1892=IFCINDEXEDPOLYGONALFACE((1945,1970,1971,1946));
#1893=IFCINDEXEDPOLYGONALFACE((1946,1971,1972,1947));
#1894=IFCINDEXEDPOLYGONALFACE((1947,1972,1973,1948));
#1895=IFCINDEXEDPOLYGONALFACE((1948,1973,1974,1949));
#1896=IFCINDEXEDPOLYGONALFACE((1949,1974,1975,1950));
#1897=IFCINDEXEDPOLYGONALFACE((1951,1976,1977,1952));
#1898=IFCINDEXEDPOLYGONALFACE((1952,1977,1978,1953));
#1899=IFCINDEXEDPOLYGONALFACE((1953,1978,1979,1954));
#1900=IFCINDEXEDPOLYGONALFACE((1954,1979,1980,1955));
#1901=IFCINDEXEDPOLYGONALFACE((1955,1980,1981,1956));
#1902=IFCINDEXEDPOLYGONALFACE((1956,1981,1982,1957));
#1903=IFCINDEXEDPOLYGONALFACE((1957,1982,1983,1958));
#1904=IFCINDEXEDPOLYGONALFACE((1958,1983,1984,1959));
#1905=IFCINDEXEDPOLYGONALFACE((1959,1984,1985,1960));
#1906=IFCINDEXEDPOLYGONALFACE((1960,1985,1986,1961));
#1907=IFCINDEXEDPOLYGONALFACE((1961,1986,1987,1962));
#1908=IFCINDEXEDPOLYGONALFACE((1962,1987,1988,1963));
#1909=IFCINDEXEDPOLYGONALFACE((1963,1988,1989,1964));
#1910=IFCINDEXEDPOLYGONALFACE((1964,1989,1990,1965));
#1911=IFCINDEXEDPOLYGONALFACE((1965,1990,1991,1966));
#1912=IFCINDEXEDPOLYGONALFACE((1966,1991,1992,1967));
#1913=IFCINDEXEDPOLYGONALFACE((1967,1992,1993,1968));
#1914=IFCINDEXEDPOLYGONALFACE((1968,1993,1994,1969));
#1915=IFCINDEXEDPOLYGONALFACE((1969,1994,1995,1970));
#1916=IFCINDEXEDPOLYGONALFACE((1970,1995,1996,1971));
#1917=IFCINDEXEDPOLYGONALFACE((1971,1996,1997,1972));
#1918=IFCINDEXEDPOLYGONALFACE((1972,1997,1998,1973));
#1919=IFCINDEXEDPOLYGONALFACE((1973,1998,1999,1974));
#1920=IFCINDEXEDPOLYGONALFACE((1974,1999,2000,1975));
#1921=IFCINDEXEDPOLYGONALFACE((1976,2001,2002,1977));
#1922=IFCINDEXEDPOLYGONALFACE((1977,2002,2003,1978));
#1923=IFCINDEXEDPOLYGONALFACE((1978,2003,2004,1979));
#1924=IFCINDEXEDPOLYGONALFACE((1979,2004,2005,1980));
#1925=IFCINDEXEDPOLYGONALFACE((1980,2005,2006,1981));
#1926=IFCINDEXEDPOLYGONALFACE((1981,2006,2007,1982));
#1927=IFCINDEXEDPOLYGONALFACE((1982,2007,2008,1983));
#1928=IFCINDEXEDPOLYGONALFACE((1983,2008,2009,1984));
#1929=IFCINDEXEDPOLYGONALFACE((1984,2009,2010,1985));
#1930=IFCINDEXEDPOLYGONALFACE((1985,2010,2011,1986));
#1931=IFCINDEXEDPOLYGONALFACE((1986,2011,2012,1987));
#1932=IFCINDEXEDPOLYGONALFACE((1987,2012,2013,1988));
#1933=IFCINDEXEDPOLYGONALFACE((1988,2013,2014,1989));
#1934=IFCINDEXEDPOLYGONALFACE((1989,2014,2015,1990));
#1935=IFCINDEXEDPOLYGONALFACE((1990,2015,2016,1991));
#1936=IFCINDEXEDPOLYGONALFACE((1991,2016,2017,1992));
#1937=IFCINDEXEDPOLYGONALFACE((1992,2017,2018,1993));
#1938=IFCINDEXEDPOLYGONALFACE((1993,2018,2019,1994));
#1939=IFCINDEXEDPOLYGONALFACE((1994,2019,2020,1995));
#1940=IFCINDEXEDPOLYGONALFACE((1995,2020,2021,1996));
#1941=IFCINDEXEDPOLYGONALFACE((1996,2021,2022,1997));
#1942=IFCINDEXEDPOLYGONALFACE((1997,2022,2023,1998));
#1943=IFCINDEXEDPOLYGONALFACE((1998,2023,2024,1999));
#1944=IFCINDEXEDPOLYGONALFACE((1999,2024,2025,2000));
#1945=IFCINDEXEDPOLYGONALFACE((2001,2026,2027,2002));
#1946=IFCINDEXEDPOLYGONALFACE((2002,2027,2028,2003));
#1947=IFCINDEXEDPOLYGONALFACE((2003,2028,2029,2004));
#1948=IFCINDEXEDPOLYGONALFACE((2004,2029,2030,2005));
#1949=IFCINDEXEDPOLYGONALFACE((2005,2030,2031,2006));
#1950=IFCINDEXEDPOLYGONALFACE((2006,2031,2032,2007));
#1951=IFCINDEXEDPOLYGONALFACE((2007,2032,2033,2008));
#1952=IFCINDEXEDPOLYGONALFACE((2008,2033,2034,2009));
#1953=IFCINDEXEDPOLYGONALFACE((2009,2034,2035,2010));
#1954=IFCINDEXEDPOLYGONALFACE((2010,2035,2036,2011));
#1955=IFCINDEXEDPOLYGONALFACE((2011,2036,2037,2012));
#1956=IFCINDEXEDPOLYGONALFACE((2012,2037,2038,2013));
#1957=IFCINDEXEDPOLYGONALFACE((2013,2038,2039,2014));
#1958=IFCINDEXEDPOLYGONALFACE((2014,2039,2040,2015));
#1959=IFCINDEXEDPOLYGONALFACE((2015,2040,2041,2016));
#1960=IFCINDEXEDPOLYGONALFACE((2016,2041,2042,2017));
#1961=IFCINDEXEDPOLYGONALFACE((2017,2042,2043,2018));
#1962=IFCINDEXEDPOLYGONALFACE((2018,2043,2044,2019));
#1963=IFCINDEXEDPOLYGONALFACE((2019,2044,2045,2020));
#1964=IFCINDEXEDPOLYGONALFACE((2020,2045,2046,2021));
#1965=IFCINDEXEDPOLYGONALFACE((2021,2046,2047,2022));
#1966=IFCINDEXEDPOLYGONALFACE((2022,2047,2048,2023));
#1967=IFCINDEXEDPOLYGONALFACE((2023,2048,2049,2024));
#1968=IFCINDEXEDPOLYGONALFACE((2024,2049,2050,2025));
#1969=IFCINDEXEDPOLYGONALFACE((2026,2051,2052,2027));
#1970=IFCINDEXEDPOLYGONALFACE((2027,2052,2053,2028));
#1971=IFCINDEXEDPOLYGONALFACE((2028,2053,2054,2029));
#1972=IFCINDEXEDPOLYGONALFACE((2029,2054,2055,2030));
#1973=IFCINDEXEDPOLYGONALFACE((2030,2055,2056,2031));
#1974=IFCINDEXEDPOLYGONALFACE((2031,2056,2057,2032));
#1975=IFCINDEXEDPOLYGONALFACE((2032,2057,2058,2033));
#1976=IFCINDEXEDPOLYGONALFACE((2033,2058,2059,2034));
#1977=IFCINDEXEDPOLYGONALFACE((2034,2059,2060,2035));
#1978=IFCINDEXEDPOLYGONALFACE((2035,2060,2061,2036));
#1979=IFCINDEXEDPOLYGONALFACE((2036,2061,2062,2037));
#1980=IFCINDEXEDPOLYGONALFACE((2037,2062,2063,2038));
#1981=IFCINDEXEDPOLYGONALFACE((2038,2063,2064,2039));
#1982=IFCINDEXEDPOLYGONALFACE((2039,2064,2065,2040));
#1983=IFCINDEXEDPOLYGONALFACE((2040,2065,2066,2041));
#1984=IFCINDEXEDPOLYGONALFACE((2041,2066,2067,2042));
#1985=IFCINDEXEDPOLYGONALFACE((2042,2067,2068,2043));
#1986=IFCINDEXEDPOLYGONALFACE((2043,2068,2069,2044));
#1987=IFCINDEXEDPOLYGONALFACE((2044,2069,2070,2045));
#1988=IFCINDEXEDPOLYGONALFACE((2045,2070,2071,2046));
#1989=IFCINDEXEDPOLYGONALFACE((2046,2071,2072,2047));
#1990=IFCINDEXEDPOLYGONALFACE((2047,2072,2073,2048));
#1991=IFCINDEXEDPOLYGONALFACE((2048,2073,2074,2049));
#1992=IFCINDEXEDPOLYGONALFACE((2049,2074,2075,2050));
#1993=IFCINDEXEDPOLYGONALFACE((2051,2076,2077,2052));
#1994=IFCINDEXEDPOLYGONALFACE((2052,2077,2078,2053));
#1995=IFCINDEXEDPOLYGONALFACE((2053,2078,2079,2054));
#1996=IFCINDEXEDPOLYGONALFACE((2054,2079,2080,2055));
#1997=IFCINDEXEDPOLYGONALFACE((2055,2080,2081,2056));
#1998=IFCINDEXEDPOLYGONALFACE((2056,2081,2082,2057));
#1999=IFCINDEXEDPOLYGONALFACE((2057,2082,2083,2058));
#2000=IFCINDEXEDPOLYGONALFACE((2058,2083,2084,2059));
#2001=IFCINDEXEDPOLYGONALFACE((2059,2084,2085,2060));
#2002=IFCINDEXEDPOLYGONALFACE((2060,2085,2086,2061));
#2003=IFCINDEXEDPOLYGONALFACE((2061,2086,2087,2062));
#2004=IFCINDEXEDPOLYGONALFACE((2062,2087,2088,2063));
#2005=IFCINDEXEDPOLYGONALFACE((2063,2088,2089,2064));
#2006=IFCINDEXEDPOLYGONALFACE((2064,2089,2090,2065));
#2007=IFCINDEXEDPOLYGONALFACE((2065,2090,2091,2066));
#2008=IFCINDEXEDPOLYGONALFACE((2066,2091,2092,2067));
#2009=IFCINDEXEDPOLYGONALFACE((2067,2092,2093,2068));
#2010=IFCINDEXEDPOLYGONALFACE((2068,2093,2094,2069));
#2011=IFCINDEXEDPOLYGONALFACE((2069,2094,2095,2070));
#2012=IFCINDEXEDPOLYGONALFACE((2070,2095,2096,2071));
#2013=IFCINDEXEDPOLYGONALFACE((2071,2096,2097,2072));
#2014=IFCINDEXEDPOLYGONALFACE((2072,2097,2098,2073));
#2015=IFCINDEXEDPOLYGONALFACE((2073,2098,2099,2074));
#2016=IFCINDEXEDPOLYGONALFACE((2074,2099,2100,2075));
#2017=IFCINDEXEDPOLYGONALFACE((2076,2101,2102,2077));
#2018=IFCINDEXEDPOLYGONALFACE((2077,2102,2103,2078));
#2019=IFCINDEXEDPOLYGONALFACE((2078,2103,2104,2079));
#2020=IFCINDEXEDPOLYGONALFACE((2079,2104,2105,2080));
#2021=IFCINDEXEDPOLYGONALFACE((2080,2105,2106,2081));
#2022=IFCINDEXEDPOLYGONALFACE((2081,2106,2107,2082));
#2023=IFCINDEXEDPOLYGONALFACE((2082,2107,2108,2083));
#2024=IFCINDEXEDPOLYGONALFACE((2083,2108,2109,2084));
#2025=IFCINDEXEDPOLYGONALFACE((2084,2109,2110,2085));
#2026=IFCINDEXEDPOLYGONALFACE((2085,2110,2111,2086));
#2027=IFCINDEXEDPOLYGONALFACE((2086,2111,2112,2087));
#2028=IFCINDEXEDPOLYGONALFACE((2087,2112,2113,2088));
#2029=IFCINDEXEDPOLYGONALFACE((2088,2113,2114,2089));
#2030=IFCINDEXEDPOLYGONALFACE((2089,2114,2115,2090));
#2031=IFCINDEXEDPOLYGONALFACE((2090,2115,2116,2091));
#2032=IFCINDEXEDPOLYGONALFACE((2091,2116,2117,2092));
#2033=IFCINDEXEDPOLYGONALFACE((2092,2117,2118,2093));
#2034=IFCINDEXEDPOLYGONALFACE((2093,2118,2119,2094));
#2035=IFCINDEXEDPOLYGONALFACE((2094,2119,2120,2095));
#2036=IFCINDEXEDPOLYGONALFACE((2095,2120,2121,2096));
#2037=IFCINDEXEDPOLYGONALFACE((2096,2121,2122,2097));
#2038=IFCINDEXEDPOLYGONALFACE((2097,2122,2123,2098));
#2039=IFCINDEXEDPOLYGONALFACE((2098,2123,2124,2099));
#2040=IFCINDEXEDPOLYGONALFACE((2099,2124,2125,2100));
#2041=IFCINDEXEDPOLYGONALFACE((2101,2126,2127,2102));
#2042=IFCINDEXEDPOLYGONALFACE((2102,2127,2128,2103));
#2043=IFCINDEXEDPOLYGONALFACE((2103,2128,2129,2104));
#2044=IFCINDEXEDPOLYGONALFACE((2104,2129,2130,2105));
#2045=IFCINDEXEDPOLYGONALFACE((2105,2130,2131,2106));
#2046=IFCINDEXEDPOLYGONALFACE((2106,2131,2132,2107));
#2047=IFCINDEXEDPOLYGONALFACE((2107,2132,2133,2108));
#2048=IFCINDEXEDPOLYGONALFACE((2108,2133,2134,2109));
#2049=IFCINDEXEDPOLYGONALFACE((2109,2134,2135,2110));
#2050=IFCINDEXEDPOLYGONALFACE((2110,2135,2136,2111));
#2051=IFCINDEXEDPOLYGONALFACE((2111,2136,2137,2112));
#2052=IFCINDEXEDPOLYGONALFACE((2112,2137,2138,2113));
#2053=IFCINDEXEDPOLYGONALFACE((2113,2138,2139,2114));
#2054=IFCINDEXEDPOLYGONALFACE((2114,2139,2140,2115));
#2055=IFCINDEXEDPOLYGONALFACE((2115,2140,2141,2116));
#2056=IFCINDEXEDPOLYGONALFACE((2116,2141,2142,2117));
#2057=IFCINDEXEDPOLYGONALFACE((2117,2142,2143,2118));
#2058=IFCINDEXEDPOLYGONALFACE((2118,2143,2144,2119));
#2059=IFCINDEXEDPOLYGONALFACE((2119,2144,2145,2120));
#2060=IFCINDEXEDPOLYGONALFACE((2120,2145,2146,2121));
#2061=IFCINDEXEDPOLYGONALFACE((2121,2146,2147,2122));
#2062=IFCINDEXEDPOLYGONALFACE((2122,2147,2148,2123));
#2063=IFCINDEXEDPOLYGONALFACE((2123,2148,2149,2124));
#2064=IFCINDEXEDPOLYGONALFACE((2124,2149,2150,2125));
#2065=IFCINDEXEDPOLYGONALFACE((2126,2151,2152,2127));
#2066=IFCINDEXEDPOLYGONALFACE((2127,2152,2153,2128));
#2067=IFCINDEXEDPOLYGONALFACE((2128,2153,2154,2129));
#2068=IFCINDEXEDPOLYGONALFACE((2129,2154,2155,2130));
#2069=IFCINDEXEDPOLYGONALFACE((2130,2155,2156,2131));
#2070=IFCINDEXEDPOLYGONALFACE((2131,2156,2157,2132));
#2071=IFCINDEXEDPOLYGONALFACE((2132,2157,2158,2133));
#2072=IFCINDEXEDPOLYGONALFACE((2133,2158,2159,2134));
#2073=IFCINDEXEDPOLYGONALFACE((2134,2159,2160,2135));
#2074=IFCINDEXEDPOLYGONALFACE((2135,2160,2161,2136));
#2075=IFCINDEXEDPOLYGONALFACE((2136,2161,2162,2137));
#2076=IFCINDEXEDPOLYGONALFACE((2137,2162,2163,2138));
#2077=IFCINDEXEDPOLYGONALFACE((2138,2163,2164,2139));
#2078=IFCINDEXEDPOLYGONALFACE((2139,2164,2165,2140));
#2079=IFCINDEXEDPOLYGONALFACE((2140,2165,2166,2141));
#2080=IFCINDEXEDPOLYGONALFACE((2141,2166,2167,2142));
#2081=IFCINDEXEDPOLYGONALFACE((2142,2167,2168,2143));
#2082=IFCINDEXEDPOLYGONALFACE((2143,2168,2169,2144));
#2083=IFCINDEXEDPOLYGONALFACE((2144,2169,2170,2145));
#2084=IFCINDEXEDPOLYGONALFACE((2145,2170,2171,2146));
#2085=IFCINDEXEDPOLYGONALFACE((2146,2171,2172,2147));
#2086=IFCINDEXEDPOLYGONALFACE((2147,2172,2173,2148));
#2087=IFCINDEXEDPOLYGONALFACE((2148,2173,2174,2149));
#2088=IFCINDEXEDPOLYGONALFACE((2149,2174,2175,2150));
#2089=IFCINDEXEDPOLYGONALFACE((2151,2176,2177,2152));
#2090=IFCINDEXEDPOLYGONALFACE((2152,2177,2178,2153));
#2091=IFCINDEXEDPOLYGONALFACE((2153,2178,2179,2154));
#2092=IFCINDEXEDPOLYGONALFACE((2154,2179,2180,2155));
#2093=IFCINDEXEDPOLYGONALFACE((2155,2180,2181,2156));
#2094=IFCINDEXEDPOLYGONALFACE((2156,2181,2182,2157));
#2095=IFCINDEXEDPOLYGONALFACE((2157,2182,2183,2158));
#2096=IFCINDEXEDPOLYGONALFACE((2158,2183,2184,2159));
#2097=IFCINDEXEDPOLYGONALFACE((2159,2184,2185,2160));
#2098=IFCINDEXEDPOLYGONALFACE((2160,2185,2186,2161));
#2099=IFCINDEXEDPOLYGONALFACE((2161,2186,2187,2162));
#2100=IFCINDEXEDPOLYGONALFACE((2162,2187,2188,2163));
#2101=IFCINDEXEDPOLYGONALFACE((2163,2188,2189,2164));
#2102=IFCINDEXEDPOLYGONALFACE((2164,2189,2190,2165));
#2103=IFCINDEXEDPOLYGONALFACE((2165,2190,2191,2166));
#2104=IFCINDEXEDPOLYGONALFACE((2166,2191,2192,2167));
#2105=IFCINDEXEDPOLYGONALFACE((2167,2192,2193,2168));
#2106=IFCINDEXEDPOLYGONALFACE((2168,2193,2194,2169));
#2107=IFCINDEXEDPOLYGONALFACE((2169,2194,2195,2170));
#2108=IFCINDEXEDPOLYGONALFACE((2170,2195,2196,2171));
#2109=IFCINDEXEDPOLYGONALFACE((2171,2196,2197,2172));
#2110=IFCINDEXEDPOLYGONALFACE((2172,2197,2198,2173));
#2111=IFCINDEXEDPOLYGONALFACE((2173,2198,2199,2174));
#2112=IFCINDEXEDPOLYGONALFACE((2174,2199,2200,2175));
#2113=IFCINDEXEDPOLYGONALFACE((2176,2201,2202,2177));
#2114=IFCINDEXEDPOLYGONALFACE((2177,2202,2203,2178));
#2115=IFCINDEXEDPOLYGONALFACE((2178,2203,2204,2179));
#2116=IFCINDEXEDPOLYGONALFACE((2179,2204,2205,2180));
#2117=IFCINDEXEDPOLYGONALFACE((2180,2205,2206,2181));
#2118=IFCINDEXEDPOLYGONALFACE((2181,2206,2207,2182));
#2119=IFCINDEXEDPOLYGONALFACE((2182,2207,2208,2183));
#2120=IFCINDEXEDPOLYGONALFACE((2183,2208,2209,2184));
#2121=IFCINDEXEDPOLYGONALFACE((2184,2209,2210,2185));
#2122=IFCINDEXEDPOLYGONALFACE((2185,2210,2211,2186));
#2123=IFCINDEXEDPOLYGONALFACE((2186,2211,2212,2187));
#2124=IFCINDEXEDPOLYGONALFACE((2187,2212,2213,2188));
#2125=IFCINDEXEDPOLYGONALFACE((2188,2213,2214,2189));
#2126=IFCINDEXEDPOLYGONALFACE((2189,2214,2215,2190));
#2127=IFCINDEXEDPOLYGONALFACE((2190,2215,2216,2191));
#2128=IFCINDEXEDPOLYGONALFACE((2191,2216,2217,2192));
#2129=IFCINDEXEDPOLYGONALFACE((2192,2217,2218,2193));
#2130=IFCINDEXEDPOLYGONALFACE((2193,2218,2219,2194));
#2131=IFCINDEXEDPOLYGONALFACE((2194,2219,2220,2195));
#2132=IFCINDEXEDPOLYGONALFACE((2195,2220,2221,2196));
#2133=IFCINDEXEDPOLYGONALFACE((2196,2221,2222,2197));
#2134=IFCINDEXEDPOLYGONALFACE((2197,2222,2223,2198));
#2135=IFCINDEXEDPOLYGONALFACE((2198,2223,2224,2199));
#2136=IFCINDEXEDPOLYGONALFACE((2199,2224,2225,2200));
#2137=IFCINDEXEDPOLYGONALFACE((2201,2226,2227,2202));
#2138=IFCINDEXEDPOLYGONALFACE((2202,2227,2228,2203));
#2139=IFCINDEXEDPOLYGONALFACE((2203,2228,2229,2204));
#2140=IFCINDEXEDPOLYGONALFACE((2204,2229,2230,2205));
#2141=IFCINDEXEDPOLYGONALFACE((2205,2230,2231,2206));
#2142=IFCINDEXEDPOLYGONALFACE((2206,2231,2232,2207));
#2143=IFCINDEXEDPOLYGONALFACE((2207,2232,2233,2208));
#2144=IFCINDEXEDPOLYGONALFACE((2208,2233,2234,2209));
#2145=IFCINDEXEDPOLYGONALFACE((2209,2234,2235,2210));
#2146=IFCINDEXEDPOLYGONALFACE((2210,2235,2236,2211));
#2147=IFCINDEXEDPOLYGONALFACE((2211,2236,2237,2212));
#2148=IFCINDEXEDPOLYGONALFACE((2212,2237,2238,2213));
#2149=IFCINDEXEDPOLYGONALFACE((2213,2238,2239,2214));
#2150=IFCINDEXEDPOLYGONALFACE((2214,2239,2240,2215));
#2151=IFCINDEXEDPOLYGONALFACE((2215,2240,2241,2216));
#2152=IFCINDEXEDPOLYGONALFACE((2216,2241,2242,2217));
#2153=IFCINDEXEDPOLYGONALFACE((2217,2242,2243,2218));
#2154=IFCINDEXEDPOLYGONALFACE((2218,2243,2244,2219));
#2155=IFCINDEXEDPOLYGONALFACE((2219,2244,2245,2220));
#2156=IFCINDEXEDPOLYGONALFACE((2220,2245,2246,2221));
#2157=IFCINDEXEDPOLYGONALFACE((2221,2246,2247,2222));
#2158=IFCINDEXEDPOLYGONALFACE((2222,2247,2248,2223));
#2159=IFCINDEXEDPOLYGONALFACE((2223,2248,2249,2224));
#2160=IFCINDEXEDPOLYGONALFACE((2224,2249,2250,2225));
#2161=IFCINDEXEDPOLYGONALFACE((2226,2251,2252,2227));
#2162=IFCINDEXEDPOLYGONALFACE((2227,2252,2253,2228));
#2163=IFCINDEXEDPOLYGONALFACE((2228,2253,2254,2229));
#2164=IFCINDEXEDPOLYGONALFACE((2229,2254,2255,2230));
#2165=IFCINDEXEDPOLYGONALFACE((2230,2255,2256,2231));
#2166=IFCINDEXEDPOLYGONALFACE((2231,2256,2257,2232));
#2167=IFCINDEXEDPOLYGONALFACE((2232,2257,2258,2233));
#2168=IFCINDEXEDPOLYGONALFACE((2233,2258,2259,2234));
#2169=IFCINDEXEDPOLYGONALFACE((2234,2259,2260,2235));
#2170=IFCINDEXEDPOLYGONALFACE((2235,2260,2261,2236));
#2171=IFCINDEXEDPOLYGONALFACE((2236,2261,2262,2237));
#2172=IFCINDEXEDPOLYGONALFACE((2237,2262,2263,2238));
#2173=IFCINDEXEDPOLYGONALFACE((2238,2263,2264,2239));
#2174=IFCINDEXEDPOLYGONALFACE((2239,2264,2265,2240));
#2175=IFCINDEXEDPOLYGONALFACE((2240,2265,2266,2241));
#2176=IFCINDEXEDPOLYGONALFACE((2241,2266,2267,2242));
#2177=IFCINDEXEDPOLYGONALFACE((2242,2267,2268,2243));
#2178=IFCINDEXEDPOLYGONALFACE((2243,2268,2269,2244));
#2179=IFCINDEXEDPOLYGONALFACE((2244,2269,2270,2245));
#2180=IFCINDEXEDPOLYGONALFACE((2245,2270,2271,2246));
#2181=IFCINDEXEDPOLYGONALFACE((2246,2271,2272,2247));
#2182=IFCINDEXEDPOLYGONALFACE((2247,2272,2273,2248));
#2183=IFCINDEXEDPOLYGONALFACE((2248,2273,2274,2249));
#2184=IFCINDEXEDPOLYGONALFACE((2249,2274,2275,2250));
#2185=IFCINDEXEDPOLYGONALFACE((2251,2276,2277,2252));
#2186=IFCINDEXEDPOLYGONALFACE((2252,2277,2278,2253));
#2187=IFCINDEXEDPOLYGONALFACE((2253,2278,2279,2254));
#2188=IFCINDEXEDPOLYGONALFACE((2254,2279,2280,2255));
#2189=IFCINDEXEDPOLYGONALFACE((2255,2280,2281,2256));
#2190=IFCINDEXEDPOLYGONALFACE((2256,2281,2282,2257));
#2191=IFCINDEXEDPOLYGONALFACE((2257,2282,2283,2258));
#2192=IFCINDEXEDPOLYGONALFACE((2258,2283,2284,2259));
#2193=IFCINDEXEDPOLYGONALFACE((2259,2284,2285,2260));
#2194=IFCINDEXEDPOLYGONALFACE((2260,2285,2286,2261));
#2195=IFCINDEXEDPOLYGONALFACE((2261,2286,2287,2262));
#2196=IFCINDEXEDPOLYGONALFACE((2262,2287,2288,2263));
#2197=IFCINDEXEDPOLYGONALFACE((2263,2288,2289,2264));
#2198=IFCINDEXEDPOLYGONALFACE((2264,2289,2290,2265));
#2199=IFCINDEXEDPOLYGONALFACE((2265,2290,2291,2266));
#2200=IFCINDEXEDPOLYGONALFACE((2266,2291,2292,2267));
#2201=IFCINDEXEDPOLYGONALFACE((2267,2292,2293,2268));
#2202=IFCINDEXEDPOLYGONALFACE((2268,2293,2294,2269));
#2203=IFCINDEXEDPOLYGONALFACE((2269,2294,2295,2270));
#2204=IFCINDEXEDPOLYGONALFACE((2270,2295,2296,2271));
#2205=IFCINDEXEDPOLYGONALFACE((2271,2296,2297,2272));
#2206=IFCINDEXEDPOLYGONALFACE((2272,2297,2298,2273));
#2207=IFCINDEXEDPOLYGONALFACE((2273,2298,2299,2274));
#2208=IFCINDEXEDPOLYGONALFACE((2274,2299,2300,2275));
#2209=IFCINDEXEDPOLYGONALFACE((2276,2301,2302,2277));
#2210=IFCINDEXEDPOLYGONALFACE((2277,2302,2303,2278));
#2211=IFCINDEXEDPOLYGONALFACE((2278,2303,2304,2279));
#2212=IFCINDEXEDPOLYGONALFACE((2279,2304,2305,2280));
#2213=IFCINDEXEDPOLYGONALFACE((2280,2305,2306,2281));
#2214=IFCINDEXEDPOLYGONALFACE((2281,2306,2307,2282));
#2215=IFCINDEXEDPOLYGONALFACE((2282,2307,2308,2283));
#2216=IFCINDEXEDPOLYGONALFACE((2283,2308,2309,2284));
#2217=IFCINDEXEDPOLYGONALFACE((2284,2309,2310,2285));
#2218=IFCINDEXEDPOLYGONALFACE((2285,2310,2311,2286));
#2219=IFCINDEXEDPOLYGONALFACE((2286,2311,2312,2287));
#2220=IFCINDEXEDPOLYGONALFACE((2287,2312,2313,2288));
#2221=IFCINDEXEDPOLYGONALFACE((2288,2313,2314,2289));
#2222=IFCINDEXEDPOLYGONALFACE((2289,2314,2315,2290));
#2223=IFCINDEXEDPOLYGONALFACE((2290,2315,2316,2291));
#2224=IFCINDEXEDPOLYGONALFACE((2291,2316,2317,2292));
#2225=IFCINDEXEDPOLYGONALFACE((2292,2317,2318,2293));
#2226=IFCINDEXEDPOLYGONALFACE((2293,2318,2319,2294));
#2227=IFCINDEXEDPOLYGONALFACE((2294,2319,2320,2295));
#2228=IFCINDEXEDPOLYGONALFACE((2295,2320,2321,2296));
#2229=IFCINDEXEDPOLYGONALFACE((2296,2321,2322,2297));
#2230=IFCINDEXEDPOLYGONALFACE((2297,2322,2323,2298));
#2231=IFCINDEXEDPOLYGONALFACE((2298,2323,2324,2299));
#2232=IFCINDEXEDPOLYGONALFACE((2299,2324,2325,2300));
#2233=IFCINDEXEDPOLYGONALFACE((2301,2326,2327,2302));
#2234=IFCINDEXEDPOLYGONALFACE((2302,2327,2328,2303));
#2235=IFCINDEXEDPOLYGONALFACE((2303,2328,2329,2304));
#2236=IFCINDEXEDPOLYGONALFACE((2304,2329,2330,2305));
#2237=IFCINDEXEDPOLYGONALFACE((2305,2330,2331,2306));
#2238=IFCINDEXEDPOLYGONALFACE((2306,2331,2332,2307));
#2239=IFCINDEXEDPOLYGONALFACE((2307,2332,2333,2308));
#2240=IFCINDEXEDPOLYGONALFACE((2308,2333,2334,2309));
#2241=IFCINDEXEDPOLYGONALFACE((2309,2334,2335,2310));
#2242=IFCINDEXEDPOLYGONALFACE((2310,2335,2336,2311));
#2243=IFCINDEXEDPOLYGONALFACE((2311,2336,2337,2312));
#2244=IFCINDEXEDPOLYGONALFACE((2312,2337,2338,2313));
#2245=IFCINDEXEDPOLYGONALFACE((2313,2338,2339,2314));
#2246=IFCINDEXEDPOLYGONALFACE((2314,2339,2340,2315));
#2247=IFCINDEXEDPOLYGONALFACE((2315,2340,2341,2316));
#2248=IFCINDEXEDPOLYGONALFACE((2316,2341,2342,2317));
#2249=IFCINDEXEDPOLYGONALFACE((2317,2342,2343,2318));
#2250=IFCINDEXEDPOLYGONALFACE((2318,2343,2344,2319));
#2251=IFCINDEXEDPOLYGONALFACE((2319,2344,2345,2320));
#2252=IFCINDEXEDPOLYGONALFACE((2320,2345,2346,2321));
#2253=IFCINDEXEDPOLYGONALFACE((2321,2346,2347,2322));
#2254=IFCINDEXEDPOLYGONALFACE((2322,2347,2348,2323));
#2255=IFCINDEXEDPOLYGONALFACE((2323,2348,2349,2324));
#2256=IFCINDEXEDPOLYGONALFACE((2324,2349,2350,2325));
#2257=IFCINDEXEDPOLYGONALFACE((2326,2351,2352,2327));
#2258=IFCINDEXEDPOLYGONALFACE((2327,2352,2353,2328));
#2259=IFCINDEXEDPOLYGONALFACE((2328,2353,2354,2329));
#2260=IFCINDEXEDPOLYGONALFACE((2329,2354,2355,2330));
#2261=IFCINDEXEDPOLYGONALFACE((2330,2355,2356,2331));
#2262=IFCINDEXEDPOLYGONALFACE((2331,2356,2357,2332));
#2263=IFCINDEXEDPOLYGONALFACE((2332,2357,2358,2333));
#2264=IFCINDEXEDPOLYGONALFACE((2333,2358,2359,2334));
#2265=IFCINDEXEDPOLYGONALFACE((2334,2359,2360,2335));
#2266=IFCINDEXEDPOLYGONALFACE((2335,2360,2361,2336));
#2267=IFCINDEXEDPOLYGONALFACE((2336,2361,2362,2337));
#2268=IFCINDEXEDPOLYGONALFACE((2337,2362,2363,2338));
#2269=IFCINDEXEDPOLYGONALFACE((2338,2363,2364,2339));
#2270=IFCINDEXEDPOLYGONALFACE((2339,2364,2365,2340));
#2271=IFCINDEXEDPOLYGONALFACE((2340,2365,2366,2341));
#2272=IFCINDEXEDPOLYGONALFACE((2341,2366,2367,2342));
#2273=IFCINDEXEDPOLYGONALFACE((2342,2367,2368,2343));
#2274=IFCINDEXEDPOLYGONALFACE((2343,2368,2369,2344));
#2275=IFCINDEXEDPOLYGONALFACE((2344,2369,2370,2345));
#2276=IFCINDEXEDPOLYGONALFACE((2345,2370,2371,2346));
#2277=IFCINDEXEDPOLYGONALFACE((2346,2371,2372,2347));
#2278=IFCINDEXEDPOLYGONALFACE((2347,2372,2373,2348));
#2279=IFCINDEXEDPOLYGONALFACE((2348,2373,2374,2349));
#2280=IFCINDEXEDPOLYGONALFACE((2349,2374,2375,2350));
#2281=IFCINDEXEDPOLYGONALFACE((2351,2376,2377,2352));
#2282=IFCINDEXEDPOLYGONALFACE((2352,2377,2378,2353));
#2283=IFCINDEXEDPOLYGONALFACE((2353,2378,2379,2354));
#2284=IFCINDEXEDPOLYGONALFACE((2354,2379,2380,2355));
#2285=IFCINDEXEDPOLYGONALFACE((2355,2380,2381,2356));
#2286=IFCINDEXEDPOLYGONALFACE((2356,2381,2382,2357));
#2287=IFCINDEXEDPOLYGONALFACE((2357,2382,2383,2358));
#2288=IFCINDEXEDPOLYGONALFACE((2358,2383,2384,2359));
#2289=IFCINDEXEDPOLYGONALFACE((2359,2384,2385,2360));
#2290=IFCINDEXEDPOLYGONALFACE((2360,2385,2386,2361));
#2291=IFCINDEXEDPOLYGONALFACE((2361,2386,2387,2362));
#2292=IFCINDEXEDPOLYGONALFACE((2362,2387,2388,2363));
#2293=IFCINDEXEDPOLYGONALFACE((2363,2388,2389,2364));
#2294=IFCINDEXEDPOLYGONALFACE((2364,2389,2390,2365));
#2295=IFCINDEXEDPOLYGONALFACE((2365,2390,2391,2366));
#2296=IFCINDEXEDPOLYGONALFACE((2366,2391,2392,2367));
#2297=IFCINDEXEDPOLYGONALFACE((2367,2392,2393,2368));
#2298=IFCINDEXEDPOLYGONALFACE((2368,2393,2394,2369));
#2299=IFCINDEXEDPOLYGONALFACE((2369,2394,2395,2370));
#2300=IFCINDEXEDPOLYGONALFACE((2370,2395,2396,2371));
#2301=IFCINDEXEDPOLYGONALFACE((2371,2396,2397,2372));
#2302=IFCINDEXEDPOLYGONALFACE((2372,2397,2398,2373));
#2303=IFCINDEXEDPOLYGONALFACE((2373,2398,2399,2374));
#2304=IFCINDEXEDPOLYGONALFACE((2374,2399,2400,2375));
#2305=IFCINDEXEDPOLYGONALFACE((2376,675,674,2377));
#2306=IFCINDEXEDPOLYGONALFACE((2377,674,700,2378));
#2307=IFCINDEXEDPOLYGONALFACE((2378,700,725,2379));
#2308=IFCINDEXEDPOLYGONALFACE((2379,725,750,2380));
#2309=IFCINDEXEDPOLYGONALFACE((2380,750,775,2381));
#2310=IFCINDEXEDPOLYGONALFACE((2381,775,800,2382));
#2311=IFCINDEXEDPOLYGONALFACE((2382,800,825,2383));
#2312=IFCINDEXEDPOLYGONALFACE((2383,825,850,2384));
#2313=IFCINDEXEDPOLYGONALFACE((2384,850,875,2385));
#2314=IFCINDEXEDPOLYGONALFACE((2385,875,900,2386));
#2315=IFCINDEXEDPOLYGONALFACE((2386,900,925,2387));
#2316=IFCINDEXEDPOLYGONALFACE((2387,925,950,2388));
#2317=IFCINDEXEDPOLYGONALFACE((2388,950,975,2389));
#2318=IFCINDEXEDPOLYGONALFACE((2389,975,1000,2390));
#2319=IFCINDEXEDPOLYGONALFACE((2390,1000,1025,2391));
#2320=IFCINDEXEDPOLYGONALFACE((2391,1025,1050,2392));
#2321=IFCINDEXEDPOLYGONALFACE((2392,1050,1075,2393));
#2322=IFCINDEXEDPOLYGONALFACE((2393,1075,1100,2394));
#2323=IFCINDEXEDPOLYGONALFACE((2394,1100,1125,2395));
#2324=IFCINDEXEDPOLYGONALFACE((2395,1125,1150,2396));
#2325=IFCINDEXEDPOLYGONALFACE((2396,1150,1175,2397));
#2326=IFCINDEXEDPOLYGONALFACE((2397,1175,1200,2398));
#2327=IFCINDEXEDPOLYGONALFACE((2398,1200,1225,2399));
#2328=IFCINDEXEDPOLYGONALFACE((2399,1225,1250,2400));
#2329=IFCINDEXEDPOLYGONALFACE((50,1252,2401,48));
#2330=IFCINDEXEDPOLYGONALFACE((48,2401,2402,46));
#2331=IFCINDEXEDPOLYGONALFACE((46,2402,2403,44));
#2332=IFCINDEXEDPOLYGONALFACE((44,2403,2404,42));
#2333=IFCINDEXEDPOLYGONALFACE((42,2404,2405,40));
#2334=IFCINDEXEDPOLYGONALFACE((40,2405,2406,38));
#2335=IFCINDEXEDPOLYGONALFACE((38,2406,2407,36));
#2336=IFCINDEXEDPOLYGONALFACE((36,2407,2408,34));
#2337=IFCINDEXEDPOLYGONALFACE((34,2408,2409,32));
#2338=IFCINDEXEDPOLYGONALFACE((32,2409,2410,30));
#2339=IFCINDEXEDPOLYGONALFACE((30,2410,2411,28));
#2340=IFCINDEXEDPOLYGONALFACE((28,2411,2412,26));
#2341=IFCINDEXEDPOLYGONALFACE((26,2412,2413,24));
#2342=IFCINDEXEDPOLYGONALFACE((24,2413,2414,22));
#2343=IFCINDEXEDPOLYGONALFACE((22,2414,2415,20));
#2344=IFCINDEXEDPOLYGONALFACE((20,2415,2416,18));
#2345=IFCINDEXEDPOLYGONALFACE((18,2416,2417,16));
#2346=IFCINDEXEDPOLYGONALFACE((16,2417,2418,14));
#2347=IFCINDEXEDPOLYGONALFACE((14,2418,2419,12));
#2348=IFCINDEXEDPOLYGONALFACE((12,2419,2420,10));
#2349=IFCINDEXEDPOLYGONALFACE((10,2420,2421,8));
#2350=IFCINDEXEDPOLYGONALFACE((8,2421,2422,6));
#2351=IFCINDEXEDPOLYGONALFACE((6,2422,2423,4));
#2352=IFCINDEXEDPOLYGONALFACE((4,2423,1826,1));
#2353=IFCINDEXEDPOLYGONALFACE((1252,1254,2424,2401));
#2354=IFCINDEXEDPOLYGONALFACE((2401,2424,2425,2402));
#2355=IFCINDEXEDPOLYGONALFACE((2402,2425,2426,2403));
#2356=IFCINDEXEDPOLYGONALFACE((2403,2426,2427,2404));
#2357=IFCINDEXEDPOLYGONALFACE((2404,2427,2428,2405));
#2358=IFCINDEXEDPOLYGONALFACE((2405,2428,2429,2406));
#2359=IFCINDEXEDPOLYGONALFACE((2406,2429,2430,2407));
#2360=IFCINDEXEDPOLYGONALFACE((2407,2430,2431,2408));
#2361=IFCINDEXEDPOLYGONALFACE((2408,2431,2432,2409));
#2362=IFCINDEXEDPOLYGONALFACE((2409,2432,2433,2410));
#2363=IFCINDEXEDPOLYGONALFACE((2410,2433,2434,2411));
#2364=IFCINDEXEDPOLYGONALFACE((2411,2434,2435,2412));
#2365=IFCINDEXEDPOLYGONALFACE((2412,2435,2436,2413));
#2366=IFCINDEXEDPOLYGONALFACE((2413,2436,2437,2414));
#2367=IFCINDEXEDPOLYGONALFACE((2414,2437,2438,2415));
#2368=IFCINDEXEDPOLYGONALFACE((2415,2438,2439,2416));
#2369=IFCINDEXEDPOLYGONALFACE((2416,2439,2440,2417));
#2370=IFCINDEXEDPOLYGONALFACE((2417,2440,2441,2418));
#2371=IFCINDEXEDPOLYGONALFACE((2418,2441,2442,2419));
#2372=IFCINDEXEDPOLYGONALFACE((2419,2442,2443,2420));
#2373=IFCINDEXEDPOLYGONALFACE((2420,2443,2444,2421));
#2374=IFCINDEXEDPOLYGONALFACE((2421,2444,2445,2422));
#2375=IFCINDEXEDPOLYGONALFACE((2422,2445,2446,2423));
#2376=IFCINDEXEDPOLYGONALFACE((2423,2446,1851,1826));
#2377=IFCINDEXEDPOLYGONALFACE((1254,1256,2447,2424));
#2378=IFCINDEXEDPOLYGONALFACE((2424,2447,2448,2425));
#2379=IFCINDEXEDPOLYGONALFACE((2425,2448,2449,2426));
#2380=IFCINDEXEDPOLYGONALFACE((2426,2449,2450,2427));
#2381=IFCINDEXEDPOLYGONALFACE((2427,2450,2451,2428));
#2382=IFCINDEXEDPOLYGONALFACE((2428,2451,2452,2429));
#2383=IFCINDEXEDPOLYGONALFACE((2429,2452,2453,2430));
#2384=IFCINDEXEDPOLYGONALFACE((2430,2453,2454,2431));
#2385=IFCINDEXEDPOLYGONALFACE((2431,2454,2455,2432));
#2386=IFCINDEXEDPOLYGONALFACE((2432,2455,2456,2433));
#2387=IFCINDEXEDPOLYGONALFACE((2433,2456,2457,2434));
#2388=IFCINDEXEDPOLYGONALFACE((2434,2457,2458,2435));
#2389=IFCINDEXEDPOLYGONALFACE((2435,2458,2459,2436));
#2390=IFCINDEXEDPOLYGONALFACE((2436,2459,2460,2437));
#2391=IFCINDEXEDPOLYGONALFACE((2437,2460,2461,2438));
#2392=IFCINDEXEDPOLYGONALFACE((2438,2461,2462,2439));
#2393=IFCINDEXEDPOLYGONALFACE((2439,2462,2463,2440));
#2394=IFCINDEXEDPOLYGONALFACE((2440,2463,2464,2441));
#2395=IFCINDEXEDPOLYGONALFACE((2441,2464,2465,2442));
#2396=IFCINDEXEDPOLYGONALFACE((2442,2465,2466,2443));
#2397=IFCINDEXEDPOLYGONALFACE((2443,2466,2467,2444));
#2398=IFCINDEXEDPOLYGONALFACE((2444,2467,2468,2445));
#2399=IFCINDEXEDPOLYGONALFACE((2445,2468,2469,2446));
#2400=IFCINDEXEDPOLYGONALFACE((2446,2469,1876,1851));
#2401=IFCINDEXEDPOLYGONALFACE((1256,1258,2470,2447));
#2402=IFCINDEXEDPOLYGONALFACE((2447,2470,2471,2448));
#2403=IFCINDEXEDPOLYGONALFACE((2448,2471,2472,2449));
#2404=IFCINDEXEDPOLYGONALFACE((2449,2472,2473,2450));
#2405=IFCINDEXEDPOLYGONALFACE((2450,2473,2474,2451));
#2406=IFCINDEXEDPOLYGONALFACE((2451,2474,2475,2452));
#2407=IFCINDEXEDPOLYGONALFACE((2452,2475,2476,2453));
#2408=IFCINDEXEDPOLYGONALFACE((2453,2476,2477,2454));
#2409=IFCINDEXEDPOLYGONALFACE((2454,2477,2478,2455));
#2410=IFCINDEXEDPOLYGONALFACE((2455,2478,2479,2456));
#2411=IFCINDEXEDPOLYGONALFACE((2456,2479,2480,2457));
#2412=IFCINDEXEDPOLYGONALFACE((2457,2480,2481,2458));
#2413=IFCINDEXEDPOLYGONALFACE((2458,2481,2482,2459));
#2414=IFCINDEXEDPOLYGONALFACE((2459,2482,2483,2460));
#2415=IFCINDEXEDPOLYGONALFACE((2460,2483,2484,2461));
#2416=IFCINDEXEDPOLYGONALFACE((2461,2484,2485,2462));
#2417=IFCINDEXEDPOLYGONALFACE((2462,2485,2486,2463));
#2418=IFCINDEXEDPOLYGONALFACE((2463,2486,2487,2464));
#2419=IFCINDEXEDPOLYGONALFACE((2464,2487,2488,2465));
#2420=IFCINDEXEDPOLYGONALFACE((2465,2488,2489,2466));
#2421=IFCINDEXEDPOLYGONALFACE((2466,2489,2490,2467));
#2422=IFCINDEXEDPOLYGONALFACE((2467,2490,2491,2468));
#2423=IFCINDEXEDPOLYGONALFACE((2468,2491,2492,2469));
#2424=IFCINDEXEDPOLYGONALFACE((2469,2492,1901,1876));
#2425=IFCINDEXEDPOLYGONALFACE((1258,1260,2493,2470));
#2426=IFCINDEXEDPOLYGONALFACE((2470,2493,2494,2471));
#2427=IFCINDEXEDPOLYGONALFACE((2471,2494,2495,2472));
#2428=IFCINDEXEDPOLYGONALFACE((2472,2495,2496,2473));
#2429=IFCINDEXEDPOLYGONALFACE((2473,2496,2497,2474));
#2430=IFCINDEXEDPOLYGONALFACE((2474,2497,2498,2475));
#2431=IFCINDEXEDPOLYGONALFACE((2475,2498,2499,2476));
#2432=IFCINDEXEDPOLYGONALFACE((2476,2499,2500,2477));
#2433=IFCINDEXEDPOLYGONALFACE((2477,2500,2501,2478));
#2434=IFCINDEXEDPOLYGONALFACE((2478,2501,2502,2479));
#2435=IFCINDEXEDPOLYGONALFACE((2479,2502,2503,2480));
#2436=IFCINDEXEDPOLYGONALFACE((2480,2503,2504,2481));
#2437=IFCINDEXEDPOLYGONALFACE((2481,2504,2505,2482));
#2438=IFCINDEXEDPOLYGONALFACE((2482,2505,2506,2483));
#2439=IFCINDEXEDPOLYGONALFACE((2483,2506,2507,2484));
#2440=IFCINDEXEDPOLYGONALFACE((2484,2507,2508,2485));
#2441=IFCINDEXEDPOLYGONALFACE((2485,2508,2509,2486));
#2442=IFCINDEXEDPOLYGONALFACE((2486,2509,2510,2487));
#2443=IFCINDEXEDPOLYGONALFACE((2487,2510,2511,2488));
#2444=IFCINDEXEDPOLYGONALFACE((2488,2511,2512,2489));
#2445=IFCINDEXEDPOLYGONALFACE((2489,2512,2513,2490));
#2446=IFCINDEXEDPOLYGONALFACE((2490,2513,2514,2491));
#2447=IFCINDEXEDPOLYGONALFACE((2491,2514,2515,2492));
#2448=IFCINDEXEDPOLYGONALFACE((2492,2515,1926,1901));
#2449=IFCINDEXEDPOLYGONALFACE((1260,1262,2516,2493));
#2450=IFCINDEXEDPOLYGONALFACE((2493,2516,2517,2494));
#2451=IFCINDEXEDPOLYGONALFACE((2494,2517,2518,2495));
#2452=IFCINDEXEDPOLYGONALFACE((2495,2518,2519,2496));
#2453=IFCINDEXEDPOLYGONALFACE((2496,2519,2520,2497));
#2454=IFCINDEXEDPOLYGONALFACE((2497,2520,2521,2498));
#2455=IFCINDEXEDPOLYGONALFACE((2498,2521,2522,2499));
#2456=IFCINDEXEDPOLYGONALFACE((2499,2522,2523,2500));
#2457=IFCINDEXEDPOLYGONALFACE((2500,2523,2524,2501));
#2458=IFCINDEXEDPOLYGONALFACE((2501,2524,2525,2502));
#2459=IFCINDEXEDPOLYGONALFACE((2502,2525,2526,2503));
#2460=IFCINDEXEDPOLYGONALFACE((2503,2526,2527,2504));
#2461=IFCINDEXEDPOLYGONALFACE((2504,2527,2528,2505));
#2462=IFCINDEXEDPOLYGONALFACE((2505,2528,2529,2506));
#2463=IFCINDEXEDPOLYGONALFACE((2506,2529,2530,2507));
#2464=IFCINDEXEDPOLYGONALFACE((2507,2530,2531,2508));
#2465=IFCINDEXEDPOLYGONALFACE((2508,2531,2532,2509));
#2466=IFCINDEXEDPOLYGONALFACE((2509,2532,2533,2510));
#2467=IFCINDEXEDPOLYGONALFACE((2510,2533,2534,2511));
#2468=IFCINDEXEDPOLYGONALFACE((2511,2534,2535,2512));
#2469=IFCINDEXEDPOLYGONALFACE((2512,2535,2536,2513));
#2470=IFCINDEXEDPOLYGONALFACE((2513,2536,2537,2514));
#2471=IFCINDEXEDPOLYGONALFACE((2514,2537,2538,2515));
#2472=IFCINDEXEDPOLYGONALFACE((2515,2538,1951,1926));
#2473=IFCINDEXEDPOLYGONALFACE((1262,1264,2539,2516));
#2474=IFCINDEXEDPOLYGONALFACE((2516,2539,2540,2517));
#2475=IFCINDEXEDPOLYGONALFACE((2517,2540,2541,2518));
#2476=IFCINDEXEDPOLYGONALFACE((2518,2541,2542,2519));
#2477=IFCINDEXEDPOLYGONALFACE((2519,2542,2543,2520));
#2478=IFCINDEXEDPOLYGONALFACE((2520,2543,2544,2521));
#2479=IFCINDEXEDPOLYGONALFACE((2521,2544,2545,2522));
#2480=IFCINDEXEDPOLYGONALFACE((2522,2545,2546,2523));
#2481=IFCINDEXEDPOLYGONALFACE((2523,2546,2547,2524));
#2482=IFCINDEXEDPOLYGONALFACE((2524,2547,2548,2525));
#2483=IFCINDEXEDPOLYGONALFACE((2525,2548,2549,2526));
#2484=IFCINDEXEDPOLYGONALFACE((2526,2549,2550,2527));
#2485=IFCINDEXEDPOLYGONALFACE((2527,2550,2551,2528));
#2486=IFCINDEXEDPOLYGONALFACE((2528,2551,2552,2529));
#2487=IFCINDEXEDPOLYGONALFACE((2529,2552,2553,2530));
#2488=IFCINDEXEDPOLYGONALFACE((2530,2553,2554,2531));
#2489=IFCINDEXEDPOLYGONALFACE((2531,2554,2555,2532));
#2490=IFCINDEXEDPOLYGONALFACE((2532,2555,2556,2533));
#2491=IFCINDEXEDPOLYGONALFACE((2533,2556,2557,2534));
#2492=IFCINDEXEDPOLYGONALFACE((2534,2557,2558,2535));
#2493=IFCINDEXEDPOLYGONALFACE((2535,2558,2559,2536));
#2494=IFCINDEXEDPOLYGONALFACE((2536,2559,2560,2537));
#2495=IFCINDEXEDPOLYGONALFACE((2537,2560,2561,2538));
#2496=IFCINDEXEDPOLYGONALFACE((2538,2561,1976,1951));
#2497=IFCINDEXEDPOLYGONALFACE((1264,1266,2562,2539));
#2498=IFCINDEXEDPOLYGONALFACE((2539,2562,2563,2540));
#2499=IFCINDEXEDPOLYGONALFACE((2540,2563,2564,2541));
#2500=IFCINDEXEDPOLYGONALFACE((2541,2564,2565,2542));
#2501=IFCINDEXEDPOLYGONALFACE((2542,2565,2566,2543));
#2502=IFCINDEXEDPOLYGONALFACE((2543,2566,2567,2544));
#2503=IFCINDEXEDPOLYGONALFACE((2544,2567,2568,2545));
#2504=IFCINDEXEDPOLYGONALFACE((2545,2568,2569,2546));
#2505=IFCINDEXEDPOLYGONALFACE((2546,2569,2570,2547));
#2506=IFCINDEXEDPOLYGONALFACE((2547,2570,2571,2548));
#2507=IFCINDEXEDPOLYGONALFACE((2548,2571,2572,2549));
#2508=IFCINDEXEDPOLYGONALFACE((2549,2572,2573,2550));
#2509=IFCINDEXEDPOLYGONALFACE((2550,2573,2574,2551));
#2510=IFCINDEXEDPOLYGONALFACE((2551,2574,2575,2552));
#2511=IFCINDEXEDPOLYGONALFACE((2552,2575,2576,2553));
#2512=IFCINDEXEDPOLYGONALFACE((2553,2576,2577,2554));
#2513=IFCINDEXEDPOLYGONALFACE((2554,2577,2578,2555));
#2514=IFCINDEXEDPOLYGONALFACE((2555,2578,2579,2556));
#2515=IFCINDEXEDPOLYGONALFACE((2556,2579,2580,2557));
#2516=IFCINDEXEDPOLYGONALFACE((2557,2580,2581,2558));
#2517=IFCINDEXEDPOLYGONALFACE((2558,2581,2582,2559));
#2518=IFCINDEXEDPOLYGONALFACE((2559,2582,2583,2560));
#2519=IFCINDEXEDPOLYGONALFACE((2560,2583,2584,2561));
#2520=IFCINDEXEDPOLYGONALFACE((2561,2584,2001,1976));
#2521=IFCINDEXEDPOLYGONALFACE((1266,1268,2585,2562));
#2522=IFCINDEXEDPOLYGONALFACE((2562,2585,2586,2563));
#2523=IFCINDEXEDPOLYGONALFACE((2563,2586,2587,2564));
#2524=IFCINDEXEDPOLYGONALFACE((2564,2587,2588,2565));
#2525=IFCINDEXEDPOLYGONALFACE((2565,2588,2589,2566));
#2526=IFCINDEXEDPOLYGONALFACE((2566,2589,2590,2567));
#2527=IFCINDEXEDPOLYGONALFACE((2567,2590,2591,2568));
#2528=IFCINDEXEDPOLYGONALFACE((2568,2591,2592,2569));
#2529=IFCINDEXEDPOLYGONALFACE((2569,2592,2593,2570));
#2530=IFCINDEXEDPOLYGONALFACE((2570,2593,2594,2571));
#2531=IFCINDEXEDPOLYGONALFACE((2571,2594,2595,2572));
#2532=IFCINDEXEDPOLYGONALFACE((2572,2595,2596,2573));
#2533=IFCINDEXEDPOLYGONALFACE((2573,2596,2597,2574));
#2534=IFCINDEXEDPOLYGONALFACE((2574,2597,2598,2575));
#2535=IFCINDEXEDPOLYGONALFACE((2575,2598,2599,2576));
#2536=IFCINDEXEDPOLYGONALFACE((2576,2599,2600,2577));
#2537=IFCINDEXEDPOLYGONALFACE((2577,2600,2601,2578));
#2538=IFCINDEXEDPOLYGONALFACE((2578,2601,2602,2579));
#2539=IFCINDEXEDPOLYGONALFACE((2579,2602,2603,2580));
#2540=IFCINDEXEDPOLYGONALFACE((2580,2603,2604,2581));
#2541=IFCINDEXEDPOLYGONALFACE((2581,2604,2605,2582));
#2542=IFCINDEXEDPOLYGONALFACE((2582,2605,2606,2583));
#2543=IFCINDEXEDPOLYGONALFACE((2583,2606,2607,2584));
#2544=IFCINDEXEDPOLYGONALFACE((2584,2607,2026,2001));
#2545=IFCINDEXEDPOLYGONALFACE((1268,1270,2608,2585));
#2546=IFCINDEXEDPOLYGONALFACE((2585,2608,2609,2586));
#2547=IFCINDEXEDPOLYGONALFACE((2586,2609,2610,2587));
#2548=IFCINDEXEDPOLYGONALFACE((2587,2610,2611,2588));
#2549=IFCINDEXEDPOLYGONALFACE((2588,2611,2612,2589));
#2550=IFCINDEXEDPOLYGONALFACE((2589,2612,2613,2590));
#2551=IFCINDEXEDPOLYGONALFACE((2590,2613,2614,2591));
#2552=IFCINDEXEDPOLYGONALFACE((2591,2614,2615,2592));
#2553=IFCINDEXEDPOLYGONALFACE((2592,2615,2616,2593));
#2554=IFCINDEXEDPOLYGONALFACE((2593,2616,2617,2594));
#2555=IFCINDEXEDPOLYGONALFACE((2594,2617,2618,2595));
#2556=IFCINDEXEDPOLYGONALFACE((2595,2618,2619,2596));
#2557=IFCINDEXEDPOLYGONALFACE((2596,2619,2620,2597));
#2558=IFCINDEXEDPOLYGONALFACE((2597,2620,2621,2598));
#2559=IFCINDEXEDPOLYGONALFACE((2598,2621,2622,2599));
#2560=IFCINDEXEDPOLYGONALFACE((2599,2622,2623,2600));
#2561=IFCINDEXEDPOLYGONALFACE((2600,2623,2624,2601));
#2562=IFCINDEXEDPOLYGONALFACE((2601,2624,2625,2602));
#2563=IFCINDEXEDPOLYGONALFACE((2602,2625,2626,2603));
#2564=IFCINDEXEDPOLYGONALFACE((2603,2626,2627,2604));
#2565=IFCINDEXEDPOLYGONALFACE((2604,2627,2628,2605));
#2566=IFCINDEXEDPOLYGONALFACE((2605,2628,2629,2606));
#2567=IFCINDEXEDPOLYGONALFACE((2606,2629,2630,2607));
#2568=IFCINDEXEDPOLYGONALFACE((2607,2630,2051,2026));
#2569=IFCINDEXEDPOLYGONALFACE((1270,1272,2631,2608));
#2570=IFCINDEXEDPOLYGONALFACE((2608,2631,2632,2609));
#2571=IFCINDEXEDPOLYGONALFACE((2609,2632,2633,2610));
#2572=IFCINDEXEDPOLYGONALFACE((2610,2633,2634,2611));
#2573=IFCINDEXEDPOLYGONALFACE((2611,2634,2635,2612));
#2574=IFCINDEXEDPOLYGONALFACE((2612,2635,2636,2613));
#2575=IFCINDEXEDPOLYGONALFACE((2613,2636,2637,2614));
#2576=IFCINDEXEDPOLYGONALFACE((2614,2637,2638,2615));
#2577=IFCINDEXEDPOLYGONALFACE((2615,2638,2639,2616));
#2578=IFCINDEXEDPOLYGONALFACE((2616,2639,2640,2617));
#2579=IFCINDEXEDPOLYGONALFACE((2617,2640,2641,2618));
#2580=IFCINDEXEDPOLYGONALFACE((2618,2641,2642,2619));
#2581=IFCINDEXEDPOLYGONALFACE((2619,2642,2643,2620));
#2582=IFCINDEXEDPOLYGONALFACE((2620,2643,2644,2621));
#2583=IFCINDEXEDPOLYGONALFACE((2621,2644,2645,2622));
#2584=IFCINDEXEDPOLYGONALFACE((2622,2645,2646,2623));
#2585=IFCINDEXEDPOLYGONALFACE((2623,2646,2647,2624));
#2586=IFCINDEXEDPOLYGONALFACE((2624,2647,2648,2625));
#2587=IFCINDEXEDPOLYGONALFACE((2625,2648,2649,2626));
#2588=IFCINDEXEDPOLYGONALFACE((2626,2649,2650,2627));
#2589=IFCINDEXEDPOLYGONALFACE((2627,2650,2651,2628));
#2590=IFCINDEXEDPOLYGONALFACE((2628,2651,2652,2629));
#2591=IFCINDEXEDPOLYGONALFACE((2629,2652,2653,2630));
#2592=IFCINDEXEDPOLYGONALFACE((2630,2653,2076,2051));
#2593=IFCINDEXEDPOLYGONALFACE((1272,1274,2654,2631));
#2594=IFCINDEXEDPOLYGONALFACE((2631,2654,2655,2632));
#2595=IFCINDEXEDPOLYGONALFACE((2632,2655,2656,2633));
#2596=IFCINDEXEDPOLYGONALFACE((2633,2656,2657,2634));
#2597=IFCINDEXEDPOLYGONALFACE((2634,2657,2658,2635));
#2598=IFCINDEXEDPOLYGONALFACE((2635,2658,2659,2636));
#2599=IFCINDEXEDPOLYGONALFACE((2636,2659,2660,2637));
#2600=IFCINDEXEDPOLYGONALFACE((2637,2660,2661,2638));
#2601=IFCINDEXEDPOLYGONALFACE((2638,2661,2662,2639));
#2602=IFCINDEXEDPOLYGONALFACE((2639,2662,2663,2640));
#2603=IFCINDEXEDPOLYGONALFACE((2640,2663,2664,2641));
#2604=IFCINDEXEDPOLYGONALFACE((2641,2664,2665,2642));
#2605=IFCINDEXEDPOLYGONALFACE((2642,2665,2666,2643));
#2606=IFCINDEXEDPOLYGONALFACE((2643,2666,2667,2644));
#2607=IFCINDEXEDPOLYGONALFACE((2644,2667,2668,2645));
#2608=IFCINDEXEDPOLYGONALFACE((2645,2668,2669,2646));
#2609=IFCINDEXEDPOLYGONALFACE((2646,2669,2670,2647));
#2610=IFCINDEXEDPOLYGONALFACE((2647,2670,2671,2648));
#2611=IFCINDEXEDPOLYGONALFACE((2648,2671,2672,2649));
#2612=IFCINDEXEDPOLYGONALFACE((2649,2672,2673,2650));
#2613=IFCINDEXEDPOLYGONALFACE((2650,2673,2674,2651));
#2614=IFCINDEXEDPOLYGONALFACE((2651,2674,2675,2652));
#2615=IFCINDEXEDPOLYGONALFACE((2652,2675,2676,2653));
#2616=IFCINDEXEDPOLYGONALFACE((2653,2676,2101,2076));
#2617=IFCINDEXEDPOLYGONALFACE((1274,1276,2677,2654));
#2618=IFCINDEXEDPOLYGONALFACE((2654,2677,2678,2655));
#2619=IFCINDEXEDPOLYGONALFACE((2655,2678,2679,2656));
#2620=IFCINDEXEDPOLYGONALFACE((2656,2679,2680,2657));
#2621=IFCINDEXEDPOLYGONALFACE((2657,2680,2681,2658));
#2622=IFCINDEXEDPOLYGONALFACE((2658,2681,2682,2659));
#2623=IFCINDEXEDPOLYGONALFACE((2659,2682,2683,2660));
#2624=IFCINDEXEDPOLYGONALFACE((2660,2683,2684,2661));
#2625=IFCINDEXEDPOLYGONALFACE((2661,2684,2685,2662));
#2626=IFCINDEXEDPOLYGONALFACE((2662,2685,2686,2663));
#2627=IFCINDEXEDPOLYGONALFACE((2663,2686,2687,2664));
#2628=IFCINDEXEDPOLYGONALFACE((2664,2687,2688,2665));
#2629=IFCINDEXEDPOLYGONALFACE((2665,2688,2689,2666));
#2630=IFCINDEXEDPOLYGONALFACE((2666,2689,2690,2667));
#2631=IFCINDEXEDPOLYGONALFACE((2667,2690,2691,2668));
#2632=IFCINDEXEDPOLYGONALFACE((2668,2691,2692,2669));
#2633=IFCINDEXEDPOLYGONALFACE((2669,2692,2693,2670));
#2634=IFCINDEXEDPOLYGONALFACE((2670,2693,2694,2671));
#2635=IFCINDEXEDPOLYGONALFACE((2671,2694,2695,2672));
#2636=IFCINDEXEDPOLYGONALFACE((2672,2695,2696,2673));
#2637=IFCINDEXEDPOLYGONALFACE((2673,2696,2697,2674));
#2638=IFCINDEXEDPOLYGONALFACE((2674,2697,2698,2675));
#2639=IFCINDEXEDPOLYGONALFACE((2675,2698,2699,2676));
#2640=IFCINDEXEDPOLYGONALFACE((2676,2699,2126,2101));
#2641=IFCINDEXEDPOLYGONALFACE((1276,1278,2700,2677));
#2642=IFCINDEXEDPOLYGONALFACE((2677,2700,2701,2678));
#2643=IFCINDEXEDPOLYGONALFACE((2678,2701,2702,2679));
#2644=IFCINDEXEDPOLYGONALFACE((2679,2702,2703,2680));
#2645=IFCINDEXEDPOLYGONALFACE((2680,2703,2704,2681));
#2646=IFCINDEXEDPOLYGONALFACE((2681,2704,2705,2682));
#2647=IFCINDEXEDPOLYGONALFACE((2682,2705,2706,2683));
#2648=IFCINDEXEDPOLYGONALFACE((2683,2706,2707,2684));
#2649=IFCINDEXEDPOLYGONALFACE((2684,2707,2708,2685));
#2650=IFCINDEXEDPOLYGONALFACE((2685,2708,2709,2686));
#2651=IFCINDEXEDPOLYGONALFACE((2686,2709,2710,2687));
#2652=IFCINDEXEDPOLYGONALFACE((2687,2710,2711,2688));
#2653=IFCINDEXEDPOLYGONALFACE((2688,2711,2712,2689));
#2654=IFCINDEXEDPOLYGONALFACE((2689,2712,2713,2690));
#2655=IFCINDEXEDPOLYGONALFACE((2690,2713,2714,2691));
#2656=IFCINDEXEDPOLYGONALFACE((2691,2714,2715,2692));
#2657=IFCINDEXEDPOLYGONALFACE((2692,2715,2716,2693));
#2658=IFCINDEXEDPOLYGONALFACE((2693,2716,2717,2694));
#2659=IFCINDEXEDPOLYGONALFACE((2694,2717,2718,2695));
#2660=IFCINDEXEDPOLYGONALFACE((2695,2718,2719,2696));
#2661=IFCINDEXEDPOLYGONALFACE((2696,2719,2720,2697));
#2662=IFCINDEXEDPOLYGONALFACE((2697,2720,2721,2698));
#2663=IFCINDEXEDPOLYGONALFACE((2698,2721,2722,2699));
#2664=IFCINDEXEDPOLYGONALFACE((2699,2722,2151,2126));
#2665=IFCINDEXEDPOLYGONALFACE((1278,1280,2723,2700));
#2666=IFCINDEXEDPOLYGONALFACE((2700,2723,2724,2701));
#2667=IFCINDEXEDPOLYGONALFACE((2701,2724,2725,2702));
#2668=IFCINDEXEDPOLYGONALFACE((2702,2725,2726,2703));
#2669=IFCINDEXEDPOLYGONALFACE((2703,2726,2727,2704));
#2670=IFCINDEXEDPOLYGONALFACE((2704,2727,2728,2705));
#2671=IFCINDEXEDPOLYGONALFACE((2705,2728,2729,2706));
#2672=IFCINDEXEDPOLYGONALFACE((2706,2729,2730,2707));
#2673=IFCINDEXEDPOLYGONALFACE((2707,2730,2731,2708));
#2674=IFCINDEXEDPOLYGONALFACE((2708,2731,2732,2709));
#2675=IFCINDEXEDPOLYGONALFACE((2709,2732,2733,2710));
#2676=IFCINDEXEDPOLYGONALFACE((2710,2733,2734,2711));
#2677=IFCINDEXEDPOLYGONALFACE((2711,2734,2735,2712));
#2678=IFCINDEXEDPOLYGONALFACE((2712,2735,2736,2713));
#2679=IFCINDEXEDPOLYGONALFACE((2713,2736,2737,2714));
#2680=IFCINDEXEDPOLYGONALFACE((2714,2737,2738,2715));
#2681=IFCINDEXEDPOLYGONALFACE((2715,2738,2739,2716));
#2682=IFCINDEXEDPOLYGONALFACE((2716,2739,2740,2717));
#2683=IFCINDEXEDPOLYGONALFACE((2717,2740,2741,2718));
#2684=IFCINDEXEDPOLYGONALFACE((2718,2741,2742,2719));
#2685=IFCINDEXEDPOLYGONALFACE((2719,2742,2743,2720));
#2686=IFCINDEXEDPOLYGONALFACE((2720,2743,2744,2721));
#2687=IFCINDEXEDPOLYGONALFACE((2721,2744,2745,2722));
#2688=IFCINDEXEDPOLYGONALFACE((2722,2745,2176,2151));
#2689=IFCINDEXEDPOLYGONALFACE((1280,1282,2746,2723));
#2690=IFCINDEXEDPOLYGONALFACE((2723,2746,2747,2724));
#2691=IFCINDEXEDPOLYGONALFACE((2724,2747,2748,2725));
#2692=IFCINDEXEDPOLYGONALFACE((2725,2748,2749,2726));
#2693=IFCINDEXEDPOLYGONALFACE((2726,2749,2750,2727));
#2694=IFCINDEXEDPOLYGONALFACE((2727,2750,2751,2728));
#2695=IFCINDEXEDPOLYGONALFACE((2728,2751,2752,2729));
#2696=IFCINDEXEDPOLYGONALFACE((2729,2752,2753,2730));
#2697=IFCINDEXEDPOLYGONALFACE((2730,2753,2754,2731));
#2698=IFCINDEXEDPOLYGONALFACE((2731,2754,2755,2732));
#2699=IFCINDEXEDPOLYGONALFACE((2732,2755,2756,2733));
#2700=IFCINDEXEDPOLYGONALFACE((2733,2756,2757,2734));
#2701=IFCINDEXEDPOLYGONALFACE((2734,2757,2758,2735));
#2702=IFCINDEXEDPOLYGONALFACE((2735,2758,2759,2736));
#2703=IFCINDEXEDPOLYGONALFACE((2736,2759,2760,2737));
#2704=IFCINDEXEDPOLYGONALFACE((2737,2760,2761,2738));
#2705=IFCINDEXEDPOLYGONALFACE((2738,2761,2762,2739));
#2706=IFCINDEXEDPOLYGONALFACE((2739,2762,2763,2740));
#2707=IFCINDEXEDPOLYGONALFACE((2740,2763,2764,2741));
#2708=IFCINDEXEDPOLYGONALFACE((2741,2764,2765,2742));
#2709=IFCINDEXEDPOLYGONALFACE((2742,2765,2766,2743));
#2710=IFCINDEXEDPOLYGONALFACE((2743,2766,2767,2744));
#2711=IFCINDEXEDPOLYGONALFACE((2744,2767,2768,2745));
#2712=IFCINDEXEDPOLYGONALFACE((2745,2768,2201,2176));
#2713=IFCINDEXEDPOLYGONALFACE((1282,1284,2769,2746));
#2714=IFCINDEXEDPOLYGONALFACE((2746,2769,2770,2747));
#2715=IFCINDEXEDPOLYGONALFACE((2747,2770,2771,2748));
#2716=IFCINDEXEDPOLYGONALFACE((2748,2771,2772,2749));
#2717=IFCINDEXEDPOLYGONALFACE((2749,2772,2773,2750));
#2718=IFCINDEXEDPOLYGONALFACE((2750,2773,2774,2751));
#2719=IFCINDEXEDPOLYGONALFACE((2751,2774,2775,2752));
#2720=IFCINDEXEDPOLYGONALFACE((2752,2775,2776,2753));
#2721=IFCINDEXEDPOLYGONALFACE((2753,2776,2777,2754));
#2722=IFCINDEXEDPOLYGONALFACE((2754,2777,2778,2755));
#2723=IFCINDEXEDPOLYGONALFACE((2755,2778,2779,2756));
#2724=IFCINDEXEDPOLYGONALFACE((2756,2779,2780,2757));
#2725=IFCINDEXEDPOLYGONALFACE((2757,2780,2781,2758));
#2726=IFCINDEXEDPOLYGONALFACE((2758,2781,2782,2759));
#2727=IFCINDEXEDPOLYGONALFACE((2759,2782,2783,2760));
#2728=IFCINDEXEDPOLYGONALFACE((2760,2783,2784,2761));
#2729=IFCINDEXEDPOLYGONALFACE((2761,2784,2785,2762));
#2730=IFCINDEXEDPOLYGONALFACE((2762,2785,2786,2763));
#2731=IFCINDEXEDPOLYGONALFACE((2763,2786,2787,2764));
#2732=IFCINDEXEDPOLYGONALFACE((2764,2787,2788,2765));
#2733=IFCINDEXEDPOLYGONALFACE((2765,2788,2789,2766));
#2734=IFCINDEXEDPOLYGONALFACE((2766,2789,2790,2767));
#2735=IFCINDEXEDPOLYGONALFACE((2767,2790,2791,2768));
#2736=IFCINDEXEDPOLYGONALFACE((2768,2791,2226,2201));
#2737=IFCINDEXEDPOLYGONALFACE((1284,1286,2792,2769));
#2738=IFCINDEXEDPOLYGONALFACE((2769,2792,2793,2770));
#2739=IFCINDEXEDPOLYGONALFACE((2770,2793,2794,2771));
#2740=IFCINDEXEDPOLYGONALFACE((2771,2794,2795,2772));
#2741=IFCINDEXEDPOLYGONALFACE((2772,2795,2796,2773));
#2742=IFCINDEXEDPOLYGONALFACE((2773,2796,2797,2774));
#2743=IFCINDEXEDPOLYGONALFACE((2774,2797,2798,2775));
#2744=IFCINDEXEDPOLYGONALFACE((2775,2798,2799,2776));
#2745=IFCINDEXEDPOLYGONALFACE((2776,2799,2800,2777));
#2746=IFCINDEXEDPOLYGONALFACE((2777,2800,2801,2778));
#2747=IFCINDEXEDPOLYGONALFACE((2778,2801,2802,2779));
#2748=IFCINDEXEDPOLYGONALFACE((2779,2802,2803,2780));
#2749=IFCINDEXEDPOLYGONALFACE((2780,2803,2804,2781));
#2750=IFCINDEXEDPOLYGONALFACE((2781,2804,2805,2782));
#2751=IFCINDEXEDPOLYGONALFACE((2782,2805,2806,2783));
#2752=IFCINDEXEDPOLYGONALFACE((2783,2806,2807,2784));
#2753=IFCINDEXEDPOLYGONALFACE((2784,2807,2808,2785));
#2754=IFCINDEXEDPOLYGONALFACE((2785,2808,2809,2786));
#2755=IFCINDEXEDPOLYGONALFACE((2786,2809,2810,2787));
#2756=IFCINDEXEDPOLYGONALFACE((2787,2810,2811,2788));
#2757=IFCINDEXEDPOLYGONALFACE((2788,2811,2812,2789));
#2758=IFCINDEXEDPOLYGONALFACE((2789,2812,2813,2790));
#2759=IFCINDEXEDPOLYGONALFACE((2790,2813,2814,2791));
#2760=IFCINDEXEDPOLYGONALFACE((2791,2814,2251,2226));
#2761=IFCINDEXEDPOLYGONALFACE((1286,1288,2815,2792));
#2762=IFCINDEXEDPOLYGONALFACE((2792,2815,2816,2793));
#2763=IFCINDEXEDPOLYGONALFACE((2793,2816,2817,2794));
#2764=IFCINDEXEDPOLYGONALFACE((2794,2817,2818,2795));
#2765=IFCINDEXEDPOLYGONALFACE((2795,2818,2819,2796));
#2766=IFCINDEXEDPOLYGONALFACE((2796,2819,2820,2797));
#2767=IFCINDEXEDPOLYGONALFACE((2797,2820,2821,2798));
#2768=IFCINDEXEDPOLYGONALFACE((2798,2821,2822,2799));
#2769=IFCINDEXEDPOLYGONALFACE((2799,2822,2823,2800));
#2770=IFCINDEXEDPOLYGONALFACE((2800,2823,2824,2801));
#2771=IFCINDEXEDPOLYGONALFACE((2801,2824,2825,2802));
#2772=IFCINDEXEDPOLYGONALFACE((2802,2825,2826,2803));
#2773=IFCINDEXEDPOLYGONALFACE((2803,2826,2827,2804));
#2774=IFCINDEXEDPOLYGONALFACE((2804,2827,2828,2805));
#2775=IFCINDEXEDPOLYGONALFACE((2805,2828,2829,2806));
#2776=IFCINDEXEDPOLYGONALFACE((2806,2829,2830,2807));
#2777=IFCINDEXEDPOLYGONALFACE((2807,2830,2831,2808));
#2778=IFCINDEXEDPOLYGONALFACE((2808,2831,2832,2809));
#2779=IFCINDEXEDPOLYGONALFACE((2809,2832,2833,2810));
#2780=IFCINDEXEDPOLYGONALFACE((2810,2833,2834,2811));
#2781=IFCINDEXEDPOLYGONALFACE((2811,2834,2835,2812));
#2782=IFCINDEXEDPOLYGONALFACE((2812,2835,2836,2813));
#2783=IFCINDEXEDPOLYGONALFACE((2813,2836,2837,2814));
#2784=IFCINDEXEDPOLYGONALFACE((2814,2837,2276,2251));
#2785=IFCINDEXEDPOLYGONALFACE((1288,1290,2838,2815));
#2786=IFCINDEXEDPOLYGONALFACE((2815,2838,2839,2816));
#2787=IFCINDEXEDPOLYGONALFACE((2816,2839,2840,2817));
#2788=IFCINDEXEDPOLYGONALFACE((2817,2840,2841,2818));
#2789=IFCINDEXEDPOLYGONALFACE((2818,2841,2842,2819));
#2790=IFCINDEXEDPOLYGONALFACE((2819,2842,2843,2820));
#2791=IFCINDEXEDPOLYGONALFACE((2820,2843,2844,2821));
#2792=IFCINDEXEDPOLYGONALFACE((2821,2844,2845,2822));
#2793=IFCINDEXEDPOLYGONALFACE((2822,2845,2846,2823));
#2794=IFCINDEXEDPOLYGONALFACE((2823,2846,2847,2824));
#2795=IFCINDEXEDPOLYGONALFACE((2824,2847,2848,2825));
#2796=IFCINDEXEDPOLYGONALFACE((2825,2848,2849,2826));
#2797=IFCINDEXEDPOLYGONALFACE((2826,2849,2850,2827));
#2798=IFCINDEXEDPOLYGONALFACE((2827,2850,2851,2828));
#2799=IFCINDEXEDPOLYGONALFACE((2828,2851,2852,2829));
#2800=IFCINDEXEDPOLYGONALFACE((2829,2852,2853,2830));
#2801=IFCINDEXEDPOLYGONALFACE((2830,2853,2854,2831));
#2802=IFCINDEXEDPOLYGONALFACE((2831,2854,2855,2832));
#2803=IFCINDEXEDPOLYGONALFACE((2832,2855,2856,2833));
#2804=IFCINDEXEDPOLYGONALFACE((2833,2856,2857,2834));
#2805=IFCINDEXEDPOLYGONALFACE((2834,2857,2858,2835));
#2806=IFCINDEXEDPOLYGONALFACE((2835,2858,2859,2836));
#2807=IFCINDEXEDPOLYGONALFACE((2836,2859,2860,2837));
#2808=IFCINDEXEDPOLYGONALFACE((2837,2860,2301,2276));
#2809=IFCINDEXEDPOLYGONALFACE((1290,1292,2861,2838));
#2810=IFCINDEXEDPOLYGONALFACE((2838,2861,2862,2839));
#2811=IFCINDEXEDPOLYGONALFACE((2839,2862,2863,2840));
#2812=IFCINDEXEDPOLYGONALFACE((2840,2863,2864,2841));
#2813=IFCINDEXEDPOLYGONALFACE((2841,2864,2865,2842));
#2814=IFCINDEXEDPOLYGONALFACE((2842,2865,2866,2843));
#2815=IFCINDEXEDPOLYGONALFACE((2843,2866,2867,2844));
#2816=IFCINDEXEDPOLYGONALFACE((2844,2867,2868,2845));
#2817=IFCINDEXEDPOLYGONALFACE((2845,2868,2869,2846));
#2818=IFCINDEXEDPOLYGONALFACE((2846,2869,2870,2847));
#2819=IFCINDEXEDPOLYGONALFACE((2847,2870,2871,2848));
#2820=IFCINDEXEDPOLYGONALFACE((2848,2871,2872,2849));
#2821=IFCINDEXEDPOLYGONALFACE((2849,2872,2873,2850));
#2822=IFCINDEXEDPOLYGONALFACE((2850,2873,2874,2851));
#2823=IFCINDEXEDPOLYGONALFACE((2851,2874,2875,2852));
#2824=IFCINDEXEDPOLYGONALFACE((2852,2875,2876,2853));
#2825=IFCINDEXEDPOLYGONALFACE((2853,2876,2877,2854));
#2826=IFCINDEXEDPOLYGONALFACE((2854,2877,2878,2855));
#2827=IFCINDEXEDPOLYGONALFACE((2855,2878,2879,2856));
#2828=IFCINDEXEDPOLYGONALFACE((2856,2879,2880,2857));
#2829=IFCINDEXEDPOLYGONALFACE((2857,2880,2881,2858));
#2830=IFCINDEXEDPOLYGONALFACE((2858,2881,2882,2859));
#2831=IFCINDEXEDPOLYGONALFACE((2859,2882,2883,2860));
#2832=IFCINDEXEDPOLYGONALFACE((2860,2883,2326,2301));
#2833=IFCINDEXEDPOLYGONALFACE((1292,1294,2884,2861));
#2834=IFCINDEXEDPOLYGONALFACE((2861,2884,2885,2862));
#2835=IFCINDEXEDPOLYGONALFACE((2862,2885,2886,2863));
#2836=IFCINDEXEDPOLYGONALFACE((2863,2886,2887,2864));
#2837=IFCINDEXEDPOLYGONALFACE((2864,2887,2888,2865));
#2838=IFCINDEXEDPOLYGONALFACE((2865,2888,2889,2866));
#2839=IFCINDEXEDPOLYGONALFACE((2866,2889,2890,2867));
#2840=IFCINDEXEDPOLYGONALFACE((2867,2890,2891,2868));
#2841=IFCINDEXEDPOLYGONALFACE((2868,2891,2892,2869));
#2842=IFCINDEXEDPOLYGONALFACE((2869,2892,2893,2870));
#2843=IFCINDEXEDPOLYGONALFACE((2870,2893,2894,2871));
#2844=IFCINDEXEDPOLYGONALFACE((2871,2894,2895,2872));
#2845=IFCINDEXEDPOLYGONALFACE((2872,2895,2896,2873));
#2846=IFCINDEXEDPOLYGONALFACE((2873,2896,2897,2874));
#2847=IFCINDEXEDPOLYGONALFACE((2874,2897,2898,2875));
#2848=IFCINDEXEDPOLYGONALFACE((2875,2898,2899,2876));
#2849=IFCINDEXEDPOLYGONALFACE((2876,2899,2900,2877));
#2850=IFCINDEXEDPOLYGONALFACE((2877,2900,2901,2878));
#2851=IFCINDEXEDPOLYGONALFACE((2878,2901,2902,2879));
#2852=IFCINDEXEDPOLYGONALFACE((2879,2902,2903,2880));
#2853=IFCINDEXEDPOLYGONALFACE((2880,2903,2904,2881));
#2854=IFCINDEXEDPOLYGONALFACE((2881,2904,2905,2882));
#2855=IFCINDEXEDPOLYGONALFACE((2882,2905,2906,2883));
#2856=IFCINDEXEDPOLYGONALFACE((2883,2906,2351,2326));
#2857=IFCINDEXEDPOLYGONALFACE((1294,1296,2907,2884));
#2858=IFCINDEXEDPOLYGONALFACE((2884,2907,2908,2885));
#2859=IFCINDEXEDPOLYGONALFACE((2885,2908,2909,2886));
#2860=IFCINDEXEDPOLYGONALFACE((2886,2909,2910,2887));
#2861=IFCINDEXEDPOLYGONALFACE((2887,2910,2911,2888));
#2862=IFCINDEXEDPOLYGONALFACE((2888,2911,2912,2889));
#2863=IFCINDEXEDPOLYGONALFACE((2889,2912,2913,2890));
#2864=IFCINDEXEDPOLYGONALFACE((2890,2913,2914,2891));
#2865=IFCINDEXEDPOLYGONALFACE((2891,2914,2915,2892));
#2866=IFCINDEXEDPOLYGONALFACE((2892,2915,2916,2893));
#2867=IFCINDEXEDPOLYGONALFACE((2893,2916,2917,2894));
#2868=IFCINDEXEDPOLYGONALFACE((2894,2917,2918,2895));
#2869=IFCINDEXEDPOLYGONALFACE((2895,2918,2919,2896));
#2870=IFCINDEXEDPOLYGONALFACE((2896,2919,2920,2897));
#2871=IFCINDEXEDPOLYGONALFACE((2897,2920,2921,2898));
#2872=IFCINDEXEDPOLYGONALFACE((2898,2921,2922,2899));
#2873=IFCINDEXEDPOLYGONALFACE((2899,2922,2923,2900));
#2874=IFCINDEXEDPOLYGONALFACE((2900,2923,2924,2901));
#2875=IFCINDEXEDPOLYGONALFACE((2901,2924,2925,2902));
#2876=IFCINDEXEDPOLYGONALFACE((2902,2925,2926,2903));
#2877=IFCINDEXEDPOLYGONALFACE((2903,2926,2927,2904));
#2878=IFCINDEXEDPOLYGONALFACE((2904,2927,2928,2905));
#2879=IFCINDEXEDPOLYGONALFACE((2905,2928,2929,2906));
#2880=IFCINDEXEDPOLYGONALFACE((2906,2929,2376,2351));
#2881=IFCINDEXEDPOLYGONALFACE((1296,626,629,2907));
#2882=IFCINDEXEDPOLYGONALFACE((2907,629,631,2908));
#2883=IFCINDEXEDPOLYGONALFACE((2908,631,633,2909));
#2884=IFCINDEXEDPOLYGONALFACE((2909,633,635,2910));
#2885=IFCINDEXEDPOLYGONALFACE((2910,635,637,2911));
#2886=IFCINDEXEDPOLYGONALFACE((2911,637,639,2912));
#2887=IFCINDEXEDPOLYGONALFACE((2912,639,641,2913));
#2888=IFCINDEXEDPOLYGONALFACE((2913,641,643,2914));
#2889=IFCINDEXEDPOLYGONALFACE((2914,643,645,2915));
#2890=IFCINDEXEDPOLYGONALFACE((2915,645,647,2916));
#2891=IFCINDEXEDPOLYGONALFACE((2916,647,649,2917));
#2892=IFCINDEXEDPOLYGONALFACE((2917,649,651,2918));
#2893=IFCINDEXEDPOLYGONALFACE((2918,651,653,2919));
#2894=IFCINDEXEDPOLYGONALFACE((2919,653,655,2920));
#2895=IFCINDEXEDPOLYGONALFACE((2920,655,657,2921));
#2896=IFCINDEXEDPOLYGONALFACE((2921,657,659,2922));
#2897=IFCINDEXEDPOLYGONALFACE((2922,659,661,2923));
#2898=IFCINDEXEDPOLYGONALFACE((2923,661,663,2924));
#2899=IFCINDEXEDPOLYGONALFACE((2924,663,665,2925));
#2900=IFCINDEXEDPOLYGONALFACE((2925,665,667,2926));
#2901=IFCINDEXEDPOLYGONALFACE((2926,667,669,2927));
#2902=IFCINDEXEDPOLYGONALFACE((2927,669,671,2928));
#2903=IFCINDEXEDPOLYGONALFACE((2928,671,673,2929));
#2904=IFCINDEXEDPOLYGONALFACE((2929,673,675,2376));
#2905=IFCINDEXEDPOLYGONALFACE((625,624,2930,1803));
#2906=IFCINDEXEDPOLYGONALFACE((1803,2930,2931,1804));
#2907=IFCINDEXEDPOLYGONALFACE((1804,2931,2932,1805));
#2908=IFCINDEXEDPOLYGONALFACE((1805,2932,2933,1806));
#2909=IFCINDEXEDPOLYGONALFACE((1806,2933,2934,1807));
#2910=IFCINDEXEDPOLYGONALFACE((1807,2934,2935,1808));
#2911=IFCINDEXEDPOLYGONALFACE((1808,2935,2936,1809));
#2912=IFCINDEXEDPOLYGONALFACE((1809,2936,2937,1810));
#2913=IFCINDEXEDPOLYGONALFACE((1810,2937,2938,1811));
#2914=IFCINDEXEDPOLYGONALFACE((1811,2938,2939,1812));
#2915=IFCINDEXEDPOLYGONALFACE((1812,2939,2940,1813));
#2916=IFCINDEXEDPOLYGONALFACE((1813,2940,2941,1814));
#2917=IFCINDEXEDPOLYGONALFACE((1814,2941,2942,1815));
#2918=IFCINDEXEDPOLYGONALFACE((1815,2942,2943,1816));
#2919=IFCINDEXEDPOLYGONALFACE((1816,2943,2944,1817));
#2920=IFCINDEXEDPOLYGONALFACE((1817,2944,2945,1818));
#2921=IFCINDEXEDPOLYGONALFACE((1818,2945,2946,1819));
#2922=IFCINDEXEDPOLYGONALFACE((1819,2946,2947,1820));
#2923=IFCINDEXEDPOLYGONALFACE((1820,2947,2948,1821));
#2924=IFCINDEXEDPOLYGONALFACE((1821,2948,2949,1822));
#2925=IFCINDEXEDPOLYGONALFACE((1822,2949,2950,1823));
#2926=IFCINDEXEDPOLYGONALFACE((1823,2950,2951,1824));
#2927=IFCINDEXEDPOLYGONALFACE((1824,2951,2952,1825));
#2928=IFCINDEXEDPOLYGONALFACE((1825,2952,1227,1226));
#2929=IFCINDEXEDPOLYGONALFACE((624,623,2953,2930));
#2930=IFCINDEXEDPOLYGONALFACE((2930,2953,2954,2931));
#2931=IFCINDEXEDPOLYGONALFACE((2931,2954,2955,2932));
#2932=IFCINDEXEDPOLYGONALFACE((2932,2955,2956,2933));
#2933=IFCINDEXEDPOLYGONALFACE((2933,2956,2957,2934));
#2934=IFCINDEXEDPOLYGONALFACE((2934,2957,2958,2935));
#2935=IFCINDEXEDPOLYGONALFACE((2935,2958,2959,2936));
#2936=IFCINDEXEDPOLYGONALFACE((2936,2959,2960,2937));
#2937=IFCINDEXEDPOLYGONALFACE((2937,2960,2961,2938));
#2938=IFCINDEXEDPOLYGONALFACE((2938,2961,2962,2939));
#2939=IFCINDEXEDPOLYGONALFACE((2939,2962,2963,2940));
#2940=IFCINDEXEDPOLYGONALFACE((2940,2963,2964,2941));
#2941=IFCINDEXEDPOLYGONALFACE((2941,2964,2965,2942));
#2942=IFCINDEXEDPOLYGONALFACE((2942,2965,2966,2943));
#2943=IFCINDEXEDPOLYGONALFACE((2943,2966,2967,2944));
#2944=IFCINDEXEDPOLYGONALFACE((2944,2967,2968,2945));
#2945=IFCINDEXEDPOLYGONALFACE((2945,2968,2969,2946));
#2946=IFCINDEXEDPOLYGONALFACE((2946,2969,2970,2947));
#2947=IFCINDEXEDPOLYGONALFACE((2947,2970,2971,2948));
#2948=IFCINDEXEDPOLYGONALFACE((2948,2971,2972,2949));
#2949=IFCINDEXEDPOLYGONALFACE((2949,2972,2973,2950));
#2950=IFCINDEXEDPOLYGONALFACE((2950,2973,2974,2951));
#2951=IFCINDEXEDPOLYGONALFACE((2951,2974,2975,2952));
#2952=IFCINDEXEDPOLYGONALFACE((2952,2975,1228,1227));
#2953=IFCINDEXEDPOLYGONALFACE((623,622,2976,2953));
#2954=IFCINDEXEDPOLYGONALFACE((2953,2976,2977,2954));
#2955=IFCINDEXEDPOLYGONALFACE((2954,2977,2978,2955));
#2956=IFCINDEXEDPOLYGONALFACE((2955,2978,2979,2956));
#2957=IFCINDEXEDPOLYGONALFACE((2956,2979,2980,2957));
#2958=IFCINDEXEDPOLYGONALFACE((2957,2980,2981,2958));
#2959=IFCINDEXEDPOLYGONALFACE((2958,2981,2982,2959));
#2960=IFCINDEXEDPOLYGONALFACE((2959,2982,2983,2960));
#2961=IFCINDEXEDPOLYGONALFACE((2960,2983,2984,2961));
#2962=IFCINDEXEDPOLYGONALFACE((2961,2984,2985,2962));
#2963=IFCINDEXEDPOLYGONALFACE((2962,2985,2986,2963));
#2964=IFCINDEXEDPOLYGONALFACE((2963,2986,2987,2964));
#2965=IFCINDEXEDPOLYGONALFACE((2964,2987,2988,2965));
#2966=IFCINDEXEDPOLYGONALFACE((2965,2988,2989,2966));
#2967=IFCINDEXEDPOLYGONALFACE((2966,2989,2990,2967));
#2968=IFCINDEXEDPOLYGONALFACE((2967,2990,2991,2968));
#2969=IFCINDEXEDPOLYGONALFACE((2968,2991,2992,2969));
#2970=IFCINDEXEDPOLYGONALFACE((2969,2992,2993,2970));
#2971=IFCINDEXEDPOLYGONALFACE((2970,2993,2994,2971));
#2972=IFCINDEXEDPOLYGONALFACE((2971,2994,2995,2972));
#2973=IFCINDEXEDPOLYGONALFACE((2972,2995,2996,2973));
#2974=IFCINDEXEDPOLYGONALFACE((2973,2996,2997,2974));
#2975=IFCINDEXEDPOLYGONALFACE((2974,2997,2998,2975));
#2976=IFCINDEXEDPOLYGONALFACE((2975,2998,1229,1228));
#2977=IFCINDEXEDPOLYGONALFACE((622,621,2999,2976));
#2978=IFCINDEXEDPOLYGONALFACE((2976,2999,3000,2977));
#2979=IFCINDEXEDPOLYGONALFACE((2977,3000,3001,2978));
#2980=IFCINDEXEDPOLYGONALFACE((2978,3001,3002,2979));
#2981=IFCINDEXEDPOLYGONALFACE((2979,3002,3003,2980));
#2982=IFCINDEXEDPOLYGONALFACE((2980,3003,3004,2981));
#2983=IFCINDEXEDPOLYGONALFACE((2981,3004,3005,2982));
#2984=IFCINDEXEDPOLYGONALFACE((2982,3005,3006,2983));
#2985=IFCINDEXEDPOLYGONALFACE((2983,3006,3007,2984));
#2986=IFCINDEXEDPOLYGONALFACE((2984,3007,3008,2985));
#2987=IFCINDEXEDPOLYGONALFACE((2985,3008,3009,2986));
#2988=IFCINDEXEDPOLYGONALFACE((2986,3009,3010,2987));
#2989=IFCINDEXEDPOLYGONALFACE((2987,3010,3011,2988));
#2990=IFCINDEXEDPOLYGONALFACE((2988,3011,3012,2989));
#2991=IFCINDEXEDPOLYGONALFACE((2989,3012,3013,2990));
#2992=IFCINDEXEDPOLYGONALFACE((2990,3013,3014,2991));
#2993=IFCINDEXEDPOLYGONALFACE((2991,3014,3015,2992));
#2994=IFCINDEXEDPOLYGONALFACE((2992,3015,3016,2993));
#2995=IFCINDEXEDPOLYGONALFACE((2993,3016,3017,2994));
#2996=IFCINDEXEDPOLYGONALFACE((2994,3017,3018,2995));
#2997=IFCINDEXEDPOLYGONALFACE((2995,3018,3019,2996));
#2998=IFCINDEXEDPOLYGONALFACE((2996,3019,3020,2997));
#2999=IFCINDEXEDPOLYGONALFACE((2997,3020,3021,2998));
#3000=IFCINDEXEDPOLYGONALFACE((2998,3021,1230,1229));
#3001=IFCINDEXEDPOLYGONALFACE((621,620,3022,2999));
#3002=IFCINDEXEDPOLYGONALFACE((2999,3022,3023,3000));
#3003=IFCINDEXEDPOLYGONALFACE((3000,3023,3024,3001));
#3004=IFCINDEXEDPOLYGONALFACE((3001,3024,3025,3002));
#3005=IFCINDEXEDPOLYGONALFACE((3002,3025,3026,3003));
#3006=IFCINDEXEDPOLYGONALFACE((3003,3026,3027,3004));
#3007=IFCINDEXEDPOLYGONALFACE((3004,3027,3028,3005));
#3008=IFCINDEXEDPOLYGONALFACE((3005,3028,3029,3006));
#3009=IFCINDEXEDPOLYGONALFACE((3006,3029,3030,3007));
#3010=IFCINDEXEDPOLYGONALFACE((3007,3030,3031,3008));
#3011=IFCINDEXEDPOLYGONALFACE((3008,3031,3032,3009));
#3012=IFCINDEXEDPOLYGONALFACE((3009,3032,3033,3010));
#3013=IFCINDEXEDPOLYGONALFACE((3010,3033,3034,3011));
#3014=IFCINDEXEDPOLYGONALFACE((3011,3034,3035,3012));
#3015=IFCINDEXEDPOLYGONALFACE((3012,3035,3036,3013));
#3016=IFCINDEXEDPOLYGONALFACE((3013,3036,3037,3014));
#3017=IFCINDEXEDPOLYGONALFACE((3014,3037,3038,3015));
#3018=IFCINDEXEDPOLYGONALFACE((3015,3038,3039,3016));
#3019=IFCINDEXEDPOLYGONALFACE((3016,3039,3040,3017));
#3020=IFCINDEXEDPOLYGONALFACE((3017,3040,3041,3018));
#3021=IFCINDEXEDPOLYGONALFACE((3018,3041,3042,3019));
#3022=IFCINDEXEDPOLYGONALFACE((3019,3042,3043,3020));
#3023=IFCINDEXEDPOLYGONALFACE((3020,3043,3044,3021));
#3024=IFCINDEXEDPOLYGONALFACE((3021,3044,1231,1230));
#3025=IFCINDEXEDPOLYGONALFACE((620,619,3045,3022));
#3026=IFCINDEXEDPOLYGONALFACE((3022,3045,3046,3023));
#3027=IFCINDEXEDPOLYGONALFACE((3023,3046,3047,3024));
#3028=IFCINDEXEDPOLYGONALFACE((3024,3047,3048,3025));
#3029=IFCINDEXEDPOLYGONALFACE((3025,3048,3049,3026));
#3030=IFCINDEXEDPOLYGONALFACE((3026,3049,3050,3027));
#3031=IFCINDEXEDPOLYGONALFACE((3027,3050,3051,3028));
#3032=IFCINDEXEDPOLYGONALFACE((3028,3051,3052,3029));
#3033=IFCINDEXEDPOLYGONALFACE((3029,3052,3053,3030));
#3034=IFCINDEXEDPOLYGONALFACE((3030,3053,3054,3031));
#3035=IFCINDEXEDPOLYGONALFACE((3031,3054,3055,3032));
#3036=IFCINDEXEDPOLYGONALFACE((3032,3055,3056,3033));
#3037=IFCINDEXEDPOLYGONALFACE((3033,3056,3057,3034));
#3038=IFCINDEXEDPOLYGONALFACE((3034,3057,3058,3035));
#3039=IFCINDEXEDPOLYGONALFACE((3035,3058,3059,3036));
#3040=IFCINDEXEDPOLYGONALFACE((3036,3059,3060,3037));
#3041=IFCINDEXEDPOLYGONALFACE((3037,3060,3061,3038));
#3042=IFCINDEXEDPOLYGONALFACE((3038,3061,3062,3039));
#3043=IFCINDEXEDPOLYGONALFACE((3039,3062,3063,3040));
#3044=IFCINDEXEDPOLYGONALFACE((3040,3063,3064,3041));
#3045=IFCINDEXEDPOLYGONALFACE((3041,3064,3065,3042));
#3046=IFCINDEXEDPOLYGONALFACE((3042,3065,3066,3043));
#3047=IFCINDEXEDPOLYGONALFACE((3043,3066,3067,3044));
#3048=IFCINDEXEDPOLYGONALFACE((3044,3067,1232,1231));
#3049=IFCINDEXEDPOLYGONALFACE((619,618,3068,3045));
#3050=IFCINDEXEDPOLYGONALFACE((3045,3068,3069,3046));
#3051=IFCINDEXEDPOLYGONALFACE((3046,3069,3070,3047));
#3052=IFCINDEXEDPOLYGONALFACE((3047,3070,3071,3048));
#3053=IFCINDEXEDPOLYGONALFACE((3048,3071,3072,3049));
#3054=IFCINDEXEDPOLYGONALFACE((3049,3072,3073,3050));
#3055=IFCINDEXEDPOLYGONALFACE((3050,3073,3074,3051));
#3056=IFCINDEXEDPOLYGONALFACE((3051,3074,3075,3052));
#3057=IFCINDEXEDPOLYGONALFACE((3052,3075,3076,3053));
#3058=IFCINDEXEDPOLYGONALFACE((3053,3076,3077,3054));
#3059=IFCINDEXEDPOLYGONALFACE((3054,3077,3078,3055));
#3060=IFCINDEXEDPOLYGONALFACE((3055,3078,3079,3056));
#3061=IFCINDEXEDPOLYGONALFACE((3056,3079,3080,3057));
#3062=IFCINDEXEDPOLYGONALFACE((3057,3080,3081,3058));
#3063=IFCINDEXEDPOLYGONALFACE((3058,3081,3082,3059));
#3064=IFCINDEXEDPOLYGONALFACE((3059,3082,3083,3060));
#3065=IFCINDEXEDPOLYGONALFACE((3060,3083,3084,3061));
#3066=IFCINDEXEDPOLYGONALFACE((3061,3084,3085,3062));
#3067=IFCINDEXEDPOLYGONALFACE((3062,3085,3086,3063));
#3068=IFCINDEXEDPOLYGONALFACE((3063,3086,3087,3064));
#3069=IFCINDEXEDPOLYGONALFACE((3064,3087,3088,3065));
#3070=IFCINDEXEDPOLYGONALFACE((3065,3088,3089,3066));
#3071=IFCINDEXEDPOLYGONALFACE((3066,3089,3090,3067));
#3072=IFCINDEXEDPOLYGONALFACE((3067,3090,1233,1232));
#3073=IFCINDEXEDPOLYGONALFACE((618,617,3091,3068));
#3074=IFCINDEXEDPOLYGONALFACE((3068,3091,3092,3069));
#3075=IFCINDEXEDPOLYGONALFACE((3069,3092,3093,3070));
#3076=IFCINDEXEDPOLYGONALFACE((3070,3093,3094,3071));
#3077=IFCINDEXEDPOLYGONALFACE((3071,3094,3095,3072));
#3078=IFCINDEXEDPOLYGONALFACE((3072,3095,3096,3073));
#3079=IFCINDEXEDPOLYGONALFACE((3073,3096,3097,3074));
#3080=IFCINDEXEDPOLYGONALFACE((3074,3097,3098,3075));
#3081=IFCINDEXEDPOLYGONALFACE((3075,3098,3099,3076));
#3082=IFCINDEXEDPOLYGONALFACE((3076,3099,3100,3077));
#3083=IFCINDEXEDPOLYGONALFACE((3077,3100,3101,3078));
#3084=IFCINDEXEDPOLYGONALFACE((3078,3101,3102,3079));
#3085=IFCINDEXEDPOLYGONALFACE((3079,3102,3103,3080));
#3086=IFCINDEXEDPOLYGONALFACE((3080,3103,3104,3081));
#3087=IFCINDEXEDPOLYGONALFACE((3081,3104,3105,3082));
#3088=IFCINDEXEDPOLYGONALFACE((3082,3105,3106,3083));
#3089=IFCINDEXEDPOLYGONALFACE((3083,3106,3107,3084));
#3090=IFCINDEXEDPOLYGONALFACE((3084,3107,3108,3085));
#3091=IFCINDEXEDPOLYGONALFACE((3085,3108,3109,3086));
#3092=IFCINDEXEDPOLYGONALFACE((3086,3109,3110,3087));
#3093=IFCINDEXEDPOLYGONALFACE((3087,3110,3111,3088));
#3094=IFCINDEXEDPOLYGONALFACE((3088,3111,3112,3089));
#3095=IFCINDEXEDPOLYGONALFACE((3089,3112,3113,3090));
#3096=IFCINDEXEDPOLYGONALFACE((3090,3113,1234,1233));
#3097=IFCINDEXEDPOLYGONALFACE((617,616,3114,3091));
#3098=IFCINDEXEDPOLYGONALFACE((3091,3114,3115,3092));
#3099=IFCINDEXEDPOLYGONALFACE((3092,3115,3116,3093));
#3100=IFCINDEXEDPOLYGONALFACE((3093,3116,3117,3094));
#3101=IFCINDEXEDPOLYGONALFACE((3094,3117,3118,3095));
#3102=IFCINDEXEDPOLYGONALFACE((3095,3118,3119,3096));
#3103=IFCINDEXEDPOLYGONALFACE((3096,3119,3120,3097));
#3104=IFCINDEXEDPOLYGONALFACE((3097,3120,3121,3098));
#3105=IFCINDEXEDPOLYGONALFACE((3098,3121,3122,3099));
#3106=IFCINDEXEDPOLYGONALFACE((3099,3122,3123,3100));
#3107=IFCINDEXEDPOLYGONALFACE((3100,3123,3124,3101));
#3108=IFCINDEXEDPOLYGONALFACE((3101,3124,3125,3102));
#3109=IFCINDEXEDPOLYGONALFACE((3102,3125,3126,3103));
#3110=IFCINDEXEDPOLYGONALFACE((3103,3126,3127,3104));
#3111=IFCINDEXEDPOLYGONALFACE((3104,3127,3128,3105));
#3112=IFCINDEXEDPOLYGONALFACE((3105,3128,3129,3106));
#3113=IFCINDEXEDPOLYGONALFACE((3106,3129,3130,3107));
#3114=IFCINDEXEDPOLYGONALFACE((3107,3130,3131,3108));
#3115=IFCINDEXEDPOLYGONALFACE((3108,3131,3132,3109));
#3116=IFCINDEXEDPOLYGONALFACE((3109,3132,3133,3110));
#3117=IFCINDEXEDPOLYGONALFACE((3110,3133,3134,3111));
#3118=IFCINDEXEDPOLYGONALFACE((3111,3134,3135,3112));
#3119=IFCINDEXEDPOLYGONALFACE((3112,3135,3136,3113));
#3120=IFCINDEXEDPOLYGONALFACE((3113,3136,1235,1234));
#3121=IFCINDEXEDPOLYGONALFACE((616,615,3137,3114));
#3122=IFCINDEXEDPOLYGONALFACE((3114,3137,3138,3115));
#3123=IFCINDEXEDPOLYGONALFACE((3115,3138,3139,3116));
#3124=IFCINDEXEDPOLYGONALFACE((3116,3139,3140,3117));
#3125=IFCINDEXEDPOLYGONALFACE((3117,3140,3141,3118));
#3126=IFCINDEXEDPOLYGONALFACE((3118,3141,3142,3119));
#3127=IFCINDEXEDPOLYGONALFACE((3119,3142,3143,3120));
#3128=IFCINDEXEDPOLYGONALFACE((3120,3143,3144,3121));
#3129=IFCINDEXEDPOLYGONALFACE((3121,3144,3145,3122));
#3130=IFCINDEXEDPOLYGONALFACE((3122,3145,3146,3123));
#3131=IFCINDEXEDPOLYGONALFACE((3123,3146,3147,3124));
#3132=IFCINDEXEDPOLYGONALFACE((3124,3147,3148,3125));
#3133=IFCINDEXEDPOLYGONALFACE((3125,3148,3149,3126));
#3134=IFCINDEXEDPOLYGONALFACE((3126,3149,3150,3127));
#3135=IFCINDEXEDPOLYGONALFACE((3127,3150,3151,3128));
#3136=IFCINDEXEDPOLYGONALFACE((3128,3151,3152,3129));
#3137=IFCINDEXEDPOLYGONALFACE((3129,3152,3153,3130));
#3138=IFCINDEXEDPOLYGONALFACE((3130,3153,3154,3131));
#3139=IFCINDEXEDPOLYGONALFACE((3131,3154,3155,3132));
#3140=IFCINDEXEDPOLYGONALFACE((3132,3155,3156,3133));
#3141=IFCINDEXEDPOLYGONALFACE((3133,3156,3157,3134));
#3142=IFCINDEXEDPOLYGONALFACE((3134,3157,3158,3135));
#3143=IFCINDEXEDPOLYGONALFACE((3135,3158,3159,3136));
#3144=IFCINDEXEDPOLYGONALFACE((3136,3159,1236,1235));
#3145=IFCINDEXEDPOLYGONALFACE((615,614,3160,3137));
#3146=IFCINDEXEDPOLYGONALFACE((3137,3160,3161,3138));
#3147=IFCINDEXEDPOLYGONALFACE((3138,3161,3162,3139));
#3148=IFCINDEXEDPOLYGONALFACE((3139,3162,3163,3140));
#3149=IFCINDEXEDPOLYGONALFACE((3140,3163,3164,3141));
#3150=IFCINDEXEDPOLYGONALFACE((3141,3164,3165,3142));
#3151=IFCINDEXEDPOLYGONALFACE((3142,3165,3166,3143));
#3152=IFCINDEXEDPOLYGONALFACE((3143,3166,3167,3144));
#3153=IFCINDEXEDPOLYGONALFACE((3144,3167,3168,3145));
#3154=IFCINDEXEDPOLYGONALFACE((3145,3168,3169,3146));
#3155=IFCINDEXEDPOLYGONALFACE((3146,3169,3170,3147));
#3156=IFCINDEXEDPOLYGONALFACE((3147,3170,3171,3148));
#3157=IFCINDEXEDPOLYGONALFACE((3148,3171,3172,3149));
#3158=IFCINDEXEDPOLYGONALFACE((3149,3172,3173,3150));
#3159=IFCINDEXEDPOLYGONALFACE((3150,3173,3174,3151));
#3160=IFCINDEXEDPOLYGONALFACE((3151,3174,3175,3152));
#3161=IFCINDEXEDPOLYGONALFACE((3152,3175,3176,3153));
#3162=IFCINDEXEDPOLYGONALFACE((3153,3176,3177,3154));
#3163=IFCINDEXEDPOLYGONALFACE((3154,3177,3178,3155));
#3164=IFCINDEXEDPOLYGONALFACE((3155,3178,3179,3156));
#3165=IFCINDEXEDPOLYGONALFACE((3156,3179,3180,3157));
#3166=IFCINDEXEDPOLYGONALFACE((3157,3180,3181,3158));
#3167=IFCINDEXEDPOLYGONALFACE((3158,3181,3182,3159));
#3168=IFCINDEXEDPOLYGONALFACE((3159,3182,1237,1236));
#3169=IFCINDEXEDPOLYGONALFACE((614,613,3183,3160));
#3170=IFCINDEXEDPOLYGONALFACE((3160,3183,3184,3161));
#3171=IFCINDEXEDPOLYGONALFACE((3161,3184,3185,3162));
#3172=IFCINDEXEDPOLYGONALFACE((3162,3185,3186,3163));
#3173=IFCINDEXEDPOLYGONALFACE((3163,3186,3187,3164));
#3174=IFCINDEXEDPOLYGONALFACE((3164,3187,3188,3165));
#3175=IFCINDEXEDPOLYGONALFACE((3165,3188,3189,3166));
#3176=IFCINDEXEDPOLYGONALFACE((3166,3189,3190,3167));
#3177=IFCINDEXEDPOLYGONALFACE((3167,3190,3191,3168));
#3178=IFCINDEXEDPOLYGONALFACE((3168,3191,3192,3169));
#3179=IFCINDEXEDPOLYGONALFACE((3169,3192,3193,3170));
#3180=IFCINDEXEDPOLYGONALFACE((3170,3193,3194,3171));
#3181=IFCINDEXEDPOLYGONALFACE((3171,3194,3195,3172));
#3182=IFCINDEXEDPOLYGONALFACE((3172,3195,3196,3173));
#3183=IFCINDEXEDPOLYGONALFACE((3173,3196,3197,3174));
#3184=IFCINDEXEDPOLYGONALFACE((3174,3197,3198,3175));
#3185=IFCINDEXEDPOLYGONALFACE((3175,3198,3199,3176));
#3186=IFCINDEXEDPOLYGONALFACE((3176,3199,3200,3177));
#3187=IFCINDEXEDPOLYGONALFACE((3177,3200,3201,3178));
#3188=IFCINDEXEDPOLYGONALFACE((3178,3201,3202,3179));
#3189=IFCINDEXEDPOLYGONALFACE((3179,3202,3203,3180));
#3190=IFCINDEXEDPOLYGONALFACE((3180,3203,3204,3181));
#3191=IFCINDEXEDPOLYGONALFACE((3181,3204,3205,3182));
#3192=IFCINDEXEDPOLYGONALFACE((3182,3205,1238,1237));
#3193=IFCINDEXEDPOLYGONALFACE((613,612,3206,3183));
#3194=IFCINDEXEDPOLYGONALFACE((3183,3206,3207,3184));
#3195=IFCINDEXEDPOLYGONALFACE((3184,3207,3208,3185));
#3196=IFCINDEXEDPOLYGONALFACE((3185,3208,3209,3186));
#3197=IFCINDEXEDPOLYGONALFACE((3186,3209,3210,3187));
#3198=IFCINDEXEDPOLYGONALFACE((3187,3210,3211,3188));
#3199=IFCINDEXEDPOLYGONALFACE((3188,3211,3212,3189));
#3200=IFCINDEXEDPOLYGONALFACE((3189,3212,3213,3190));
#3201=IFCINDEXEDPOLYGONALFACE((3190,3213,3214,3191));
#3202=IFCINDEXEDPOLYGONALFACE((3191,3214,3215,3192));
#3203=IFCINDEXEDPOLYGONALFACE((3192,3215,3216,3193));
#3204=IFCINDEXEDPOLYGONALFACE((3193,3216,3217,3194));
#3205=IFCINDEXEDPOLYGONALFACE((3194,3217,3218,3195));
#3206=IFCINDEXEDPOLYGONALFACE((3195,3218,3219,3196));
#3207=IFCINDEXEDPOLYGONALFACE((3196,3219,3220,3197));
#3208=IFCINDEXEDPOLYGONALFACE((3197,3220,3221,3198));
#3209=IFCINDEXEDPOLYGONALFACE((3198,3221,3222,3199));
#3210=IFCINDEXEDPOLYGONALFACE((3199,3222,3223,3200));
#3211=IFCINDEXEDPOLYGONALFACE((3200,3223,3224,3201));
#3212=IFCINDEXEDPOLYGONALFACE((3201,3224,3225,3202));
#3213=IFCINDEXEDPOLYGONALFACE((3202,3225,3226,3203));
#3214=IFCINDEXEDPOLYGONALFACE((3203,3226,3227,3204));
#3215=IFCINDEXEDPOLYGONALFACE((3204,3227,3228,3205));
#3216=IFCINDEXEDPOLYGONALFACE((3205,3228,1239,1238));
#3217=IFCINDEXEDPOLYGONALFACE((612,611,3229,3206));
#3218=IFCINDEXEDPOLYGONALFACE((3206,3229,3230,3207));
#3219=IFCINDEXEDPOLYGONALFACE((3207,3230,3231,3208));
#3220=IFCINDEXEDPOLYGONALFACE((3208,3231,3232,3209));
#3221=IFCINDEXEDPOLYGONALFACE((3209,3232,3233,3210));
#3222=IFCINDEXEDPOLYGONALFACE((3210,3233,3234,3211));
#3223=IFCINDEXEDPOLYGONALFACE((3211,3234,3235,3212));
#3224=IFCINDEXEDPOLYGONALFACE((3212,3235,3236,3213));
#3225=IFCINDEXEDPOLYGONALFACE((3213,3236,3237,3214));
#3226=IFCINDEXEDPOLYGONALFACE((3214,3237,3238,3215));
#3227=IFCINDEXEDPOLYGONALFACE((3215,3238,3239,3216));
#3228=IFCINDEXEDPOLYGONALFACE((3216,3239,3240,3217));
#3229=IFCINDEXEDPOLYGONALFACE((3217,3240,3241,3218));
#3230=IFCINDEXEDPOLYGONALFACE((3218,3241,3242,3219));
#3231=IFCINDEXEDPOLYGONALFACE((3219,3242,3243,3220));
#3232=IFCINDEXEDPOLYGONALFACE((3220,3243,3244,3221));
#3233=IFCINDEXEDPOLYGONALFACE((3221,3244,3245,3222));
#3234=IFCINDEXEDPOLYGONALFACE((3222,3245,3246,3223));
#3235=IFCINDEXEDPOLYGONALFACE((3223,3246,3247,3224));
#3236=IFCINDEXEDPOLYGONALFACE((3224,3247,3248,3225));
#3237=IFCINDEXEDPOLYGONALFACE((3225,3248,3249,3226));
#3238=IFCINDEXEDPOLYGONALFACE((3226,3249,3250,3227));
#3239=IFCINDEXEDPOLYGONALFACE((3227,3250,3251,3228));
#3240=IFCINDEXEDPOLYGONALFACE((3228,3251,1240,1239));
#3241=IFCINDEXEDPOLYGONALFACE((611,610,3252,3229));
#3242=IFCINDEXEDPOLYGONALFACE((3229,3252,3253,3230));
#3243=IFCINDEXEDPOLYGONALFACE((3230,3253,3254,3231));
#3244=IFCINDEXEDPOLYGONALFACE((3231,3254,3255,3232));
#3245=IFCINDEXEDPOLYGONALFACE((3232,3255,3256,3233));
#3246=IFCINDEXEDPOLYGONALFACE((3233,3256,3257,3234));
#3247=IFCINDEXEDPOLYGONALFACE((3234,3257,3258,3235));
#3248=IFCINDEXEDPOLYGONALFACE((3235,3258,3259,3236));
#3249=IFCINDEXEDPOLYGONALFACE((3236,3259,3260,3237));
#3250=IFCINDEXEDPOLYGONALFACE((3237,3260,3261,3238));
#3251=IFCINDEXEDPOLYGONALFACE((3238,3261,3262,3239));
#3252=IFCINDEXEDPOLYGONALFACE((3239,3262,3263,3240));
#3253=IFCINDEXEDPOLYGONALFACE((3240,3263,3264,3241));
#3254=IFCINDEXEDPOLYGONALFACE((3241,3264,3265,3242));
#3255=IFCINDEXEDPOLYGONALFACE((3242,3265,3266,3243));
#3256=IFCINDEXEDPOLYGONALFACE((3243,3266,3267,3244));
#3257=IFCINDEXEDPOLYGONALFACE((3244,3267,3268,3245));
#3258=IFCINDEXEDPOLYGONALFACE((3245,3268,3269,3246));
#3259=IFCINDEXEDPOLYGONALFACE((3246,3269,3270,3247));
#3260=IFCINDEXEDPOLYGONALFACE((3247,3270,3271,3248));
#3261=IFCINDEXEDPOLYGONALFACE((3248,3271,3272,3249));
#3262=IFCINDEXEDPOLYGONALFACE((3249,3272,3273,3250));
#3263=IFCINDEXEDPOLYGONALFACE((3250,3273,3274,3251));
#3264=IFCINDEXEDPOLYGONALFACE((3251,3274,1241,1240));
#3265=IFCINDEXEDPOLYGONALFACE((610,609,3275,3252));
#3266=IFCINDEXEDPOLYGONALFACE((3252,3275,3276,3253));
#3267=IFCINDEXEDPOLYGONALFACE((3253,3276,3277,3254));
#3268=IFCINDEXEDPOLYGONALFACE((3254,3277,3278,3255));
#3269=IFCINDEXEDPOLYGONALFACE((3255,3278,3279,3256));
#3270=IFCINDEXEDPOLYGONALFACE((3256,3279,3280,3257));
#3271=IFCINDEXEDPOLYGONALFACE((3257,3280,3281,3258));
#3272=IFCINDEXEDPOLYGONALFACE((3258,3281,3282,3259));
#3273=IFCINDEXEDPOLYGONALFACE((3259,3282,3283,3260));
#3274=IFCINDEXEDPOLYGONALFACE((3260,3283,3284,3261));
#3275=IFCINDEXEDPOLYGONALFACE((3261,3284,3285,3262));
#3276=IFCINDEXEDPOLYGONALFACE((3262,3285,3286,3263));
#3277=IFCINDEXEDPOLYGONALFACE((3263,3286,3287,3264));
#3278=IFCINDEXEDPOLYGONALFACE((3264,3287,3288,3265));
#3279=IFCINDEXEDPOLYGONALFACE((3265,3288,3289,3266));
#3280=IFCINDEXEDPOLYGONALFACE((3266,3289,3290,3267));
#3281=IFCINDEXEDPOLYGONALFACE((3267,3290,3291,3268));
#3282=IFCINDEXEDPOLYGONALFACE((3268,3291,3292,3269));
#3283=IFCINDEXEDPOLYGONALFACE((3269,3292,3293,3270));
#3284=IFCINDEXEDPOLYGONALFACE((3270,3293,3294,3271));
#3285=IFCINDEXEDPOLYGONALFACE((3271,3294,3295,3272));
#3286=IFCINDEXEDPOLYGONALFACE((3272,3295,3296,3273));
#3287=IFCINDEXEDPOLYGONALFACE((3273,3296,3297,3274));
#3288=IFCINDEXEDPOLYGONALFACE((3274,3297,1242,1241));
#3289=IFCINDEXEDPOLYGONALFACE((609,608,3298,3275));
#3290=IFCINDEXEDPOLYGONALFACE((3275,3298,3299,3276));
#3291=IFCINDEXEDPOLYGONALFACE((3276,3299,3300,3277));
#3292=IFCINDEXEDPOLYGONALFACE((3277,3300,3301,3278));
#3293=IFCINDEXEDPOLYGONALFACE((3278,3301,3302,3279));
#3294=IFCINDEXEDPOLYGONALFACE((3279,3302,3303,3280));
#3295=IFCINDEXEDPOLYGONALFACE((3280,3303,3304,3281));
#3296=IFCINDEXEDPOLYGONALFACE((3281,3304,3305,3282));
#3297=IFCINDEXEDPOLYGONALFACE((3282,3305,3306,3283));
#3298=IFCINDEXEDPOLYGONALFACE((3283,3306,3307,3284));
#3299=IFCINDEXEDPOLYGONALFACE((3284,3307,3308,3285));
#3300=IFCINDEXEDPOLYGONALFACE((3285,3308,3309,3286));
#3301=IFCINDEXEDPOLYGONALFACE((3286,3309,3310,3287));
#3302=IFCINDEXEDPOLYGONALFACE((3287,3310,3311,3288));
#3303=IFCINDEXEDPOLYGONALFACE((3288,3311,3312,3289));
#3304=IFCINDEXEDPOLYGONALFACE((3289,3312,3313,3290));
#3305=IFCINDEXEDPOLYGONALFACE((3290,3313,3314,3291));
#3306=IFCINDEXEDPOLYGONALFACE((3291,3314,3315,3292));
#3307=IFCINDEXEDPOLYGONALFACE((3292,3315,3316,3293));
#3308=IFCINDEXEDPOLYGONALFACE((3293,3316,3317,3294));
#3309=IFCINDEXEDPOLYGONALFACE((3294,3317,3318,3295));
#3310=IFCINDEXEDPOLYGONALFACE((3295,3318,3319,3296));
#3311=IFCINDEXEDPOLYGONALFACE((3296,3319,3320,3297));
#3312=IFCINDEXEDPOLYGONALFACE((3297,3320,1243,1242));
#3313=IFCINDEXEDPOLYGONALFACE((608,607,3321,3298));
#3314=IFCINDEXEDPOLYGONALFACE((3298,3321,3322,3299));
#3315=IFCINDEXEDPOLYGONALFACE((3299,3322,3323,3300));
#3316=IFCINDEXEDPOLYGONALFACE((3300,3323,3324,3301));
#3317=IFCINDEXEDPOLYGONALFACE((3301,3324,3325,3302));
#3318=IFCINDEXEDPOLYGONALFACE((3302,3325,3326,3303));
#3319=IFCINDEXEDPOLYGONALFACE((3303,3326,3327,3304));
#3320=IFCINDEXEDPOLYGONALFACE((3304,3327,3328,3305));
#3321=IFCINDEXEDPOLYGONALFACE((3305,3328,3329,3306));
#3322=IFCINDEXEDPOLYGONALFACE((3306,3329,3330,3307));
#3323=IFCINDEXEDPOLYGONALFACE((3307,3330,3331,3308));
#3324=IFCINDEXEDPOLYGONALFACE((3308,3331,3332,3309));
#3325=IFCINDEXEDPOLYGONALFACE((3309,3332,3333,3310));
#3326=IFCINDEXEDPOLYGONALFACE((3310,3333,3334,3311));
#3327=IFCINDEXEDPOLYGONALFACE((3311,3334,3335,3312));
#3328=IFCINDEXEDPOLYGONALFACE((3312,3335,3336,3313));
#3329=IFCINDEXEDPOLYGONALFACE((3313,3336,3337,3314));
#3330=IFCINDEXEDPOLYGONALFACE((3314,3337,3338,3315));
#3331=IFCINDEXEDPOLYGONALFACE((3315,3338,3339,3316));
#3332=IFCINDEXEDPOLYGONALFACE((3316,3339,3340,3317));
#3333=IFCINDEXEDPOLYGONALFACE((3317,3340,3341,3318));
#3334=IFCINDEXEDPOLYGONALFACE((3318,3341,3342,3319));
#3335=IFCINDEXEDPOLYGONALFACE((3319,3342,3343,3320));
#3336=IFCINDEXEDPOLYGONALFACE((3320,3343,1244,1243));
#3337=IFCINDEXEDPOLYGONALFACE((607,606,3344,3321));
#3338=IFCINDEXEDPOLYGONALFACE((3321,3344,3345,3322));
#3339=IFCINDEXEDPOLYGONALFACE((3322,3345,3346,3323));
#3340=IFCINDEXEDPOLYGONALFACE((3323,3346,3347,3324));
#3341=IFCINDEXEDPOLYGONALFACE((3324,3347,3348,3325));
#3342=IFCINDEXEDPOLYGONALFACE((3325,3348,3349,3326));
#3343=IFCINDEXEDPOLYGONALFACE((3326,3349,3350,3327));
#3344=IFCINDEXEDPOLYGONALFACE((3327,3350,3351,3328));
#3345=IFCINDEXEDPOLYGONALFACE((3328,3351,3352,3329));
#3346=IFCINDEXEDPOLYGONALFACE((3329,3352,3353,3330));
#3347=IFCINDEXEDPOLYGONALFACE((3330,3353,3354,3331));
#3348=IFCINDEXEDPOLYGONALFACE((3331,3354,3355,3332));
#3349=IFCINDEXEDPOLYGONALFACE((3332,3355,3356,3333));
#3350=IFCINDEXEDPOLYGONALFACE((3333,3356,3357,3334));
#3351=IFCINDEXEDPOLYGONALFACE((3334,3357,3358,3335));
#3352=IFCINDEXEDPOLYGONALFACE((3335,3358,3359,3336));
#3353=IFCINDEXEDPOLYGONALFACE((3336,3359,3360,3337));
#3354=IFCINDEXEDPOLYGONALFACE((3337,3360,3361,3338));
#3355=IFCINDEXEDPOLYGONALFACE((3338,3361,3362,3339));
#3356=IFCINDEXEDPOLYGONALFACE((3339,3362,3363,3340));
#3357=IFCINDEXEDPOLYGONALFACE((3340,3363,3364,3341));
#3358=IFCINDEXEDPOLYGONALFACE((3341,3364,3365,3342));
#3359=IFCINDEXEDPOLYGONALFACE((3342,3365,3366,3343));
#3360=IFCINDEXEDPOLYGONALFACE((3343,3366,1245,1244));
#3361=IFCINDEXEDPOLYGONALFACE((606,605,3367,3344));
#3362=IFCINDEXEDPOLYGONALFACE((3344,3367,3368,3345));
#3363=IFCINDEXEDPOLYGONALFACE((3345,3368,3369,3346));
#3364=IFCINDEXEDPOLYGONALFACE((3346,3369,3370,3347));
#3365=IFCINDEXEDPOLYGONALFACE((3347,3370,3371,3348));
#3366=IFCINDEXEDPOLYGONALFACE((3348,3371,3372,3349));
#3367=IFCINDEXEDPOLYGONALFACE((3349,3372,3373,3350));
#3368=IFCINDEXEDPOLYGONALFACE((3350,3373,3374,3351));
#3369=IFCINDEXEDPOLYGONALFACE((3351,3374,3375,3352));
#3370=IFCINDEXEDPOLYGONALFACE((3352,3375,3376,3353));
#3371=IFCINDEXEDPOLYGONALFACE((3353,3376,3377,3354));
#3372=IFCINDEXEDPOLYGONALFACE((3354,3377,3378,3355));
#3373=IFCINDEXEDPOLYGONALFACE((3355,3378,3379,3356));
#3374=IFCINDEXEDPOLYGONALFACE((3356,3379,3380,3357));
#3375=IFCINDEXEDPOLYGONALFACE((3357,3380,3381,3358));
#3376=IFCINDEXEDPOLYGONALFACE((3358,3381,3382,3359));
#3377=IFCINDEXEDPOLYGONALFACE((3359,3382,3383,3360));
#3378=IFCINDEXEDPOLYGONALFACE((3360,3383,3384,3361));
#3379=IFCINDEXEDPOLYGONALFACE((3361,3384,3385,3362));
#3380=IFCINDEXEDPOLYGONALFACE((3362,3385,3386,3363));
#3381=IFCINDEXEDPOLYGONALFACE((3363,3386,3387,3364));
#3382=IFCINDEXEDPOLYGONALFACE((3364,3387,3388,3365));
#3383=IFCINDEXEDPOLYGONALFACE((3365,3388,3389,3366));
#3384=IFCINDEXEDPOLYGONALFACE((3366,3389,1246,1245));
#3385=IFCINDEXEDPOLYGONALFACE((605,604,3390,3367));
#3386=IFCINDEXEDPOLYGONALFACE((3367,3390,3391,3368));
#3387=IFCINDEXEDPOLYGONALFACE((3368,3391,3392,3369));
#3388=IFCINDEXEDPOLYGONALFACE((3369,3392,3393,3370));
#3389=IFCINDEXEDPOLYGONALFACE((3370,3393,3394,3371));
#3390=IFCINDEXEDPOLYGONALFACE((3371,3394,3395,3372));
#3391=IFCINDEXEDPOLYGONALFACE((3372,3395,3396,3373));
#3392=IFCINDEXEDPOLYGONALFACE((3373,3396,3397,3374));
#3393=IFCINDEXEDPOLYGONALFACE((3374,3397,3398,3375));
#3394=IFCINDEXEDPOLYGONALFACE((3375,3398,3399,3376));
#3395=IFCINDEXEDPOLYGONALFACE((3376,3399,3400,3377));
#3396=IFCINDEXEDPOLYGONALFACE((3377,3400,3401,3378));
#3397=IFCINDEXEDPOLYGONALFACE((3378,3401,3402,3379));
#3398=IFCINDEXEDPOLYGONALFACE((3379,3402,3403,3380));
#3399=IFCINDEXEDPOLYGONALFACE((3380,3403,3404,3381));
#3400=IFCINDEXEDPOLYGONALFACE((3381,3404,3405,3382));
#3401=IFCINDEXEDPOLYGONALFACE((3382,3405,3406,3383));
#3402=IFCINDEXEDPOLYGONALFACE((3383,3406,3407,3384));
#3403=IFCINDEXEDPOLYGONALFACE((3384,3407,3408,3385));
#3404=IFCINDEXEDPOLYGONALFACE((3385,3408,3409,3386));
#3405=IFCINDEXEDPOLYGONALFACE((3386,3409,3410,3387));
#3406=IFCINDEXEDPOLYGONALFACE((3387,3410,3411,3388));
#3407=IFCINDEXEDPOLYGONALFACE((3388,3411,3412,3389));
#3408=IFCINDEXEDPOLYGONALFACE((3389,3412,1247,1246));
#3409=IFCINDEXEDPOLYGONALFACE((604,603,3413,3390));
#3410=IFCINDEXEDPOLYGONALFACE((3390,3413,3414,3391));
#3411=IFCINDEXEDPOLYGONALFACE((3391,3414,3415,3392));
#3412=IFCINDEXEDPOLYGONALFACE((3392,3415,3416,3393));
#3413=IFCINDEXEDPOLYGONALFACE((3393,3416,3417,3394));
#3414=IFCINDEXEDPOLYGONALFACE((3394,3417,3418,3395));
#3415=IFCINDEXEDPOLYGONALFACE((3395,3418,3419,3396));
#3416=IFCINDEXEDPOLYGONALFACE((3396,3419,3420,3397));
#3417=IFCINDEXEDPOLYGONALFACE((3397,3420,3421,3398));
#3418=IFCINDEXEDPOLYGONALFACE((3398,3421,3422,3399));
#3419=IFCINDEXEDPOLYGONALFACE((3399,3422,3423,3400));
#3420=IFCINDEXEDPOLYGONALFACE((3400,3423,3424,3401));
#3421=IFCINDEXEDPOLYGONALFACE((3401,3424,3425,3402));
#3422=IFCINDEXEDPOLYGONALFACE((3402,3425,3426,3403));
#3423=IFCINDEXEDPOLYGONALFACE((3403,3426,3427,3404));
#3424=IFCINDEXEDPOLYGONALFACE((3404,3427,3428,3405));
#3425=IFCINDEXEDPOLYGONALFACE((3405,3428,3429,3406));
#3426=IFCINDEXEDPOLYGONALFACE((3406,3429,3430,3407));
#3427=IFCINDEXEDPOLYGONALFACE((3407,3430,3431,3408));
#3428=IFCINDEXEDPOLYGONALFACE((3408,3431,3432,3409));
#3429=IFCINDEXEDPOLYGONALFACE((3409,3432,3433,3410));
#3430=IFCINDEXEDPOLYGONALFACE((3410,3433,3434,3411));
#3431=IFCINDEXEDPOLYGONALFACE((3411,3434,3435,3412));
#3432=IFCINDEXEDPOLYGONALFACE((3412,3435,1248,1247));
#3433=IFCINDEXEDPOLYGONALFACE((603,602,3436,3413));
#3434=IFCINDEXEDPOLYGONALFACE((3413,3436,3437,3414));
#3435=IFCINDEXEDPOLYGONALFACE((3414,3437,3438,3415));
#3436=IFCINDEXEDPOLYGONALFACE((3415,3438,3439,3416));
#3437=IFCINDEXEDPOLYGONALFACE((3416,3439,3440,3417));
#3438=IFCINDEXEDPOLYGONALFACE((3417,3440,3441,3418));
#3439=IFCINDEXEDPOLYGONALFACE((3418,3441,3442,3419));
#3440=IFCINDEXEDPOLYGONALFACE((3419,3442,3443,3420));
#3441=IFCINDEXEDPOLYGONALFACE((3420,3443,3444,3421));
#3442=IFCINDEXEDPOLYGONALFACE((3421,3444,3445,3422));
#3443=IFCINDEXEDPOLYGONALFACE((3422,3445,3446,3423));
#3444=IFCINDEXEDPOLYGONALFACE((3423,3446,3447,3424));
#3445=IFCINDEXEDPOLYGONALFACE((3424,3447,3448,3425));
#3446=IFCINDEXEDPOLYGONALFACE((3425,3448,3449,3426));
#3447=IFCINDEXEDPOLYGONALFACE((3426,3449,3450,3427));
#3448=IFCINDEXEDPOLYGONALFACE((3427,3450,3451,3428));
#3449=IFCINDEXEDPOLYGONALFACE((3428,3451,3452,3429));
#3450=IFCINDEXEDPOLYGONALFACE((3429,3452,3453,3430));
#3451=IFCINDEXEDPOLYGONALFACE((3430,3453,3454,3431));
#3452=IFCINDEXEDPOLYGONALFACE((3431,3454,3455,3432));
#3453=IFCINDEXEDPOLYGONALFACE((3432,3455,3456,3433));
#3454=IFCINDEXEDPOLYGONALFACE((3433,3456,3457,3434));
#3455=IFCINDEXEDPOLYGONALFACE((3434,3457,3458,3435));
#3456=IFCINDEXEDPOLYGONALFACE((3435,3458,1249,1248));
#3457=IFCINDEXEDPOLYGONALFACE((602,601,1850,3436));
#3458=IFCINDEXEDPOLYGONALFACE((3436,1850,1875,3437));
#3459=IFCINDEXEDPOLYGONALFACE((3437,1875,1900,3438));
#3460=IFCINDEXEDPOLYGONALFACE((3438,1900,1925,3439));
#3461=IFCINDEXEDPOLYGONALFACE((3439,1925,1950,3440));
#3462=IFCINDEXEDPOLYGONALFACE((3440,1950,1975,3441));
#3463=IFCINDEXEDPOLYGONALFACE((3441,1975,2000,3442));
#3464=IFCINDEXEDPOLYGONALFACE((3442,2000,2025,3443));
#3465=IFCINDEXEDPOLYGONALFACE((3443,2025,2050,3444));
#3466=IFCINDEXEDPOLYGONALFACE((3444,2050,2075,3445));
#3467=IFCINDEXEDPOLYGONALFACE((3445,2075,2100,3446));
#3468=IFCINDEXEDPOLYGONALFACE((3446,2100,2125,3447));
#3469=IFCINDEXEDPOLYGONALFACE((3447,2125,2150,3448));
#3470=IFCINDEXEDPOLYGONALFACE((3448,2150,2175,3449));
#3471=IFCINDEXEDPOLYGONALFACE((3449,2175,2200,3450));
#3472=IFCINDEXEDPOLYGONALFACE((3450,2200,2225,3451));
#3473=IFCINDEXEDPOLYGONALFACE((3451,2225,2250,3452));
#3474=IFCINDEXEDPOLYGONALFACE((3452,2250,2275,3453));
#3475=IFCINDEXEDPOLYGONALFACE((3453,2275,2300,3454));
#3476=IFCINDEXEDPOLYGONALFACE((3454,2300,2325,3455));
#3477=IFCINDEXEDPOLYGONALFACE((3455,2325,2350,3456));
#3478=IFCINDEXEDPOLYGONALFACE((3456,2350,2375,3457));
#3479=IFCINDEXEDPOLYGONALFACE((3457,2375,2400,3458));
#3480=IFCINDEXEDPOLYGONALFACE((3458,2400,1250,1249));
#3481=IFCCARTESIANPOINTLIST3D(((0.,0.3,0.),(0.25,0.3,0.),(0.25,0.2875,0.),(0.,0.2875,0.),(0.25,0.275,0.),(0.,0.275,0.),(0.25,0.2625,0.),(0.,0.2625,0.),(0.25,0.25,0.),(0.,0.25,0.),(0.25,0.2375,0.),(0.,0.2375,0.),(0.25,0.225,0.),(0.,0.225,0.),(0.25,0.2125,0.),(0.,0.2125,0.),(0.25,0.2,0.),(0.,0.2,0.),(0.25,0.1875,0.),(0.,0.1875,0.),(0.25,0.175,0.),(0.,0.175,0.),(0.25,0.1625,0.),(0.,0.1625,0.),(0.25,0.15,0.),(0.,0.15,0.),(0.25,0.1375,0.),(0.,0.1375,0.),(0.25,0.125,0.),(0.,0.125,0.),(0.25,0.1125,0.),(0.,0.1125,0.),(0.25,0.1,0.),(0.,0.1,0.),(0.25,0.0875,0.),(0.,0.0875,0.),(0.25,0.075,0.),(0.,0.075,0.),(0.25,0.0625,0.),(0.,0.0625,0.),(0.25,0.05,0.),(0.,0.05,0.),(0.25,0.0375,0.),(0.,0.0375,0.),(0.25,0.025,0.),(0.,0.025,0.),(0.25,0.0125,0.),(0.,0.0125,0.),(0.25,0.,0.),(0.,0.,0.),(0.5,0.3,0.),(0.5,0.2875,0.),(0.5,0.275,0.),(0.5,0.2625,0.),(0.5,0.25,0.),(0.5,0.2375,0.),(0.5,0.225,0.),(0.5,0.2125,0.),(0.5,0.2,0.),(0.5,0.1875,0.),(0.5,0.175,0.),(0.5,0.1625,0.),(0.5,0.15,0.),(0.5,0.1375,0.),(0.5,0.125,0.),(0.5,0.1125,0.),(0.5,0.1,0.),(0.5,0.0875,0.),(0.5,0.075,0.),(0.5,0.0625,0.),(0.5,0.05,0.),(0.5,0.0375,0.),(0.5,0.025,0.),(0.5,0.0125,0.),(0.5,0.,0.),(0.75,0.3,0.),(0.75,0.2875,0.),(0.75,0.275,0.),(0.75,0.2625,0.),(0.75,0.25,0.),(0.75,0.2375,0.),(0.75,0.225,0.),(0.75,0.2125,0.),(0.75,0.2,0.),(0.75,0.1875,0.),(0.75,0.175,0.),(0.75,0.1625,0.),(0.75,0.15,0.),(0.75,0.1375,0.),(0.75,0.125,0.),(0.75,0.1125,0.),(0.75,0.1,0.),(0.75,0.0875,0.),(0.75,0.075,0.),(0.75,0.0625,0.),(0.75,0.05,0.),(0.75,0.0375,0.),(0.75,0.025,0.),(0.75,0.0125,0.),(0.75,0.,0.),(1.,0.3,0.),(1.,0.2875,0.),(1.,0.275,0.),(1.,0.2625,0.),(1.,0.25,0.),(1.,0.2375,0.),(1.,0.225,0.),(1.,0.2125,0.),(1.,0.2,0.),(1.,0.1875,0.),(1.,0.175,0.),(1.,0.1625,0.),(1.,0.15,0.),(1.,0.1375,0.),(1.,0.125,0.),(1.,0.1125,0.),(1.,0.1,0.),(1.,0.0875,0.),(1.,0.075,0.),(1.,0.0625,0.),(1.,0.05,0.),(1.,0.0375,0.),(1.,0.025,0.),(1.,0.0125,0.),(1.,0.,0.),(1.25,0.3,0.),(1.25,0.2875,0.),(1.25,0.275,0.),(1.25,0.2625,0.),(1.25,0.25,0.),(1.25,0.2375,0.),(1.25,0.225,0.),(1.25,0.2125,0.),(1.25,0.2,0.),(1.25,0.1875,0.),(1.25,0.175,0.),(1.25,0.1625,0.),(1.25,0.15,0.),(1.25,0.1375,0.),(1.25,0.125,0.),(1.25,0.1125,0.),(1.25,0.1,0.),(1.25,0.0875,0.),(1.25,0.075,0.),(1.25,0.0625,0.),(1.25,0.05,0.),(1.25,0.0375,0.),(1.25,0.025,0.),(1.25,0.0125,0.),(1.25,0.,0.),(1.5,0.3,0.),(1.5,0.2875,0.),(1.5,0.275,0.),(1.5,0.2625,0.),(1.5,0.25,0.),(1.5,0.2375,0.),(1.5,0.225,0.),(1.5,0.2125,0.),(1.5,0.2,0.),(1.5,0.1875,0.),(1.5,0.175,0.),(1.5,0.1625,0.),(1.5,0.15,0.),(1.5,0.1375,0.),(1.5,0.125,0.),(1.5,0.1125,0.),(1.5,0.1,0.),(1.5,0.0875,0.),(1.5,0.075,0.),(1.5,0.0625,0.),(1.5,0.05,0.),(1.5,0.0375,0.),(1.5,0.025,0.),(1.5,0.0125,0.),(1.5,0.,0.),(1.75,0.3,0.),(1.75,0.2875,0.),(1.75,0.275,0.),(1.75,0.2625,0.),(1.75,0.25,0.),(1.75,0.2375,0.),(1.75,0.225,0.),(1.75,0.2125,0.),(1.75,0.2,0.),(1.75,0.1875,0.),(1.75,0.175,0.),(1.75,0.1625,0.),(1.75,0.15,0.),(1.75,0.1375,0.),(1.75,0.125,0.),(1.75,0.1125,0.),(1.75,0.1,0.),(1.75,0.0875,0.),(1.75,0.075,0.),(1.75,0.0625,0.),(1.75,0.05,0.),(1.75,0.0375,0.),(1.75,0.025,0.),(1.75,0.0125,0.),(1.75,0.,0.),(2.,0.3,0.),(2.,0.2875,0.),(2.,0.275,0.),(2.,0.2625,0.),(2.,0.25,0.),(2.,0.2375,0.),(2.,0.225,0.),(2.,0.2125,0.),(2.,0.2,0.),(2.,0.1875,0.),(2.,0.175,0.),(2.,0.1625,0.),(2.,0.15,0.),(2.,0.1375,0.),(2.,0.125,0.),(2.,0.1125,0.),(2.,0.1,0.),(2.,0.0875,0.),(2.,0.075,0.),(2.,0.0625,0.),(2.,0.05,0.),(2.,0.0375,0.),(2.,0.025,0.),(2.,0.0125,0.),(2.,0.,0.),(2.25,0.3,0.),(2.25,0.2875,0.),(2.25,0.275,0.),(2.25,0.2625,0.),(2.25,0.25,0.),(2.25,0.2375,0.),(2.25,0.225,0.),(2.25,0.2125,0.),(2.25,0.2,0.),(2.25,0.1875,0.),(2.25,0.175,0.),(2.25,0.1625,0.),(2.25,0.15,0.),(2.25,0.1375,0.),(2.25,0.125,0.),(2.25,0.1125,0.),(2.25,0.1,0.),(2.25,0.0875,0.),(2.25,0.075,0.),(2.25,0.0625,0.),(2.25,0.05,0.),(2.25,0.0375,0.),(2.25,0.025,0.),(2.25,0.0125,0.),(2.25,0.,0.),(2.5,0.3,0.),(2.5,0.2875,0.),(2.5,0.275,0.),(2.5,0.2625,0.),(2.5,0.25,0.),(2.5,0.2375,0.),(2.5,0.225,0.),(2.5,0.2125,0.),(2.5,0.2,0.),(2.5,0.1875,0.),(2.5,0.175,0.),(2.5,0.1625,0.),(2.5,0.15,0.),(2.5,0.1375,0.),(2.5,0.125,0.),(2.5,0.1125,0.),(2.5,0.1,0.),(2.5,0.0875,0.),(2.5,0.075,0.),(2.5,0.0625,0.),(2.5,0.05,0.),(2.5,0.0375,0.),(2.5,0.025,0.),(2.5,0.0125,0.),(2.5,0.,0.),(2.75,0.3,0.),(2.75,0.2875,0.),(2.75,0.275,0.),(2.75,0.2625,0.),(2.75,0.25,0.),(2.75,0.2375,0.),(2.75,0.225,0.),(2.75,0.2125,0.),(2.75,0.2,0.),(2.75,0.1875,0.),(2.75,0.175,0.),(2.75,0.1625,0.),(2.75,0.15,0.),(2.75,0.1375,0.),(2.75,0.125,0.),(2.75,0.1125,0.),(2.75,0.1,0.),(2.75,0.0875,0.),(2.75,0.075,0.),(2.75,0.0625,0.),(2.75,0.05,0.),(2.75,0.0375,0.),(2.75,0.025,0.),(2.75,0.0125,0.),(2.75,0.,0.),(3.,0.3,0.),(3.,0.2875,0.),(3.,0.275,0.),(3.,0.2625,0.),(3.,0.25,0.),(3.,0.2375,0.),(3.,0.225,0.),(3.,0.2125,0.),(3.,0.2,0.),(3.,0.1875,0.),(3.,0.175,0.),(3.,0.1625,0.),(3.,0.15,0.),(3.,0.1375,0.),(3.,0.125,0.),(3.,0.1125,0.),(3.,0.1,0.),(3.,0.0875,0.),(3.,0.075,0.),(3.,0.0625,0.),(3.,0.05,0.),(3.,0.0375,0.),(3.,0.025,0.),(3.,0.0125,0.),(3.,0.,0.),(3.25,0.3,0.),(3.25,0.2875,0.),(3.25,0.275,0.),(3.25,0.2625,0.),(3.25,0.25,0.),(3.25,0.2375,0.),(3.25,0.225,0.),(3.25,0.2125,0.),(3.25,0.2,0.),(3.25,0.1875,0.),(3.25,0.175,0.),(3.25,0.1625,0.),(3.25,0.15,0.),(3.25,0.1375,0.),(3.25,0.125,0.),(3.25,0.1125,0.),(3.25,0.1,0.),(3.25,0.0875,0.),(3.25,0.075,0.),(3.25,0.0625,0.),(3.25,0.05,0.),(3.25,0.0375,0.),(3.25,0.025,0.),(3.25,0.0125,0.),(3.25,0.,0.),(3.5,0.3,0.),(3.5,0.2875,0.),(3.5,0.275,0.),(3.5,0.2625,0.),(3.5,0.25,0.),(3.5,0.2375,0.),(3.5,0.225,0.),(3.5,0.2125,0.),(3.5,0.2,0.),(3.5,0.1875,0.),(3.5,0.175,0.),(3.5,0.1625,0.),(3.5,0.15,0.),(3.5,0.1375,0.),(3.5,0.125,0.),(3.5,0.1125,0.),(3.5,0.1,0.),(3.5,0.0875,0.),(3.5,0.075,0.),(3.5,0.0625,0.),(3.5,0.05,0.),(3.5,0.0375,0.),(3.5,0.025,0.),(3.5,0.0125,0.),(3.5,0.,0.),(3.75,0.3,0.),(3.75,0.2875,0.),(3.75,0.275,0.),(3.75,0.2625,0.),(3.75,0.25,0.),(3.75,0.2375,0.),(3.75,0.225,0.),(3.75,0.2125,0.),(3.75,0.2,0.),(3.75,0.1875,0.),(3.75,0.175,0.),(3.75,0.1625,0.),(3.75,0.15,0.),(3.75,0.1375,0.),(3.75,0.125,0.),(3.75,0.1125,0.),(3.75,0.1,0.),(3.75,0.0875,0.),(3.75,0.075,0.),(3.75,0.0625,0.),(3.75,0.05,0.),(3.75,0.0375,0.),(3.75,0.025,0.),(3.75,0.0125,0.),(3.75,0.,0.),(4.,0.3,0.),(4.,0.2875,0.),(4.,0.275,0.),(4.,0.2625,0.),(4.,0.25,0.),(4.,0.2375,0.),(4.,0.225,0.),(4.,0.2125,0.),(4.,0.2,0.),(4.,0.1875,0.),(4.,0.175,0.),(4.,0.1625,0.),(4.,0.15,0.),(4.,0.1375,0.),(4.,0.125,0.),(4.,0.1125,0.),(4.,0.1,0.),(4.,0.0875,0.),(4.,0.075,0.),(4.,0.0625,0.),(4.,0.05,0.),(4.,0.0375,0.),(4.,0.025,0.),(4.,0.0125,0.),(4.,0.,0.),(4.25,0.3,0.),(4.25,0.2875,0.),(4.25,0.275,0.),(4.25,0.2625,0.),(4.25,0.25,0.),(4.25,0.2375,0.),(4.25,0.225,0.),(4.25,0.2125,0.),(4.25,0.2,0.),(4.25,0.1875,0.),(4.25,0.175,0.),(4.25,0.1625,0.),(4.25,0.15,0.),(4.25,0.1375,0.),(4.25,0.125,0.),(4.25,0.1125,0.),(4.25,0.1,0.),(4.25,0.0875,0.),(4.25,0.075,0.),(4.25,0.0625,0.),(4.25,0.05,0.),(4.25,0.0375,0.),(4.25,0.025,0.),(4.25,0.0125,0.),(4.25,0.,0.),(4.5,0.3,0.),(4.5,0.2875,0.),(4.5,0.275,0.),(4.5,0.2625,0.),(4.5,0.25,0.),(4.5,0.2375,0.),(4.5,0.225,0.),(4.5,0.2125,0.),(4.5,0.2,0.),(4.5,0.1875,0.),(4.5,0.175,0.),(4.5,0.1625,0.),(4.5,0.15,0.),(4.5,0.1375,0.),(4.5,0.125,0.),(4.5,0.1125,0.),(4.5,0.1,0.),(4.5,0.0875,0.),(4.5,0.075,0.),(4.5,0.0625,0.),(4.5,0.05,0.),(4.5,0.0375,0.),(4.5,0.025,0.),(4.5,0.0125,0.),(4.5,0.,0.),(4.75,0.3,0.),(4.75,0.2875,0.),(4.75,0.275,0.),(4.75,0.2625,0.),(4.75,0.25,0.),(4.75,0.2375,0.),(4.75,0.225,0.),(4.75,0.2125,0.),(4.75,0.2,0.),(4.75,0.1875,0.),(4.75,0.175,0.),(4.75,0.1625,0.),(4.75,0.15,0.),(4.75,0.1375,0.),(4.75,0.125,0.),(4.75,0.1125,0.),(4.75,0.1,0.),(4.75,0.0875,0.),(4.75,0.075,0.),(4.75,0.0625,0.),(4.75,0.05,0.),(4.75,0.0375,0.),(4.75,0.025,0.),(4.75,0.0125,0.),(4.75,0.,0.),(5.,0.3,0.),(5.,0.2875,0.),(5.,0.275,0.),(5.,0.2625,0.),(5.,0.25,0.),(5.,0.2375,0.),(5.,0.225,0.),(5.,0.2125,0.),(5.,0.2,0.),(5.,0.1875,0.),(5.,0.175,0.),(5.,0.1625,0.),(5.,0.15,0.),(5.,0.1375,0.),(5.,0.125,0.),(5.,0.1125,0.),(5.,0.1,0.),(5.,0.0875,0.),(5.,0.075,0.),(5.,0.0625,0.),(5.,0.05,0.),(5.,0.0375,0.),(5.,0.025,0.),(5.,0.0125,0.),(5.,0.,0.),(5.25,0.3,0.),(5.25,0.2875,0.),(5.25,0.275,0.),(5.25,0.2625,0.),(5.25,0.25,0.),(5.25,0.2375,0.),(5.25,0.225,0.),(5.25,0.2125,0.),(5.25,0.2,0.),(5.25,0.1875,0.),(5.25,0.175,0.),(5.25,0.1625,0.),(5.25,0.15,0.),(5.25,0.1375,0.),(5.25,0.125,0.),(5.25,0.1125,0.),(5.25,0.1,0.),(5.25,0.0875,0.),(5.25,0.075,0.),(5.25,0.0625,0.),(5.25,0.05,0.),(5.25,0.0375,0.),(5.25,0.025,0.),(5.25,0.0125,0.),(5.25,0.,0.),(5.5,0.3,0.),(5.5,0.2875,0.),(5.5,0.275,0.),(5.5,0.2625,0.),(5.5,0.25,0.),(5.5,0.2375,0.),(5.5,0.225,0.),(5.5,0.2125,0.),(5.5,0.2,0.),(5.5,0.1875,0.),(5.5,0.175,0.),(5.5,0.1625,0.),(5.5,0.15,0.),(5.5,0.1375,0.),(5.5,0.125,0.),(5.5,0.1125,0.),(5.5,0.1,0.),(5.5,0.0875,0.),(5.5,0.075,0.),(5.5,0.0625,0.),(5.5,0.05,0.),(5.5,0.0375,0.),(5.5,0.025,0.),(5.5,0.0125,0.),(5.5,0.,0.),(5.75,0.3,0.),(5.75,0.2875,0.),(5.75,0.275,0.),(5.75,0.2625,0.),(5.75,0.25,0.),(5.75,0.2375,0.),(5.75,0.225,0.),(5.75,0.2125,0.),(5.75,0.2,0.),(5.75,0.1875,0.),(5.75,0.175,0.),(5.75,0.1625,0.),(5.75,0.15,0.),(5.75,0.1375,0.),(5.75,0.125,0.),(5.75,0.1125,0.),(5.75,0.1,0.),(5.75,0.0875,0.),(5.75,0.075,0.),(5.75,0.0625,0.),(5.75,0.05,0.),(5.75,0.0375,0.),(5.75,0.025,0.),(5.75,0.0125,0.),(5.75,0.,0.),(6.,0.3,0.),(6.,0.2875,0.),(6.,0.275,0.),(6.,0.2625,0.),(6.,0.25,0.),(6.,0.2375,0.),(6.,0.225,0.),(6.,0.2125,0.),(6.,0.2,0.),(6.,0.1875,0.),(6.,0.175,0.),(6.,0.1625,0.),(6.,0.15,0.),(6.,0.1375,0.),(6.,0.125,0.),(6.,0.1125,0.),(6.,0.1,0.),(6.,0.0875,0.),(6.,0.075,0.),(6.,0.0625,0.),(6.,0.05,0.),(6.,0.0375,0.),(6.,0.025,0.),(6.,0.0125,0.),(6.,0.,0.),(0.,0.,3.),(0.25,0.,3.),(0.25,0.0125,3.),(0.,0.0125,3.),(0.25,0.025,3.),(0.,0.025,3.),(0.25,0.0375,3.),(0.,0.0375,3.),(0.25,0.05,3.),(0.,0.05,3.),(0.25,0.0625,3.),(0.,0.0625,3.),(0.25,0.075,3.),(0.,0.075,3.),(0.25,0.0875,3.),(0.,0.0875,3.),(0.25,0.1,3.),(0.,0.1,3.),(0.25,0.1125,3.),(0.,0.1125,3.),(0.25,0.125,3.),(0.,0.125,3.),(0.25,0.1375,3.),(0.,0.1375,3.),(0.25,0.15,3.),(0.,0.15,3.),(0.25,0.1625,3.),(0.,0.1625,3.),(0.25,0.175,3.),(0.,0.175,3.),(0.25,0.1875,3.),(0.,0.1875,3.),(0.25,0.2,3.),(0.,0.2,3.),(0.25,0.2125,3.),(0.,0.2125,3.),(0.25,0.225,3.),(0.,0.225,3.),(0.25,0.2375,3.),(0.,0.2375,3.),(0.25,0.25,3.),(0.,0.25,3.),(0.25,0.2625,3.),(0.,0.2625,3.),(0.25,0.275,3.),(0.,0.275,3.),(0.25,0.2875,3.),(0.,0.2875,3.),(0.25,0.3,3.),(0.,0.3,3.),(0.5,0.,3.),(0.5,0.0125,3.),(0.5,0.025,3.),(0.5,0.0375,3.),(0.5,0.05,3.),(0.5,0.0625,3.),(0.5,0.075,3.),(0.5,0.0875,3.),(0.5,0.1,3.),(0.5,0.1125,3.),(0.5,0.125,3.),(0.5,0.1375,3.),(0.5,0.15,3.),(0.5,0.1625,3.),(0.5,0.175,3.),(0.5,0.1875,3.),(0.5,0.2,3.),(0.5,0.2125,3.),(0.5,0.225,3.),(0.5,0.2375,3.),(0.5,0.25,3.),(0.5,0.2625,3.),(0.5,0.275,3.),(0.5,0.2875,3.),(0.5,0.3,3.),(0.75,0.,3.),(0.75,0.0125,3.),(0.75,0.025,3.),(0.75,0.0375,3.),(0.75,0.05,3.),(0.75,0.0625,3.),(0.75,0.075,3.),(0.75,0.0875,3.),(0.75,0.1,3.),(0.75,0.1125,3.),(0.75,0.125,3.),(0.75,0.1375,3.),(0.75,0.15,3.),(0.75,0.1625,3.),(0.75,0.175,3.),(0.75,0.1875,3.),(0.75,0.2,3.),(0.75,0.2125,3.),(0.75,0.225,3.),(0.75,0.2375,3.),(0.75,0.25,3.),(0.75,0.2625,3.),(0.75,0.275,3.),(0.75,0.2875,3.),(0.75,0.3,3.),(1.,0.,3.),(1.,0.0125,3.),(1.,0.025,3.),(1.,0.0375,3.),(1.,0.05,3.),(1.,0.0625,3.),(1.,0.075,3.),(1.,0.0875,3.),(1.,0.1,3.),(1.,0.1125,3.),(1.,0.125,3.),(1.,0.1375,3.),(1.,0.15,3.),(1.,0.1625,3.),(1.,0.175,3.),(1.,0.1875,3.),(1.,0.2,3.),(1.,0.2125,3.),(1.,0.225,3.),(1.,0.2375,3.),(1.,0.25,3.),(1.,0.2625,3.),(1.,0.275,3.),(1.,0.2875,3.),(1.,0.3,3.),(1.25,0.,3.),(1.25,0.0125,3.),(1.25,0.025,3.),(1.25,0.0375,3.),(1.25,0.05,3.),(1.25,0.0625,3.),(1.25,0.075,3.),(1.25,0.0875,3.),(1.25,0.1,3.),(1.25,0.1125,3.),(1.25,0.125,3.),(1.25,0.1375,3.),(1.25,0.15,3.),(1.25,0.1625,3.),(1.25,0.175,3.),(1.25,0.1875,3.),(1.25,0.2,3.),(1.25,0.2125,3.),(1.25,0.225,3.),(1.25,0.2375,3.),(1.25,0.25,3.),(1.25,0.2625,3.),(1.25,0.275,3.),(1.25,0.2875,3.),(1.25,0.3,3.),(1.5,0.,3.),(1.5,0.0125,3.),(1.5,0.025,3.),(1.5,0.0375,3.),(1.5,0.05,3.),(1.5,0.0625,3.),(1.5,0.075,3.),(1.5,0.0875,3.),(1.5,0.1,3.),(1.5,0.1125,3.),(1.5,0.125,3.),(1.5,0.1375,3.),(1.5,0.15,3.),(1.5,0.1625,3.),(1.5,0.175,3.),(1.5,0.1875,3.),(1.5,0.2,3.),(1.5,0.2125,3.),(1.5,0.225,3.),(1.5,0.2375,3.),(1.5,0.25,3.),(1.5,0.2625,3.),(1.5,0.275,3.),(1.5,0.2875,3.),(1.5,0.3,3.),(1.75,0.,3.),(1.75,0.0125,3.),(1.75,0.025,3.),(1.75,0.0375,3.),(1.75,0.05,3.),(1.75,0.0625,3.),(1.75,0.075,3.),(1.75,0.0875,3.),(1.75,0.1,3.),(1.75,0.1125,3.),(1.75,0.125,3.),(1.75,0.1375,3.),(1.75,0.15,3.),(1.75,0.1625,3.),(1.75,0.175,3.),(1.75,0.1875,3.),(1.75,0.2,3.),(1.75,0.2125,3.),(1.75,0.225,3.),(1.75,0.2375,3.),(1.75,0.25,3.),(1.75,0.2625,3.),(1.75,0.275,3.),(1.75,0.2875,3.),(1.75,0.3,3.),(2.,0.,3.),(2.,0.0125,3.),(2.,0.025,3.),(2.,0.0375,3.),(2.,0.05,3.),(2.,0.0625,3.),(2.,0.075,3.),(2.,0.0875,3.),(2.,0.1,3.),(2.,0.1125,3.),(2.,0.125,3.),(2.,0.1375,3.),(2.,0.15,3.),(2.,0.1625,3.),(2.,0.175,3.),(2.,0.1875,3.),(2.,0.2,3.),(2.,0.2125,3.),(2.,0.225,3.),(2.,0.2375,3.),(2.,0.25,3.),(2.,0.2625,3.),(2.,0.275,3.),(2.,0.2875,3.),(2.,0.3,3.),(2.25,0.,3.),(2.25,0.0125,3.),(2.25,0.025,3.),(2.25,0.0375,3.),(2.25,0.05,3.),(2.25,0.0625,3.),(2.25,0.075,3.),(2.25,0.0875,3.),(2.25,0.1,3.),(2.25,0.1125,3.),(2.25,0.125,3.),(2.25,0.1375,3.),(2.25,0.15,3.),(2.25,0.1625,3.),(2.25,0.175,3.),(2.25,0.1875,3.),(2.25,0.2,3.),(2.25,0.2125,3.),(2.25,0.225,3.),(2.25,0.2375,3.),(2.25,0.25,3.),(2.25,0.2625,3.),(2.25,0.275,3.),(2.25,0.2875,3.),(2.25,0.3,3.),(2.5,0.,3.),(2.5,0.0125,3.),(2.5,0.025,3.),(2.5,0.0375,3.),(2.5,0.05,3.),(2.5,0.0625,3.),(2.5,0.075,3.),(2.5,0.0875,3.),(2.5,0.1,3.),(2.5,0.1125,3.),(2.5,0.125,3.),(2.5,0.1375,3.),(2.5,0.15,3.),(2.5,0.1625,3.),(2.5,0.175,3.),(2.5,0.1875,3.),(2.5,0.2,3.),(2.5,0.2125,3.),(2.5,0.225,3.),(2.5,0.2375,3.),(2.5,0.25,3.),(2.5,0.2625,3.),(2.5,0.275,3.),(2.5,0.2875,3.),(2.5,0.3,3.),(2.75,0.,3.),(2.75,0.0125,3.),(2.75,0.025,3.),(2.75,0.0375,3.),(2.75,0.05,3.),(2.75,0.0625,3.),(2.75,0.075,3.),(2.75,0.0875,3.),(2.75,0.1,3.),(2.75,0.1125,3.),(2.75,0.125,3.),(2.75,0.1375,3.),(2.75,0.15,3.),(2.75,0.1625,3.),(2.75,0.175,3.),(2.75,0.1875,3.),(2.75,0.2,3.),(2.75,0.2125,3.),(2.75,0.225,3.),(2.75,0.2375,3.),(2.75,0.25,3.),(2.75,0.2625,3.),(2.75,0.275,3.),(2.75,0.2875,3.),(2.75,0.3,3.),(3.,0.,3.),(3.,0.0125,3.),(3.,0.025,3.),(3.,0.0375,3.),(3.,0.05,3.),(3.,0.0625,3.),(3.,0.075,3.),(3.,0.0875,3.),(3.,0.1,3.),(3.,0.1125,3.),(3.,0.125,3.),(3.,0.1375,3.),(3.,0.15,3.),(3.,0.1625,3.),(3.,0.175,3.),(3.,0.1875,3.),(3.,0.2,3.),(3.,0.2125,3.),(3.,0.225,3.),(3.,0.2375,3.),(3.,0.25,3.),(3.,0.2625,3.),(3.,0.275,3.),(3.,0.2875,3.),(3.,0.3,3.),(3.25,0.,3.),(3.25,0.0125,3.),(3.25,0.025,3.),(3.25,0.0375,3.),(3.25,0.05,3.),(3.25,0.0625,3.),(3.25,0.075,3.),(3.25,0.0875,3.),(3.25,0.1,3.),(3.25,0.1125,3.),(3.25,0.125,3.),(3.25,0.1375,3.),(3.25,0.15,3.),(3.25,0.1625,3.),(3.25,0.175,3.),(3.25,0.1875,3.),(3.25,0.2,3.),(3.25,0.2125,3.),(3.25,0.225,3.),(3.25,0.2375,3.),(3.25,0.25,3.),(3.25,0.2625,3.),(3.25,0.275,3.),(3.25,0.2875,3.),(3.25,0.3,3.),(3.5,0.,3.),(3.5,0.0125,3.),(3.5,0.025,3.),(3.5,0.0375,3.),(3.5,0.05,3.),(3.5,0.0625,3.),(3.5,0.075,3.),(3.5,0.0875,3.),(3.5,0.1,3.),(3.5,0.1125,3.),(3.5,0.125,3.),(3.5,0.1375,3.),(3.5,0.15,3.),(3.5,0.1625,3.),(3.5,0.175,3.),(3.5,0.1875,3.),(3.5,0.2,3.),(3.5,0.2125,3.),(3.5,0.225,3.),(3.5,0.2375,3.),(3.5,0.25,3.),(3.5,0.2625,3.),(3.5,0.275,3.),(3.5,0.2875,3.),(3.5,0.3,3.),(3.75,0.,3.),(3.75,0.0125,3.),(3.75,0.025,3.),(3.75,0.0375,3.),(3.75,0.05,3.),(3.75,0.0625,3.),(3.75,0.075,3.),(3.75,0.0875,3.),(3.75,0.1,3.),(3.75,0.1125,3.),(3.75,0.125,3.),(3.75,0.1375,3.),(3.75,0.15,3.),(3.75,0.1625,3.),(3.75,0.175,3.),(3.75,0.1875,3.),(3.75,0.2,3.),(3.75,0.2125,3.),(3.75,0.225,3.),(3.75,0.2375,3.),(3.75,0.25,3.),(3.75,0.2625,3.),(3.75,0.275,3.),(3.75,0.2875,3.),(3.75,0.3,3.),(4.,0.,3.),(4.,0.0125,3.),(4.,0.025,3.),(4.,0.0375,3.),(4.,0.05,3.),(4.,0.0625,3.),(4.,0.075,3.),(4.,0.0875,3.),(4.,0.1,3.),(4.,0.1125,3.),(4.,0.125,3.),(4.,0.1375,3.),(4.,0.15,3.),(4.,0.1625,3.),(4.,0.175,3.),(4.,0.1875,3.),(4.,0.2,3.),(4.,0.2125,3.),(4.,0.225,3.),(4.,0.2375,3.),(4.,0.25,3.),(4.,0.2625,3.),(4.,0.275,3.),(4.,0.2875,3.),(4.,0.3,3.),(4.25,0.,3.),(4.25,0.0125,3.),(4.25,0.025,3.),(4.25,0.0375,3.),(4.25,0.05,3.),(4.25,0.0625,3.),(4.25,0.075,3.),(4.25,0.0875,3.),(4.25,0.1,3.),(4.25,0.1125,3.),(4.25,0.125,3.),(4.25,0.1375,3.),(4.25,0.15,3.),(4.25,0.1625,3.),(4.25,0.175,3.),(4.25,0.1875,3.),(4.25,0.2,3.),(4.25,0.2125,3.),(4.25,0.225,3.),(4.25,0.2375,3.),(4.25,0.25,3.),(4.25,0.2625,3.),(4.25,0.275,3.),(4.25,0.2875,3.),(4.25,0.3,3.),(4.5,0.,3.),(4.5,0.0125,3.),(4.5,0.025,3.),(4.5,0.0375,3.),(4.5,0.05,3.),(4.5,0.0625,3.),(4.5,0.075,3.),(4.5,0.0875,3.),(4.5,0.1,3.),(4.5,0.1125,3.),(4.5,0.125,3.),(4.5,0.1375,3.),(4.5,0.15,3.),(4.5,0.1625,3.),(4.5,0.175,3.),(4.5,0.1875,3.),(4.5,0.2,3.),(4.5,0.2125,3.),(4.5,0.225,3.),(4.5,0.2375,3.),(4.5,0.25,3.),(4.5,0.2625,3.),(4.5,0.275,3.),(4.5,0.2875,3.),(4.5,0.3,3.),(4.75,0.,3.),(4.75,0.0125,3.),(4.75,0.025,3.),(4.75,0.0375,3.),(4.75,0.05,3.),(4.75,0.0625,3.),(4.75,0.075,3.),(4.75,0.0875,3.),(4.75,0.1,3.),(4.75,0.1125,3.),(4.75,0.125,3.),(4.75,0.1375,3.),(4.75,0.15,3.),(4.75,0.1625,3.),(4.75,0.175,3.),(4.75,0.1875,3.),(4.75,0.2,3.),(4.75,0.2125,3.),(4.75,0.225,3.),(4.75,0.2375,3.),(4.75,0.25,3.),(4.75,0.2625,3.),(4.75,0.275,3.),(4.75,0.2875,3.),(4.75,0.3,3.),(5.,0.,3.),(5.,0.0125,3.),(5.,0.025,3.),(5.,0.0375,3.),(5.,0.05,3.),(5.,0.0625,3.),(5.,0.075,3.),(5.,0.0875,3.),(5.,0.1,3.),(5.,0.1125,3.),(5.,0.125,3.),(5.,0.1375,3.),(5.,0.15,3.),(5.,0.1625,3.),(5.,0.175,3.),(5.,0.1875,3.),(5.,0.2,3.),(5.,0.2125,3.),(5.,0.225,3.),(5.,0.2375,3.),(5.,0.25,3.),(5.,0.2625,3.),(5.,0.275,3.),(5.,0.2875,3.),(5.,0.3,3.),(5.25,0.,3.),(5.25,0.0125,3.),(5.25,0.025,3.),(5.25,0.0375,3.),(5.25,0.05,3.),(5.25,0.0625,3.),(5.25,0.075,3.),(5.25,0.0875,3.),(5.25,0.1,3.),(5.25,0.1125,3.),(5.25,0.125,3.),(5.25,0.1375,3.),(5.25,0.15,3.),(5.25,0.1625,3.),(5.25,0.175,3.),(5.25,0.1875,3.),(5.25,0.2,3.),(5.25,0.2125,3.),(5.25,0.225,3.),(5.25,0.2375,3.),(5.25,0.25,3.),(5.25,0.2625,3.),(5.25,0.275,3.),(5.25,0.2875,3.),(5.25,0.3,3.),(5.5,0.,3.),(5.5,0.0125,3.),(5.5,0.025,3.),(5.5,0.0375,3.),(5.5,0.05,3.),(5.5,0.0625,3.),(5.5,0.075,3.),(5.5,0.0875,3.),(5.5,0.1,3.),(5.5,0.1125,3.),(5.5,0.125,3.),(5.5,0.1375,3.),(5.5,0.15,3.),(5.5,0.1625,3.),(5.5,0.175,3.),(5.5,0.1875,3.),(5.5,0.2,3.),(5.5,0.2125,3.),(5.5,0.225,3.),(5.5,0.2375,3.),(5.5,0.25,3.),(5.5,0.2625,3.),(5.5,0.275,3.),(5.5,0.2875,3.),(5.5,0.3,3.),(5.75,0.,3.),(5.75,0.0125,3.),(5.75,0.025,3.),(5.75,0.0375,3.),(5.75,0.05,3.),(5.75,0.0625,3.),(5.75,0.075,3.),(5.75,0.0875,3.),(5.75,0.1,3.),(5.75,0.1125,3.),(5.75,0.125,3.),(5.75,0.1375,3.),(5.75,0.15,3.),(5.75,0.1625,3.),(5.75,0.175,3.),(5.75,0.1875,3.),(5.75,0.2,3.),(5.75,0.2125,3.),(5.75,0.225,3.),(5.75,0.2375,3.),(5.75,0.25,3.),(5.75,0.2625,3.),(5.75,0.275,3.),(5.75,0.2875,3.),(5.75,0.3,3.),(6.,0.,3.),(6.,0.0125,3.),(6.,0.025,3.),(6.,0.0375,3.),(6.,0.05,3.),(6.,0.0625,3.),(6.,0.075,3.),(6.,0.0875,3.),(6.,0.1,3.),(6.,0.1125,3.),(6.,0.125,3.),(6.,0.1375,3.),(6.,0.15,3.),(6.,0.1625,3.),(6.,0.175,3.),(6.,0.1875,3.),(6.,0.2,3.),(6.,0.2125,3.),(6.,0.225,3.),(6.,0.2375,3.),(6.,0.25,3.),(6.,0.2625,3.),(6.,0.275,3.),(6.,0.2875,3.),(6.,0.3,3.),(0.25,0.,0.125),(0.,0.,0.125),(0.25,0.,0.25),(0.,0.,0.25),(0.25,0.,0.375),(0.,0.,0.375),(0.25,0.,0.5),(0.,0.,0.5),(0.25,0.,0.625),(0.,0.,0.625),(0.25,0.,0.75),(0.,0.,0.75),(0.25,0.,0.875),(0.,0.,0.875),(0.25,0.,1.),(0.,0.,1.),(0.25,0.,1.125),(0.,0.,1.125),(0.25,0.,1.25),(0.,0.,1.25),(0.25,0.,1.375),(0.,0.,1.375),(0.25,0.,1.5),(0.,0.,1.5),(0.25,0.,1.625),(0.,0.,1.625),(0.25,0.,1.75),(0.,0.,1.75),(0.25,0.,1.875),(0.,0.,1.875),(0.25,0.,2.),(0.,0.,2.),(0.25,0.,2.125),(0.,0.,2.125),(0.25,0.,2.25),(0.,0.,2.25),(0.25,0.,2.375),(0.,0.,2.375),(0.25,0.,2.5),(0.,0.,2.5),(0.25,0.,2.625),(0.,0.,2.625),(0.25,0.,2.75),(0.,0.,2.75),(0.25,0.,2.875),(0.,0.,2.875),(0.5,0.,0.125),(0.5,0.,0.25),(0.5,0.,0.375),(0.5,0.,0.5),(0.5,0.,0.625),(0.5,0.,0.75),(0.5,0.,0.875),(0.5,0.,1.),(0.5,0.,1.125),(0.5,0.,1.25),(0.5,0.,1.375),(0.5,0.,1.5),(0.5,0.,1.625),(0.5,0.,1.75),(0.5,0.,1.875),(0.5,0.,2.),(0.5,0.,2.125),(0.5,0.,2.25),(0.5,0.,2.375),(0.5,0.,2.5),(0.5,0.,2.625),(0.5,0.,2.75),(0.5,0.,2.875),(0.75,0.,0.125),(0.75,0.,0.25),(0.75,0.,0.375),(0.75,0.,0.5),(0.75,0.,0.625),(0.75,0.,0.75),(0.75,0.,0.875),(0.75,0.,1.),(0.75,0.,1.125),(0.75,0.,1.25),(0.75,0.,1.375),(0.75,0.,1.5),(0.75,0.,1.625),(0.75,0.,1.75),(0.75,0.,1.875),(0.75,0.,2.),(0.75,0.,2.125),(0.75,0.,2.25),(0.75,0.,2.375),(0.75,0.,2.5),(0.75,0.,2.625),(0.75,0.,2.75),(0.75,0.,2.875),(1.,0.,0.125),(1.,0.,0.25),(1.,0.,0.375),(1.,0.,0.5),(1.,0.,0.625),(1.,0.,0.75),(1.,0.,0.875),(1.,0.,1.),(1.,0.,1.125),(1.,0.,1.25),(1.,0.,1.375),(1.,0.,1.5),(1.,0.,1.625),(1.,0.,1.75),(1.,0.,1.875),(1.,0.,2.),(1.,0.,2.125),(1.,0.,2.25),(1.,0.,2.375),(1.,0.,2.5),(1.,0.,2.625),(1.,0.,2.75),(1.,0.,2.875),(1.25,0.,0.125),(1.25,0.,0.25),(1.25,0.,0.375),(1.25,0.,0.5),(1.25,0.,0.625),(1.25,0.,0.75),(1.25,0.,0.875),(1.25,0.,1.),(1.25,0.,1.125),(1.25,0.,1.25),(1.25,0.,1.375),(1.25,0.,1.5),(1.25,0.,1.625),(1.25,0.,1.75),(1.25,0.,1.875),(1.25,0.,2.),(1.25,0.,2.125),(1.25,0.,2.25),(1.25,0.,2.375),(1.25,0.,2.5),(1.25,0.,2.625),(1.25,0.,2.75),(1.25,0.,2.875),(1.5,0.,0.125),(1.5,0.,0.25),(1.5,0.,0.375),(1.5,0.,0.5),(1.5,0.,0.625),(1.5,0.,0.75),(1.5,0.,0.875),(1.5,0.,1.),(1.5,0.,1.125),(1.5,0.,1.25),(1.5,0.,1.375),(1.5,0.,1.5),(1.5,0.,1.625),(1.5,0.,1.75),(1.5,0.,1.875),(1.5,0.,2.),(1.5,0.,2.125),(1.5,0.,2.25),(1.5,0.,2.375),(1.5,0.,2.5),(1.5,0.,2.625),(1.5,0.,2.75),(1.5,0.,2.875),(1.75,0.,0.125),(1.75,0.,0.25),(1.75,0.,0.375),(1.75,0.,0.5),(1.75,0.,0.625),(1.75,0.,0.75),(1.75,0.,0.875),(1.75,0.,1.),(1.75,0.,1.125),(1.75,0.,1.25),(1.75,0.,1.375),(1.75,0.,1.5),(1.75,0.,1.625),(1.75,0.,1.75),(1.75,0.,1.875),(1.75,0.,2.),(1.75,0.,2.125),(1.75,0.,2.25),(1.75,0.,2.375),(1.75,0.,2.5),(1.75,0.,2.625),(1.75,0.,2.75),(1.75,0.,2.875),(2.,0.,0.125),(2.,0.,0.25),(2.,0.,0.375),(2.,0.,0.5),(2.,0.,0.625),(2.,0.,0.75),(2.,0.,0.875),(2.,0.,1.),(2.,0.,1.125),(2.,0.,1.25),(2.,0.,1.375),(2.,0.,1.5),(2.,0.,1.625),(2.,0.,1.75),(2.,0.,1.875),(2.,0.,2.),(2.,0.,2.125),(2.,0.,2.25),(2.,0.,2.375),(2.,0.,2.5),(2.,0.,2.625),(2.,0.,2.75),(2.,0.,2.875),(2.25,0.,0.125),(2.25,0.,0.25),(2.25,0.,0.375),(2.25,0.,0.5),(2.25,0.,0.625),(2.25,0.,0.75),(2.25,0.,0.875),(2.25,0.,1.),(2.25,0.,1.125),(2.25,0.,1.25),(2.25,0.,1.375),(2.25,0.,1.5),(2.25,0.,1.625),(2.25,0.,1.75),(2.25,0.,1.875),(2.25,0.,2.),(2.25,0.,2.125),(2.25,0.,2.25),(2.25,0.,2.375),(2.25,0.,2.5),(2.25,0.,2.625),(2.25,0.,2.75),(2.25,0.,2.875),(2.5,0.,0.125),(2.5,0.,0.25),(2.5,0.,0.375),(2.5,0.,0.5),(2.5,0.,0.625),(2.5,0.,0.75),(2.5,0.,0.875),(2.5,0.,1.),(2.5,0.,1.125),(2.5,0.,1.25),(2.5,0.,1.375),(2.5,0.,1.5),(2.5,0.,1.625),(2.5,0.,1.75),(2.5,0.,1.875),(2.5,0.,2.),(2.5,0.,2.125),(2.5,0.,2.25),(2.5,0.,2.375),(2.5,0.,2.5),(2.5,0.,2.625),(2.5,0.,2.75),(2.5,0.,2.875),(2.75,0.,0.125),(2.75,0.,0.25),(2.75,0.,0.375),(2.75,0.,0.5),(2.75,0.,0.625),(2.75,0.,0.75),(2.75,0.,0.875),(2.75,0.,1.),(2.75,0.,1.125),(2.75,0.,1.25),(2.75,0.,1.375),(2.75,0.,1.5),(2.75,0.,1.625),(2.75,0.,1.75),(2.75,0.,1.875),(2.75,0.,2.),(2.75,0.,2.125),(2.75,0.,2.25),(2.75,0.,2.375),(2.75,0.,2.5),(2.75,0.,2.625),(2.75,0.,2.75),(2.75,0.,2.875),(3.,0.,0.125),(3.,0.,0.25),(3.,0.,0.375),(3.,0.,0.5),(3.,0.,0.625),(3.,0.,0.75),(3.,0.,0.875),(3.,0.,1.),(3.,0.,1.125),(3.,0.,1.25),(3.,0.,1.375),(3.,0.,1.5),(3.,0.,1.625),(3.,0.,1.75),(3.,0.,1.875),(3.,0.,2.),(3.,0.,2.125),(3.,0.,2.25),(3.,0.,2.375),(3.,0.,2.5),(3.,0.,2.625),(3.,0.,2.75),(3.,0.,2.875),(3.25,0.,0.125),(3.25,0.,0.25),(3.25,0.,0.375),(3.25,0.,0.5),(3.25,0.,0.625),(3.25,0.,0.75),(3.25,0.,0.875),(3.25,0.,1.),(3.25,0.,1.125),(3.25,0.,1.25),(3.25,0.,1.375),(3.25,0.,1.5),(3.25,0.,1.625),(3.25,0.,1.75),(3.25,0.,1.875),(3.25,0.,2.),(3.25,0.,2.125),(3.25,0.,2.25),(3.25,0.,2.375),(3.25,0.,2.5),(3.25,0.,2.625),(3.25,0.,2.75),(3.25,0.,2.875),(3.5,0.,0.125),(3.5,0.,0.25),(3.5,0.,0.375),(3.5,0.,0.5),(3.5,0.,0.625),(3.5,0.,0.75),(3.5,0.,0.875),(3.5,0.,1.),(3.5,0.,1.125),(3.5,0.,1.25),(3.5,0.,1.375),(3.5,0.,1.5),(3.5,0.,1.625),(3.5,0.,1.75),(3.5,0.,1.875),(3.5,0.,2.),(3.5,0.,2.125),(3.5,0.,2.25),(3.5,0.,2.375),(3.5,0.,2.5),(3.5,0.,2.625),(3.5,0.,2.75),(3.5,0.,2.875),(3.75,0.,0.125),(3.75,0.,0.25),(3.75,0.,0.375),(3.75,0.,0.5),(3.75,0.,0.625),(3.75,0.,0.75),(3.75,0.,0.875),(3.75,0.,1.),(3.75,0.,1.125),(3.75,0.,1.25),(3.75,0.,1.375),(3.75,0.,1.5),(3.75,0.,1.625),(3.75,0.,1.75),(3.75,0.,1.875),(3.75,0.,2.),(3.75,0.,2.125),(3.75,0.,2.25),(3.75,0.,2.375),(3.75,0.,2.5),(3.75,0.,2.625),(3.75,0.,2.75),(3.75,0.,2.875),(4.,0.,0.125),(4.,0.,0.25),(4.,0.,0.375),(4.,0.,0.5),(4.,0.,0.625),(4.,0.,0.75),(4.,0.,0.875),(4.,0.,1.),(4.,0.,1.125),(4.,0.,1.25),(4.,0.,1.375),(4.,0.,1.5),(4.,0.,1.625),(4.,0.,1.75),(4.,0.,1.875),(4.,0.,2.),(4.,0.,2.125),(4.,0.,2.25),(4.,0.,2.375),(4.,0.,2.5),(4.,0.,2.625),(4.,0.,2.75),(4.,0.,2.875),(4.25,0.,0.125),(4.25,0.,0.25),(4.25,0.,0.375),(4.25,0.,0.5),(4.25,0.,0.625),(4.25,0.,0.75),(4.25,0.,0.875),(4.25,0.,1.),(4.25,0.,1.125),(4.25,0.,1.25),(4.25,0.,1.375),(4.25,0.,1.5),(4.25,0.,1.625),(4.25,0.,1.75),(4.25,0.,1.875),(4.25,0.,2.),(4.25,0.,2.125),(4.25,0.,2.25),(4.25,0.,2.375),(4.25,0.,2.5),(4.25,0.,2.625),(4.25,0.,2.75),(4.25,0.,2.875),(4.5,0.,0.125),(4.5,0.,0.25),(4.5,0.,0.375),(4.5,0.,0.5),(4.5,0.,0.625),(4.5,0.,0.75),(4.5,0.,0.875),(4.5,0.,1.),(4.5,0.,1.125),(4.5,0.,1.25),(4.5,0.,1.375),(4.5,0.,1.5),(4.5,0.,1.625),(4.5,0.,1.75),(4.5,0.,1.875),(4.5,0.,2.),(4.5,0.,2.125),(4.5,0.,2.25),(4.5,0.,2.375),(4.5,0.,2.5),(4.5,0.,2.625),(4.5,0.,2.75),(4.5,0.,2.875),(4.75,0.,0.125),(4.75,0.,0.25),(4.75,0.,0.375),(4.75,0.,0.5),(4.75,0.,0.625),(4.75,0.,0.75),(4.75,0.,0.875),(4.75,0.,1.),(4.75,0.,1.125),(4.75,0.,1.25),(4.75,0.,1.375),(4.75,0.,1.5),(4.75,0.,1.625),(4.75,0.,1.75),(4.75,0.,1.875),(4.75,0.,2.),(4.75,0.,2.125),(4.75,0.,2.25),(4.75,0.,2.375),(4.75,0.,2.5),(4.75,0.,2.625),(4.75,0.,2.75),(4.75,0.,2.875),(5.,0.,0.125),(5.,0.,0.25),(5.,0.,0.375),(5.,0.,0.5),(5.,0.,0.625),(5.,0.,0.75),(5.,0.,0.875),(5.,0.,1.),(5.,0.,1.125),(5.,0.,1.25),(5.,0.,1.375),(5.,0.,1.5),(5.,0.,1.625),(5.,0.,1.75),(5.,0.,1.875),(5.,0.,2.),(5.,0.,2.125),(5.,0.,2.25),(5.,0.,2.375),(5.,0.,2.5),(5.,0.,2.625),(5.,0.,2.75),(5.,0.,2.875),(5.25,0.,0.125),(5.25,0.,0.25),(5.25,0.,0.375),(5.25,0.,0.5),(5.25,0.,0.625),(5.25,0.,0.75),(5.25,0.,0.875),(5.25,0.,1.),(5.25,0.,1.125),(5.25,0.,1.25),(5.25,0.,1.375),(5.25,0.,1.5),(5.25,0.,1.625),(5.25,0.,1.75),(5.25,0.,1.875),(5.25,0.,2.),(5.25,0.,2.125),(5.25,0.,2.25),(5.25,0.,2.375),(5.25,0.,2.5),(5.25,0.,2.625),(5.25,0.,2.75),(5.25,0.,2.875),(5.5,0.,0.125),(5.5,0.,0.25),(5.5,0.,0.375),(5.5,0.,0.5),(5.5,0.,0.625),(5.5,0.,0.75),(5.5,0.,0.875),(5.5,0.,1.),(5.5,0.,1.125),(5.5,0.,1.25),(5.5,0.,1.375),(5.5,0.,1.5),(5.5,0.,1.625),(5.5,0.,1.75),(5.5,0.,1.875),(5.5,0.,2.),(5.5,0.,2.125),(5.5,0.,2.25),(5.5,0.,2.375),(5.5,0.,2.5),(5.5,0.,2.625),(5.5,0.,2.75),(5.5,0.,2.875),(5.75,0.,0.125),(5.75,0.,0.25),(5.75,0.,0.375),(5.75,0.,0.5),(5.75,0.,0.625),(5.75,0.,0.75),(5.75,0.,0.875),(5.75,0.,1.),(5.75,0.,1.125),(5.75,0.,1.25),(5.75,0.,1.375),(5.75,0.,1.5),(5.75,0.,1.625),(5.75,0.,1.75),(5.75,0.,1.875),(5.75,0.,2.),(5.75,0.,2.125),(5.75,0.,2.25),(5.75,0.,2.375),(5.75,0.,2.5),(5.75,0.,2.625),(5.75,0.,2.75),(5.75,0.,2.875),(6.,0.,0.125),(6.,0.,0.25),(6.,0.,0.375),(6.,0.,0.5),(6.,0.,0.625),(6.,0.,0.75),(6.,0.,0.875),(6.,0.,1.),(6.,0.,1.125),(6.,0.,1.25),(6.,0.,1.375),(6.,0.,1.5),(6.,0.,1.625),(6.,0.,1.75),(6.,0.,1.875),(6.,0.,2.),(6.,0.,2.125),(6.,0.,2.25),(6.,0.,2.375),(6.,0.,2.5),(6.,0.,2.625),(6.,0.,2.75),(6.,0.,2.875),(0.,0.3,0.125),(0.25,0.3,0.125),(0.5,0.3,0.125),(0.75,0.3,0.125),(1.,0.3,0.125),(1.25,0.3,0.125),(1.5,0.3,0.125),(1.75,0.3,0.125),(2.,0.3,0.125),(2.25,0.3,0.125),(2.5,0.3,0.125),(2.75,0.3,0.125),(3.,0.3,0.125),(3.25,0.3,0.125),(3.5,0.3,0.125),(3.75,0.3,0.125),(4.,0.3,0.125),(4.25,0.3,0.125),(4.5,0.3,0.125),(4.75,0.3,0.125),(5.,0.3,0.125),(5.25,0.3,0.125),(5.5,0.3,0.125),(5.75,0.3,0.125),(6.,0.3,0.125),(0.,0.3,0.25),(0.25,0.3,0.25),(0.5,0.3,0.25),(0.75,0.3,0.25),(1.,0.3,0.25),(1.25,0.3,0.25),(1.5,0.3,0.25),(1.75,0.3,0.25),(2.,0.3,0.25),(2.25,0.3,0.25),(2.5,0.3,0.25),(2.75,0.3,0.25),(3.,0.3,0.25),(3.25,0.3,0.25),(3.5,0.3,0.25),(3.75,0.3,0.25),(4.,0.3,0.25),(4.25,0.3,0.25),(4.5,0.3,0.25),(4.75,0.3,0.25),(5.,0.3,0.25),(5.25,0.3,0.25),(5.5,0.3,0.25),(5.75,0.3,0.25),(6.,0.3,0.25),(0.,0.3,0.375),(0.25,0.3,0.375),(0.5,0.3,0.375),(0.75,0.3,0.375),(1.,0.3,0.375),(1.25,0.3,0.375),(1.5,0.3,0.375),(1.75,0.3,0.375),(2.,0.3,0.375),(2.25,0.3,0.375),(2.5,0.3,0.375),(2.75,0.3,0.375),(3.,0.3,0.375),(3.25,0.3,0.375),(3.5,0.3,0.375),(3.75,0.3,0.375),(4.,0.3,0.375),(4.25,0.3,0.375),(4.5,0.3,0.375),(4.75,0.3,0.375),(5.,0.3,0.375),(5.25,0.3,0.375),(5.5,0.3,0.375),(5.75,0.3,0.375),(6.,0.3,0.375),(0.,0.3,0.5),(0.25,0.3,0.5),(0.5,0.3,0.5),(0.75,0.3,0.5),(1.,0.3,0.5),(1.25,0.3,0.5),(1.5,0.3,0.5),(1.75,0.3,0.5),(2.,0.3,0.5),(2.25,0.3,0.5),(2.5,0.3,0.5),(2.75,0.3,0.5),(3.,0.3,0.5),(3.25,0.3,0.5),(3.5,0.3,0.5),(3.75,0.3,0.5),(4.,0.3,0.5),(4.25,0.3,0.5),(4.5,0.3,0.5),(4.75,0.3,0.5),(5.,0.3,0.5),(5.25,0.3,0.5),(5.5,0.3,0.5),(5.75,0.3,0.5),(6.,0.3,0.5),(0.,0.3,0.625),(0.25,0.3,0.625),(0.5,0.3,0.625),(0.75,0.3,0.625),(1.,0.3,0.625),(1.25,0.3,0.625),(1.5,0.3,0.625),(1.75,0.3,0.625),(2.,0.3,0.625),(2.25,0.3,0.625),(2.5,0.3,0.625),(2.75,0.3,0.625),(3.,0.3,0.625),(3.25,0.3,0.625),(3.5,0.3,0.625),(3.75,0.3,0.625),(4.,0.3,0.625),(4.25,0.3,0.625),(4.5,0.3,0.625),(4.75,0.3,0.625),(5.,0.3,0.625),(5.25,0.3,0.625),(5.5,0.3,0.625),(5.75,0.3,0.625),(6.,0.3,0.625),(0.,0.3,0.75),(0.25,0.3,0.75),(0.5,0.3,0.75),(0.75,0.3,0.75),(1.,0.3,0.75),(1.25,0.3,0.75),(1.5,0.3,0.75),(1.75,0.3,0.75),(2.,0.3,0.75),(2.25,0.3,0.75),(2.5,0.3,0.75),(2.75,0.3,0.75),(3.,0.3,0.75),(3.25,0.3,0.75),(3.5,0.3,0.75),(3.75,0.3,0.75),(4.,0.3,0.75),(4.25,0.3,0.75),(4.5,0.3,0.75),(4.75,0.3,0.75),(5.,0.3,0.75),(5.25,0.3,0.75),(5.5,0.3,0.75),(5.75,0.3,0.75),(6.,0.3,0.75),(0.,0.3,0.875),(0.25,0.3,0.875),(0.5,0.3,0.875),(0.75,0.3,0.875),(1.,0.3,0.875),(1.25,0.3,0.875),(1.5,0.3,0.875),(1.75,0.3,0.875),(2.,0.3,0.875),(2.25,0.3,0.875),(2.5,0.3,0.875),(2.75,0.3,0.875),(3.,0.3,0.875),(3.25,0.3,0.875),(3.5,0.3,0.875),(3.75,0.3,0.875),(4.,0.3,0.875),(4.25,0.3,0.875),(4.5,0.3,0.875),(4.75,0.3,0.875),(5.,0.3,0.875),(5.25,0.3,0.875),(5.5,0.3,0.875),(5.75,0.3,0.875),(6.,0.3,0.875),(0.,0.3,1.),(0.25,0.3,1.),(0.5,0.3,1.),(0.75,0.3,1.),(1.,0.3,1.),(1.25,0.3,1.),(1.5,0.3,1.),(1.75,0.3,1.),(2.,0.3,1.),(2.25,0.3,1.),(2.5,0.3,1.),(2.75,0.3,1.),(3.,0.3,1.),(3.25,0.3,1.),(3.5,0.3,1.),(3.75,0.3,1.),(4.,0.3,1.),(4.25,0.3,1.),(4.5,0.3,1.),(4.75,0.3,1.),(5.,0.3,1.),(5.25,0.3,1.),(5.5,0.3,1.),(5.75,0.3,1.),(6.,0.3,1.),(0.,0.3,1.125),(0.25,0.3,1.125),(0.5,0.3,1.125),(0.75,0.3,1.125),(1.,0.3,1.125),(1.25,0.3,1.125),(1.5,0.3,1.125),(1.75,0.3,1.125),(2.,0.3,1.125),(2.25,0.3,1.125),(2.5,0.3,1.125),(2.75,0.3,1.125),(3.,0.3,1.125),(3.25,0.3,1.125),(3.5,0.3,1.125),(3.75,0.3,1.125),(4.,0.3,1.125),(4.25,0.3,1.125),(4.5,0.3,1.125),(4.75,0.3,1.125),(5.,0.3,1.125),(5.25,0.3,1.125),(5.5,0.3,1.125),(5.75,0.3,1.125),(6.,0.3,1.125),(0.,0.3,1.25),(0.25,0.3,1.25),(0.5,0.3,1.25),(0.75,0.3,1.25),(1.,0.3,1.25),(1.25,0.3,1.25),(1.5,0.3,1.25),(1.75,0.3,1.25),(2.,0.3,1.25),(2.25,0.3,1.25),(2.5,0.3,1.25),(2.75,0.3,1.25),(3.,0.3,1.25),(3.25,0.3,1.25),(3.5,0.3,1.25),(3.75,0.3,1.25),(4.,0.3,1.25),(4.25,0.3,1.25),(4.5,0.3,1.25),(4.75,0.3,1.25),(5.,0.3,1.25),(5.25,0.3,1.25),(5.5,0.3,1.25),(5.75,0.3,1.25),(6.,0.3,1.25),(0.,0.3,1.375),(0.25,0.3,1.375),(0.5,0.3,1.375),(0.75,0.3,1.375),(1.,0.3,1.375),(1.25,0.3,1.375),(1.5,0.3,1.375),(1.75,0.3,1.375),(2.,0.3,1.375),(2.25,0.3,1.375),(2.5,0.3,1.375),(2.75,0.3,1.375),(3.,0.3,1.375),(3.25,0.3,1.375),(3.5,0.3,1.375),(3.75,0.3,1.375),(4.,0.3,1.375),(4.25,0.3,1.375),(4.5,0.3,1.375),(4.75,0.3,1.375),(5.,0.3,1.375),(5.25,0.3,1.375),(5.5,0.3,1.375),(5.75,0.3,1.375),(6.,0.3,1.375),(0.,0.3,1.5),(0.25,0.3,1.5),(0.5,0.3,1.5),(0.75,0.3,1.5),(1.,0.3,1.5),(1.25,0.3,1.5),(1.5,0.3,1.5),(1.75,0.3,1.5),(2.,0.3,1.5),(2.25,0.3,1.5),(2.5,0.3,1.5),(2.75,0.3,1.5),(3.,0.3,1.5),(3.25,0.3,1.5),(3.5,0.3,1.5),(3.75,0.3,1.5),(4.,0.3,1.5),(4.25,0.3,1.5),(4.5,0.3,1.5),(4.75,0.3,1.5),(5.,0.3,1.5),(5.25,0.3,1.5),(5.5,0.3,1.5),(5.75,0.3,1.5),(6.,0.3,1.5),(0.,0.3,1.625),(0.25,0.3,1.625),(0.5,0.3,1.625),(0.75,0.3,1.625),(1.,0.3,1.625),(1.25,0.3,1.625),(1.5,0.3,1.625),(1.75,0.3,1.625),(2.,0.3,1.625),(2.25,0.3,1.625),(2.5,0.3,1.625),(2.75,0.3,1.625),(3.,0.3,1.625),(3.25,0.3,1.625),(3.5,0.3,1.625),(3.75,0.3,1.625),(4.,0.3,1.625),(4.25,0.3,1.625),(4.5,0.3,1.625),(4.75,0.3,1.625),(5.,0.3,1.625),(5.25,0.3,1.625),(5.5,0.3,1.625),(5.75,0.3,1.625),(6.,0.3,1.625),(0.,0.3,1.75),(0.25,0.3,1.75),(0.5,0.3,1.75),(0.75,0.3,1.75),(1.,0.3,1.75),(1.25,0.3,1.75),(1.5,0.3,1.75),(1.75,0.3,1.75),(2.,0.3,1.75),(2.25,0.3,1.75),(2.5,0.3,1.75),(2.75,0.3,1.75),(3.,0.3,1.75),(3.25,0.3,1.75),(3.5,0.3,1.75),(3.75,0.3,1.75),(4.,0.3,1.75),(4.25,0.3,1.75),(4.5,0.3,1.75),(4.75,0.3,1.75),(5.,0.3,1.75),(5.25,0.3,1.75),(5.5,0.3,1.75),(5.75,0.3,1.75),(6.,0.3,1.75),(0.,0.3,1.875),(0.25,0.3,1.875),(0.5,0.3,1.875),(0.75,0.3,1.875),(1.,0.3,1.875),(1.25,0.3,1.875),(1.5,0.3,1.875),(1.75,0.3,1.875),(2.,0.3,1.875),(2.25,0.3,1.875),(2.5,0.3,1.875),(2.75,0.3,1.875),(3.,0.3,1.875),(3.25,0.3,1.875),(3.5,0.3,1.875),(3.75,0.3,1.875),(4.,0.3,1.875),(4.25,0.3,1.875),(4.5,0.3,1.875),(4.75,0.3,1.875),(5.,0.3,1.875),(5.25,0.3,1.875),(5.5,0.3,1.875),(5.75,0.3,1.875),(6.,0.3,1.875),(0.,0.3,2.),(0.25,0.3,2.),(0.5,0.3,2.),(0.75,0.3,2.),(1.,0.3,2.),(1.25,0.3,2.),(1.5,0.3,2.),(1.75,0.3,2.),(2.,0.3,2.),(2.25,0.3,2.),(2.5,0.3,2.),(2.75,0.3,2.),(3.,0.3,2.),(3.25,0.3,2.),(3.5,0.3,2.),(3.75,0.3,2.),(4.,0.3,2.),(4.25,0.3,2.),(4.5,0.3,2.),(4.75,0.3,2.),(5.,0.3,2.),(5.25,0.3,2.),(5.5,0.3,2.),(5.75,0.3,2.),(6.,0.3,2.),(0.,0.3,2.125),(0.25,0.3,2.125),(0.5,0.3,2.125),(0.75,0.3,2.125),(1.,0.3,2.125),(1.25,0.3,2.125),(1.5,0.3,2.125),(1.75,0.3,2.125),(2.,0.3,2.125),(2.25,0.3,2.125),(2.5,0.3,2.125),(2.75,0.3,2.125),(3.,0.3,2.125),(3.25,0.3,2.125),(3.5,0.3,2.125),(3.75,0.3,2.125),(4.,0.3,2.125),(4.25,0.3,2.125),(4.5,0.3,2.125),(4.75,0.3,2.125),(5.,0.3,2.125),(5.25,0.3,2.125),(5.5,0.3,2.125),(5.75,0.3,2.125),(6.,0.3,2.125),(0.,0.3,2.25),(0.25,0.3,2.25),(0.5,0.3,2.25),(0.75,0.3,2.25),(1.,0.3,2.25),(1.25,0.3,2.25),(1.5,0.3,2.25),(1.75,0.3,2.25),(2.,0.3,2.25),(2.25,0.3,2.25),(2.5,0.3,2.25),(2.75,0.3,2.25),(3.,0.3,2.25),(3.25,0.3,2.25),(3.5,0.3,2.25),(3.75,0.3,2.25),(4.,0.3,2.25),(4.25,0.3,2.25),(4.5,0.3,2.25),(4.75,0.3,2.25),(5.,0.3,2.25),(5.25,0.3,2.25),(5.5,0.3,2.25),(5.75,0.3,2.25),(6.,0.3,2.25),(0.,0.3,2.375),(0.25,0.3,2.375),(0.5,0.3,2.375),(0.75,0.3,2.375),(1.,0.3,2.375),(1.25,0.3,2.375),(1.5,0.3,2.375),(1.75,0.3,2.375),(2.,0.3,2.375),(2.25,0.3,2.375),(2.5,0.3,2.375),(2.75,0.3,2.375),(3.,0.3,2.375),(3.25,0.3,2.375),(3.5,0.3,2.375),(3.75,0.3,2.375),(4.,0.3,2.375),(4.25,0.3,2.375),(4.5,0.3,2.375),(4.75,0.3,2.375),(5.,0.3,2.375),(5.25,0.3,2.375),(5.5,0.3,2.375),(5.75,0.3,2.375),(6.,0.3,2.375),(0.,0.3,2.5),(0.25,0.3,2.5),(0.5,0.3,2.5),(0.75,0.3,2.5),(1.,0.3,2.5),(1.25,0.3,2.5),(1.5,0.3,2.5),(1.75,0.3,2.5),(2.,0.3,2.5),(2.25,0.3,2.5),(2.5,0.3,2.5),(2.75,0.3,2.5),(3.,0.3,2.5),(3.25,0.3,2.5),(3.5,0.3,2.5),(3.75,0.3,2.5),(4.,0.3,2.5),(4.25,0.3,2.5),(4.5,0.3,2.5),(4.75,0.3,2.5),(5.,0.3,2.5),(5.25,0.3,2.5),(5.5,0.3,2.5),(5.75,0.3,2.5),(6.,0.3,2.5),(0.,0.3,2.625),(0.25,0.3,2.625),(0.5,0.3,2.625),(0.75,0.3,2.625),(1.,0.3,2.625),(1.25,0.3,2.625),(1.5,0.3,2.625),(1.75,0.3,2.625),(2.,0.3,2.625),(2.25,0.3,2.625),(2.5,0.3,2.625),(2.75,0.3,2.625),(3.,0.3,2.625),(3.25,0.3,2.625),(3.5,0.3,2.625),(3.75,0.3,2.625),(4.,0.3,2.625),(4.25,0.3,2.625),(4.5,0.3,2.625),(4.75,0.3,2.625),(5.,0.3,2.625),(5.25,0.3,2.625),(5.5,0.3,2.625),(5.75,0.3,2.625),(6.,0.3,2.625),(0.,0.3,2.75),(0.25,0.3,2.75),(0.5,0.3,2.75),(0.75,0.3,2.75),(1.,0.3,2.75),(1.25,0.3,2.75),(1.5,0.3,2.75),(1.75,0.3,2.75),(2.,0.3,2.75),(2.25,0.3,2.75),(2.5,0.3,2.75),(2.75,0.3,2.75),(3.,0.3,2.75),(3.25,0.3,2.75),(3.5,0.3,2.75),(3.75,0.3,2.75),(4.,0.3,2.75),(4.25,0.3,2.75),(4.5,0.3,2.75),(4.75,0.3,2.75),(5.,0.3,2.75),(5.25,0.3,2.75),(5.5,0.3,2.75),(5.75,0.3,2.75),(6.,0.3,2.75),(0.,0.3,2.875),(0.25,0.3,2.875),(0.5,0.3,2.875),(0.75,0.3,2.875),(1.,0.3,2.875),(1.25,0.3,2.875),(1.5,0.3,2.875),(1.75,0.3,2.875),(2.,0.3,2.875),(2.25,0.3,2.875),(2.5,0.3,2.875),(2.75,0.3,2.875),(3.,0.3,2.875),(3.25,0.3,2.875),(3.5,0.3,2.875),(3.75,0.3,2.875),(4.,0.3,2.875),(4.25,0.3,2.875),(4.5,0.3,2.875),(4.75,0.3,2.875),(5.,0.3,2.875),(5.25,0.3,2.875),(5.5,0.3,2.875),(5.75,0.3,2.875),(6.,0.3,2.875),(0.,0.0125,0.125),(0.,0.025,0.125),(0.,0.0375,0.125),(0.,0.05,0.125),(0.,0.0625,0.125),(0.,0.075,0.125),(0.,0.0875,0.125),(0.,0.1,0.125),(0.,0.1125,0.125),(0.,0.125,0.125),(0.,0.1375,0.125),(0.,0.15,0.125),(0.,0.1625,0.125),(0.,0.175,0.125),(0.,0.1875,0.125),(0.,0.2,0.125),(0.,0.2125,0.125),(0.,0.225,0.125),(0.,0.2375,0.125),(0.,0.25,0.125),(0.,0.2625,0.125),(0.,0.275,0.125),(0.,0.2875,0.125),(0.,0.0125,0.25),(0.,0.025,0.25),(0.,0.0375,0.25),(0.,0.05,0.25),(0.,0.0625,0.25),(0.,0.075,0.25),(0.,0.0875,0.25),(0.,0.1,0.25),(0.,0.1125,0.25),(0.,0.125,0.25),(0.,0.1375,0.25),(0.,0.15,0.25),(0.,0.1625,0.25),(0.,0.175,0.25),(0.,0.1875,0.25),(0.,0.2,0.25),(0.,0.2125,0.25),(0.,0.225,0.25),(0.,0.2375,0.25),(0.,0.25,0.25),(0.,0.2625,0.25),(0.,0.275,0.25),(0.,0.2875,0.25),(0.,0.0125,0.375),(0.,0.025,0.375),(0.,0.0375,0.375),(0.,0.05,0.375),(0.,0.0625,0.375),(0.,0.075,0.375),(0.,0.0875,0.375),(0.,0.1,0.375),(0.,0.1125,0.375),(0.,0.125,0.375),(0.,0.1375,0.375),(0.,0.15,0.375),(0.,0.1625,0.375),(0.,0.175,0.375),(0.,0.1875,0.375),(0.,0.2,0.375),(0.,0.2125,0.375),(0.,0.225,0.375),(0.,0.2375,0.375),(0.,0.25,0.375),(0.,0.2625,0.375),(0.,0.275,0.375),(0.,0.2875,0.375),(0.,0.0125,0.5),(0.,0.025,0.5),(0.,0.0375,0.5),(0.,0.05,0.5),(0.,0.0625,0.5),(0.,0.075,0.5),(0.,0.0875,0.5),(0.,0.1,0.5),(0.,0.1125,0.5),(0.,0.125,0.5),(0.,0.1375,0.5),(0.,0.15,0.5),(0.,0.1625,0.5),(0.,0.175,0.5),(0.,0.1875,0.5),(0.,0.2,0.5),(0.,0.2125,0.5),(0.,0.225,0.5),(0.,0.2375,0.5),(0.,0.25,0.5),(0.,0.2625,0.5),(0.,0.275,0.5),(0.,0.2875,0.5),(0.,0.0125,0.625),(0.,0.025,0.625),(0.,0.0375,0.625),(0.,0.05,0.625),(0.,0.0625,0.625),(0.,0.075,0.625),(0.,0.0875,0.625),(0.,0.1,0.625),(0.,0.1125,0.625),(0.,0.125,0.625),(0.,0.1375,0.625),(0.,0.15,0.625),(0.,0.1625,0.625),(0.,0.175,0.625),(0.,0.1875,0.625),(0.,0.2,0.625),(0.,0.2125,0.625),(0.,0.225,0.625),(0.,0.2375,0.625),(0.,0.25,0.625),(0.,0.2625,0.625),(0.,0.275,0.625),(0.,0.2875,0.625),(0.,0.0125,0.75),(0.,0.025,0.75),(0.,0.0375,0.75),(0.,0.05,0.75),(0.,0.0625,0.75),(0.,0.075,0.75),(0.,0.0875,0.75),(0.,0.1,0.75),(0.,0.1125,0.75),(0.,0.125,0.75),(0.,0.1375,0.75),(0.,0.15,0.75),(0.,0.1625,0.75),(0.,0.175,0.75),(0.,0.1875,0.75),(0.,0.2,0.75),(0.,0.2125,0.75),(0.,0.225,0.75),(0.,0.2375,0.75),(0.,0.25,0.75),(0.,0.2625,0.75),(0.,0.275,0.75),(0.,0.2875,0.75),(0.,0.0125,0.875),(0.,0.025,0.875),(0.,0.0375,0.875),(0.,0.05,0.875),(0.,0.0625,0.875),(0.,0.075,0.875),(0.,0.0875,0.875),(0.,0.1,0.875),(0.,0.1125,0.875),(0.,0.125,0.875),(0.,0.1375,0.875),(0.,0.15,0.875),(0.,0.1625,0.875),(0.,0.175,0.875),(0.,0.1875,0.875),(0.,0.2,0.875),(0.,0.2125,0.875),(0.,0.225,0.875),(0.,0.2375,0.875),(0.,0.25,0.875),(0.,0.2625,0.875),(0.,0.275,0.875),(0.,0.2875,0.875),(0.,0.0125,1.),(0.,0.025,1.),(0.,0.0375,1.),(0.,0.05,1.),(0.,0.0625,1.),(0.,0.075,1.),(0.,0.0875,1.),(0.,0.1,1.),(0.,0.1125,1.),(0.,0.125,1.),(0.,0.1375,1.),(0.,0.15,1.),(0.,0.1625,1.),(0.,0.175,1.),(0.,0.1875,1.),(0.,0.2,1.),(0.,0.2125,1.),(0.,0.225,1.),(0.,0.2375,1.),(0.,0.25,1.),(0.,0.2625,1.),(0.,0.275,1.),(0.,0.2875,1.),(0.,0.0125,1.125),(0.,0.025,1.125),(0.,0.0375,1.125),(0.,0.05,1.125),(0.,0.0625,1.125),(0.,0.075,1.125),(0.,0.0875,1.125),(0.,0.1,1.125),(0.,0.1125,1.125),(0.,0.125,1.125),(0.,0.1375,1.125),(0.,0.15,1.125),(0.,0.1625,1.125),(0.,0.175,1.125),(0.,0.1875,1.125),(0.,0.2,1.125),(0.,0.2125,1.125),(0.,0.225,1.125),(0.,0.2375,1.125),(0.,0.25,1.125),(0.,0.2625,1.125),(0.,0.275,1.125),(0.,0.2875,1.125),(0.,0.0125,1.25),(0.,0.025,1.25),(0.,0.0375,1.25),(0.,0.05,1.25),(0.,0.0625,1.25),(0.,0.075,1.25),(0.,0.0875,1.25),(0.,0.1,1.25),(0.,0.1125,1.25),(0.,0.125,1.25),(0.,0.1375,1.25),(0.,0.15,1.25),(0.,0.1625,1.25),(0.,0.175,1.25),(0.,0.1875,1.25),(0.,0.2,1.25),(0.,0.2125,1.25),(0.,0.225,1.25),(0.,0.2375,1.25),(0.,0.25,1.25),(0.,0.2625,1.25),(0.,0.275,1.25),(0.,0.2875,1.25),(0.,0.0125,1.375),(0.,0.025,1.375),(0.,0.0375,1.375),(0.,0.05,1.375),(0.,0.0625,1.375),(0.,0.075,1.375),(0.,0.0875,1.375),(0.,0.1,1.375),(0.,0.1125,1.375),(0.,0.125,1.375),(0.,0.1375,1.375),(0.,0.15,1.375),(0.,0.1625,1.375),(0.,0.175,1.375),(0.,0.1875,1.375),(0.,0.2,1.375),(0.,0.2125,1.375),(0.,0.225,1.375),(0.,0.2375,1.375),(0.,0.25,1.375),(0.,0.2625,1.375),(0.,0.275,1.375),(0.,0.2875,1.375),(0.,0.0125,1.5),(0.,0.025,1.5),(0.,0.0375,1.5),(0.,0.05,1.5),(0.,0.0625,1.5),(0.,0.075,1.5),(0.,0.0875,1.5),(0.,0.1,1.5),(0.,0.1125,1.5),(0.,0.125,1.5),(0.,0.1375,1.5),(0.,0.15,1.5),(0.,0.1625,1.5),(0.,0.175,1.5),(0.,0.1875,1.5),(0.,0.2,1.5),(0.,0.2125,1.5),(0.,0.225,1.5),(0.,0.2375,1.5),(0.,0.25,1.5),(0.,0.2625,1.5),(0.,0.275,1.5),(0.,0.2875,1.5),(0.,0.0125,1.625),(0.,0.025,1.625),(0.,0.0375,1.625),(0.,0.05,1.625),(0.,0.0625,1.625),(0.,0.075,1.625),(0.,0.0875,1.625),(0.,0.1,1.625),(0.,0.1125,1.625),(0.,0.125,1.625),(0.,0.1375,1.625),(0.,0.15,1.625),(0.,0.1625,1.625),(0.,0.175,1.625),(0.,0.1875,1.625),(0.,0.2,1.625),(0.,0.2125,1.625),(0.,0.225,1.625),(0.,0.2375,1.625),(0.,0.25,1.625),(0.,0.2625,1.625),(0.,0.275,1.625),(0.,0.2875,1.625),(0.,0.0125,1.75),(0.,0.025,1.75),(0.,0.0375,1.75),(0.,0.05,1.75),(0.,0.0625,1.75),(0.,0.075,1.75),(0.,0.0875,1.75),(0.,0.1,1.75),(0.,0.1125,1.75),(0.,0.125,1.75),(0.,0.1375,1.75),(0.,0.15,1.75),(0.,0.1625,1.75),(0.,0.175,1.75),(0.,0.1875,1.75),(0.,0.2,1.75),(0.,0.2125,1.75),(0.,0.225,1.75),(0.,0.2375,1.75),(0.,0.25,1.75),(0.,0.2625,1.75),(0.,0.275,1.75),(0.,0.2875,1.75),(0.,0.0125,1.875),(0.,0.025,1.875),(0.,0.0375,1.875),(0.,0.05,1.875),(0.,0.0625,1.875),(0.,0.075,1.875),(0.,0.0875,1.875),(0.,0.1,1.875),(0.,0.1125,1.875),(0.,0.125,1.875),(0.,0.1375,1.875),(0.,0.15,1.875),(0.,0.1625,1.875),(0.,0.175,1.875),(0.,0.1875,1.875),(0.,0.2,1.875),(0.,0.2125,1.875),(0.,0.225,1.875),(0.,0.2375,1.875),(0.,0.25,1.875),(0.,0.2625,1.875),(0.,0.275,1.875),(0.,0.2875,1.875),(0.,0.0125,2.),(0.,0.025,2.),(0.,0.0375,2.),(0.,0.05,2.),(0.,0.0625,2.),(0.,0.075,2.),(0.,0.0875,2.),(0.,0.1,2.),(0.,0.1125,2.),(0.,0.125,2.),(0.,0.1375,2.),(0.,0.15,2.),(0.,0.1625,2.),(0.,0.175,2.),(0.,0.1875,2.),(0.,0.2,2.),(0.,0.2125,2.),(0.,0.225,2.),(0.,0.2375,2.),(0.,0.25,2.),(0.,0.2625,2.),(0.,0.275,2.),(0.,0.2875,2.),(0.,0.0125,2.125),(0.,0.025,2.125),(0.,0.0375,2.125),(0.,0.05,2.125),(0.,0.0625,2.125),(0.,0.075,2.125),(0.,0.0875,2.125),(0.,0.1,2.125),(0.,0.1125,2.125),(0.,0.125,2.125),(0.,0.1375,2.125),(0.,0.15,2.125),(0.,0.1625,2.125),(0.,0.175,2.125),(0.,0.1875,2.125),(0.,0.2,2.125),(0.,0.2125,2.125),(0.,0.225,2.125),(0.,0.2375,2.125),(0.,0.25,2.125),(0.,0.2625,2.125),(0.,0.275,2.125),(0.,0.2875,2.125),(0.,0.0125,2.25),(0.,0.025,2.25),(0.,0.0375,2.25),(0.,0.05,2.25),(0.,0.0625,2.25),(0.,0.075,2.25),(0.,0.0875,2.25),(0.,0.1,2.25),(0.,0.1125,2.25),(0.,0.125,2.25),(0.,0.1375,2.25),(0.,0.15,2.25),(0.,0.1625,2.25),(0.,0.175,2.25),(0.,0.1875,2.25),(0.,0.2,2.25),(0.,0.2125,2.25),(0.,0.225,2.25),(0.,0.2375,2.25),(0.,0.25,2.25),(0.,0.2625,2.25),(0.,0.275,2.25),(0.,0.2875,2.25),(0.,0.0125,2.375),(0.,0.025,2.375),(0.,0.0375,2.375),(0.,0.05,2.375),(0.,0.0625,2.375),(0.,0.075,2.375),(0.,0.0875,2.375),(0.,0.1,2.375),(0.,0.1125,2.375),(0.,0.125,2.375),(0.,0.1375,2.375),(0.,0.15,2.375),(0.,0.1625,2.375),(0.,0.175,2.375),(0.,0.1875,2.375),(0.,0.2,2.375),(0.,0.2125,2.375),(0.,0.225,2.375),(0.,0.2375,2.375),(0.,0.25,2.375),(0.,0.2625,2.375),(0.,0.275,2.375),(0.,0.2875,2.375),(0.,0.0125,2.5),(0.,0.025,2.5),(0.,0.0375,2.5),(0.,0.05,2.5),(0.,0.0625,2.5),(0.,0.075,2.5),(0.,0.0875,2.5),(0.,0.1,2.5),(0.,0.1125,2.5),(0.,0.125,2.5),(0.,0.1375,2.5),(0.,0.15,2.5),(0.,0.1625,2.5),(0.,0.175,2.5),(0.,0.1875,2.5),(0.,0.2,2.5),(0.,0.2125,2.5),(0.,0.225,2.5),(0.,0.2375,2.5),(0.,0.25,2.5),(0.,0.2625,2.5),(0.,0.275,2.5),(0.,0.2875,2.5),(0.,0.0125,2.625),(0.,0.025,2.625),(0.,0.0375,2.625),(0.,0.05,2.625),(0.,0.0625,2.625),(0.,0.075,2.625),(0.,0.0875,2.625),(0.,0.1,2.625),(0.,0.1125,2.625),(0.,0.125,2.625),(0.,0.1375,2.625),(0.,0.15,2.625),(0.,0.1625,2.625),(0.,0.175,2.625),(0.,0.1875,2.625),(0.,0.2,2.625),(0.,0.2125,2.625),(0.,0.225,2.625),(0.,0.2375,2.625),(0.,0.25,2.625),(0.,0.2625,2.625),(0.,0.275,2.625),(0.,0.2875,2.625),(0.,0.0125,2.75),(0.,0.025,2.75),(0.,0.0375,2.75),(0.,0.05,2.75),(0.,0.0625,2.75),(0.,0.075,2.75),(0.,0.0875,2.75),(0.,0.1,2.75),(0.,0.1125,2.75),(0.,0.125,2.75),(0.,0.1375,2.75),(0.,0.15,2.75),(0.,0.1625,2.75),(0.,0.175,2.75),(0.,0.1875,2.75),(0.,0.2,2.75),(0.,0.2125,2.75),(0.,0.225,2.75),(0.,0.2375,2.75),(0.,0.25,2.75),(0.,0.2625,2.75),(0.,0.275,2.75),(0.,0.2875,2.75),(0.,0.0125,2.875),(0.,0.025,2.875),(0.,0.0375,2.875),(0.,0.05,2.875),(0.,0.0625,2.875),(0.,0.075,2.875),(0.,0.0875,2.875),(0.,0.1,2.875),(0.,0.1125,2.875),(0.,0.125,2.875),(0.,0.1375,2.875),(0.,0.15,2.875),(0.,0.1625,2.875),(0.,0.175,2.875),(0.,0.1875,2.875),(0.,0.2,2.875),(0.,0.2125,2.875),(0.,0.225,2.875),(0.,0.2375,2.875),(0.,0.25,2.875),(0.,0.2625,2.875),(0.,0.275,2.875),(0.,0.2875,2.875),(6.,0.0125,0.125),(6.,0.0125,0.25),(6.,0.0125,0.375),(6.,0.0125,0.5),(6.,0.0125,0.625),(6.,0.0125,0.75),(6.,0.0125,0.875),(6.,0.0125,1.),(6.,0.0125,1.125),(6.,0.0125,1.25),(6.,0.0125,1.375),(6.,0.0125,1.5),(6.,0.0125,1.625),(6.,0.0125,1.75),(6.,0.0125,1.875),(6.,0.0125,2.),(6.,0.0125,2.125),(6.,0.0125,2.25),(6.,0.0125,2.375),(6.,0.0125,2.5),(6.,0.0125,2.625),(6.,0.0125,2.75),(6.,0.0125,2.875),(6.,0.025,0.125),(6.,0.025,0.25),(6.,0.025,0.375),(6.,0.025,0.5),(6.,0.025,0.625),(6.,0.025,0.75),(6.,0.025,0.875),(6.,0.025,1.),(6.,0.025,1.125),(6.,0.025,1.25),(6.,0.025,1.375),(6.,0.025,1.5),(6.,0.025,1.625),(6.,0.025,1.75),(6.,0.025,1.875),(6.,0.025,2.),(6.,0.025,2.125),(6.,0.025,2.25),(6.,0.025,2.375),(6.,0.025,2.5),(6.,0.025,2.625),(6.,0.025,2.75),(6.,0.025,2.875),(6.,0.0375,0.125),(6.,0.0375,0.25),(6.,0.0375,0.375),(6.,0.0375,0.5),(6.,0.0375,0.625),(6.,0.0375,0.75),(6.,0.0375,0.875),(6.,0.0375,1.),(6.,0.0375,1.125),(6.,0.0375,1.25),(6.,0.0375,1.375),(6.,0.0375,1.5),(6.,0.0375,1.625),(6.,0.0375,1.75),(6.,0.0375,1.875),(6.,0.0375,2.),(6.,0.0375,2.125),(6.,0.0375,2.25),(6.,0.0375,2.375),(6.,0.0375,2.5),(6.,0.0375,2.625),(6.,0.0375,2.75),(6.,0.0375,2.875),(6.,0.05,0.125),(6.,0.05,0.25),(6.,0.05,0.375),(6.,0.05,0.5),(6.,0.05,0.625),(6.,0.05,0.75),(6.,0.05,0.875),(6.,0.05,1.),(6.,0.05,1.125),(6.,0.05,1.25),(6.,0.05,1.375),(6.,0.05,1.5),(6.,0.05,1.625),(6.,0.05,1.75),(6.,0.05,1.875),(6.,0.05,2.),(6.,0.05,2.125),(6.,0.05,2.25),(6.,0.05,2.375),(6.,0.05,2.5),(6.,0.05,2.625),(6.,0.05,2.75),(6.,0.05,2.875),(6.,0.0625,0.125),(6.,0.0625,0.25),(6.,0.0625,0.375),(6.,0.0625,0.5),(6.,0.0625,0.625),(6.,0.0625,0.75),(6.,0.0625,0.875),(6.,0.0625,1.),(6.,0.0625,1.125),(6.,0.0625,1.25),(6.,0.0625,1.375),(6.,0.0625,1.5),(6.,0.0625,1.625),(6.,0.0625,1.75),(6.,0.0625,1.875),(6.,0.0625,2.),(6.,0.0625,2.125),(6.,0.0625,2.25),(6.,0.0625,2.375),(6.,0.0625,2.5),(6.,0.0625,2.625),(6.,0.0625,2.75),(6.,0.0625,2.875),(6.,0.075,0.125),(6.,0.075,0.25),(6.,0.075,0.375),(6.,0.075,0.5),(6.,0.075,0.625),(6.,0.075,0.75),(6.,0.075,0.875),(6.,0.075,1.),(6.,0.075,1.125),(6.,0.075,1.25),(6.,0.075,1.375),(6.,0.075,1.5),(6.,0.075,1.625),(6.,0.075,1.75),(6.,0.075,1.875),(6.,0.075,2.),(6.,0.075,2.125),(6.,0.075,2.25),(6.,0.075,2.375),(6.,0.075,2.5),(6.,0.075,2.625),(6.,0.075,2.75),(6.,0.075,2.875),(6.,0.0875,0.125),(6.,0.0875,0.25),(6.,0.0875,0.375),(6.,0.0875,0.5),(6.,0.0875,0.625),(6.,0.0875,0.75),(6.,0.0875,0.875),(6.,0.0875,1.),(6.,0.0875,1.125),(6.,0.0875,1.25),(6.,0.0875,1.375),(6.,0.0875,1.5),(6.,0.0875,1.625),(6.,0.0875,1.75),(6.,0.0875,1.875),(6.,0.0875,2.),(6.,0.0875,2.125),(6.,0.0875,2.25),(6.,0.0875,2.375),(6.,0.0875,2.5),(6.,0.0875,2.625),(6.,0.0875,2.75),(6.,0.0875,2.875),(6.,0.1,0.125),(6.,0.1,0.25),(6.,0.1,0.375),(6.,0.1,0.5),(6.,0.1,0.625),(6.,0.1,0.75),(6.,0.1,0.875),(6.,0.1,1.),(6.,0.1,1.125),(6.,0.1,1.25),(6.,0.1,1.375),(6.,0.1,1.5),(6.,0.1,1.625),(6.,0.1,1.75),(6.,0.1,1.875),(6.,0.1,2.),(6.,0.1,2.125),(6.,0.1,2.25),(6.,0.1,2.375),(6.,0.1,2.5),(6.,0.1,2.625),(6.,0.1,2.75),(6.,0.1,2.875),(6.,0.1125,0.125),(6.,0.1125,0.25),(6.,0.1125,0.375),(6.,0.1125,0.5),(6.,0.1125,0.625),(6.,0.1125,0.75),(6.,0.1125,0.875),(6.,0.1125,1.),(6.,0.1125,1.125),(6.,0.1125,1.25),(6.,0.1125,1.375),(6.,0.1125,1.5),(6.,0.1125,1.625),(6.,0.1125,1.75),(6.,0.1125,1.875),(6.,0.1125,2.),(6.,0.1125,2.125),(6.,0.1125,2.25),(6.,0.1125,2.375),(6.,0.1125,2.5),(6.,0.1125,2.625),(6.,0.1125,2.75),(6.,0.1125,2.875),(6.,0.125,0.125),(6.,0.125,0.25),(6.,0.125,0.375),(6.,0.125,0.5),(6.,0.125,0.625),(6.,0.125,0.75),(6.,0.125,0.875),(6.,0.125,1.),(6.,0.125,1.125),(6.,0.125,1.25),(6.,0.125,1.375),(6.,0.125,1.5),(6.,0.125,1.625),(6.,0.125,1.75),(6.,0.125,1.875),(6.,0.125,2.),(6.,0.125,2.125),(6.,0.125,2.25),(6.,0.125,2.375),(6.,0.125,2.5),(6.,0.125,2.625),(6.,0.125,2.75),(6.,0.125,2.875),(6.,0.1375,0.125),(6.,0.1375,0.25),(6.,0.1375,0.375),(6.,0.1375,0.5),(6.,0.1375,0.625),(6.,0.1375,0.75),(6.,0.1375,0.875),(6.,0.1375,1.),(6.,0.1375,1.125),(6.,0.1375,1.25),(6.,0.1375,1.375),(6.,0.1375,1.5),(6.,0.1375,1.625),(6.,0.1375,1.75),(6.,0.1375,1.875),(6.,0.1375,2.),(6.,0.1375,2.125),(6.,0.1375,2.25),(6.,0.1375,2.375),(6.,0.1375,2.5),(6.,0.1375,2.625),(6.,0.1375,2.75),(6.,0.1375,2.875),(6.,0.15,0.125),(6.,0.15,0.25),(6.,0.15,0.375),(6.,0.15,0.5),(6.,0.15,0.625),(6.,0.15,0.75),(6.,0.15,0.875),(6.,0.15,1.),(6.,0.15,1.125),(6.,0.15,1.25),(6.,0.15,1.375),(6.,0.15,1.5),(6.,0.15,1.625),(6.,0.15,1.75),(6.,0.15,1.875),(6.,0.15,2.),(6.,0.15,2.125),(6.,0.15,2.25),(6.,0.15,2.375),(6.,0.15,2.5),(6.,0.15,2.625),(6.,0.15,2.75),(6.,0.15,2.875),(6.,0.1625,0.125),(6.,0.1625,0.25),(6.,0.1625,0.375),(6.,0.1625,0.5),(6.,0.1625,0.625),(6.,0.1625,0.75),(6.,0.1625,0.875),(6.,0.1625,1.),(6.,0.1625,1.125),(6.,0.1625,1.25),(6.,0.1625,1.375),(6.,0.1625,1.5),(6.,0.1625,1.625),(6.,0.1625,1.75),(6.,0.1625,1.875),(6.,0.1625,2.),(6.,0.1625,2.125),(6.,0.1625,2.25),(6.,0.1625,2.375),(6.,0.1625,2.5),(6.,0.1625,2.625),(6.,0.1625,2.75),(6.,0.1625,2.875),(6.,0.175,0.125),(6.,0.175,0.25),(6.,0.175,0.375),(6.,0.175,0.5),(6.,0.175,0.625),(6.,0.175,0.75),(6.,0.175,0.875),(6.,0.175,1.),(6.,0.175,1.125),(6.,0.175,1.25),(6.,0.175,1.375),(6.,0.175,1.5),(6.,0.175,1.625),(6.,0.175,1.75),(6.,0.175,1.875),(6.,0.175,2.),(6.,0.175,2.125),(6.,0.175,2.25),(6.,0.175,2.375),(6.,0.175,2.5),(6.,0.175,2.625),(6.,0.175,2.75),(6.,0.175,2.875),(6.,0.1875,0.125),(6.,0.1875,0.25),(6.,0.1875,0.375),(6.,0.1875,0.5),(6.,0.1875,0.625),(6.,0.1875,0.75),(6.,0.1875,0.875),(6.,0.1875,1.),(6.,0.1875,1.125),(6.,0.1875,1.25),(6.,0.1875,1.375),(6.,0.1875,1.5),(6.,0.1875,1.625),(6.,0.1875,1.75),(6.,0.1875,1.875),(6.,0.1875,2.),(6.,0.1875,2.125),(6.,0.1875,2.25),(6.,0.1875,2.375),(6.,0.1875,2.5),(6.,0.1875,2.625),(6.,0.1875,2.75),(6.,0.1875,2.875),(6.,0.2,0.125),(6.,0.2,0.25),(6.,0.2,0.375),(6.,0.2,0.5),(6.,0.2,0.625),(6.,0.2,0.75),(6.,0.2,0.875),(6.,0.2,1.),(6.,0.2,1.125),(6.,0.2,1.25),(6.,0.2,1.375),(6.,0.2,1.5),(6.,0.2,1.625),(6.,0.2,1.75),(6.,0.2,1.875),(6.,0.2,2.),(6.,0.2,2.125),(6.,0.2,2.25),(6.,0.2,2.375),(6.,0.2,2.5),(6.,0.2,2.625),(6.,0.2,2.75),(6.,0.2,2.875),(6.,0.2125,0.125),(6.,0.2125,0.25),(6.,0.2125,0.375),(6.,0.2125,0.5),(6.,0.2125,0.625),(6.,0.2125,0.75),(6.,0.2125,0.875),(6.,0.2125,1.),(6.,0.2125,1.125),(6.,0.2125,1.25),(6.,0.2125,1.375),(6.,0.2125,1.5),(6.,0.2125,1.625),(6.,0.2125,1.75),(6.,0.2125,1.875),(6.,0.2125,2.),(6.,0.2125,2.125),(6.,0.2125,2.25),(6.,0.2125,2.375),(6.,0.2125,2.5),(6.,0.2125,2.625),(6.,0.2125,2.75),(6.,0.2125,2.875),(6.,0.225,0.125),(6.,0.225,0.25),(6.,0.225,0.375),(6.,0.225,0.5),(6.,0.225,0.625),(6.,0.225,0.75),(6.,0.225,0.875),(6.,0.225,1.),(6.,0.225,1.125),(6.,0.225,1.25),(6.,0.225,1.375),(6.,0.225,1.5),(6.,0.225,1.625),(6.,0.225,1.75),(6.,0.225,1.875),(6.,0.225,2.),(6.,0.225,2.125),(6.,0.225,2.25),(6.,0.225,2.375),(6.,0.225,2.5),(6.,0.225,2.625),(6.,0.225,2.75),(6.,0.225,2.875),(6.,0.2375,0.125),(6.,0.2375,0.25),(6.,0.2375,0.375),(6.,0.2375,0.5),(6.,0.2375,0.625),(6.,0.2375,0.75),(6.,0.2375,0.875),(6.,0.2375,1.),(6.,0.2375,1.125),(6.,0.2375,1.25),(6.,0.2375,1.375),(6.,0.2375,1.5),(6.,0.2375,1.625),(6.,0.2375,1.75),(6.,0.2375,1.875),(6.,0.2375,2.),(6.,0.2375,2.125),(6.,0.2375,2.25),(6.,0.2375,2.375),(6.,0.2375,2.5),(6.,0.2375,2.625),(6.,0.2375,2.75),(6.,0.2375,2.875),(6.,0.25,0.125),(6.,0.25,0.25),(6.,0.25,0.375),(6.,0.25,0.5),(6.,0.25,0.625),(6.,0.25,0.75),(6.,0.25,0.875),(6.,0.25,1.),(6.,0.25,1.125),(6.,0.25,1.25),(6.,0.25,1.375),(6.,0.25,1.5),(6.,0.25,1.625),(6.,0.25,1.75),(6.,0.25,1.875),(6.,0.25,2.),(6.,0.25,2.125),(6.,0.25,2.25),(6.,0.25,2.375),(6.,0.25,2.5),(6.,0.25,2.625),(6.,0.25,2.75),(6.,0.25,2.875),(6.,0.2625,0.125),(6.,0.2625,0.25),(6.,0.2625,0.375),(6.,0.2625,0.5),(6.,0.2625,0.625),(6.,0.2625,0.75),(6.,0.2625,0.875),(6.,0.2625,1.),(6.,0.2625,1.125),(6.,0.2625,1.25),(6.,0.2625,1.375),(6.,0.2625,1.5),(6.,0.2625,1.625),(6.,0.2625,1.75),(6.,0.2625,1.875),(6.,0.2625,2.),(6.,0.2625,2.125),(6.,0.2625,2.25),(6.,0.2625,2.375),(6.,0.2625,2.5),(6.,0.2625,2.625),(6.,0.2625,2.75),(6.,0.2625,2.875),(6.,0.275,0.125),(6.,0.275,0.25),(6.,0.275,0.375),(6.,0.275,0.5),(6.,0.275,0.625),(6.,0.275,0.75),(6.,0.275,0.875),(6.,0.275,1.),(6.,0.275,1.125),(6.,0.275,1.25),(6.,0.275,1.375),(6.,0.275,1.5),(6.,0.275,1.625),(6.,0.275,1.75),(6.,0.275,1.875),(6.,0.275,2.),(6.,0.275,2.125),(6.,0.275,2.25),(6.,0.275,2.375),(6.,0.275,2.5),(6.,0.275,2.625),(6.,0.275,2.75),(6.,0.275,2.875),(6.,0.2875,0.125),(6.,0.2875,0.25),(6.,0.2875,0.375),(6.,0.2875,0.5),(6.,0.2875,0.625),(6.,0.2875,0.75),(6.,0.2875,0.875),(6.,0.2875,1.),(6.,0.2875,1.125),(6.,0.2875,1.25),(6.,0.2875,1.375),(6.,0.2875,1.5),(6.,0.2875,1.625),(6.,0.2875,1.75),(6.,0.2875,1.875),(6.,0.2875,2.),(6.,0.2875,2.125),(6.,0.2875,2.25),(6.,0.2875,2.375),(6.,0.2875,2.5),(6.,0.2875,2.625),(6.,0.2875,2.75),(6.,0.2875,2.875)));
#3482=IFCPOLYGONALFACESET(#3481,.T.,(#25,#26,#27,#28,#29,#30,#31,#32,#33,#34,#35,#36,#37,#38,#39,#40,#41,#42,#43,#44,#45,#46,#47,#48,#49,#50,#51,#52,#53,#54,#55,#56,#57,#58,#59,#60,#61,#62,#63,#64,#65,#66,#67,#68,#69,#70,#71,#72,#73,#74,#75,#76,#77,#78,#79,#80,#81,#82,#83,#84,#85,#86,#87,#88,#89,#90,#91,#92,#93,#94,#95,#96,#97,#98,#99,#100,#101,#102,#103,#104,#105,#106,#107,#108,#109,#110,#111,#112,#113,#114,#115,#116,#117,#118,#119,#120,#121,#122,#123,#124,#125,#126,#127,#128,#129,#130,#131,#132,#133,#134,#135,#136,#137,#138,#139,#140,#141,#142,#143,#144,#145,#146,#147,#148,#149,#150,#151,#152,#153,#154,#155,#156,#157,#158,#159,#160,#161,#162,#163,#164,#165,#166,#167,#168,#169,#170,#171,#172,#173,#174,#175,#176,#177,#178,#179,#180,#181,#182,#183,#184,#185,#186,#187,#188,#189,#190,#191,#192,#193,#194,#195,#196,#197,#198,#199,#200,#201,#202,#203,#204,#205,#206,#207,#208,#209,#210,#211,#212,#213,#214,#215,#216,#217,#218,#219,#220,#221,#222,#223,#224,#225,#226,#227,#228,#229,#230,#231,#232,#233,#234,#235,#236,#237,#238,#239,#240,#241,#242,#243,#244,#245,#246,#247,#248,#249,#250,#251,#252,#253,#254,#255,#256,#257,#258,#259,#260,#261,#262,#263,#264,#265,#266,#267,#268,#269,#270,#271,#272,#273,#274,#275,#276,#277,#278,#279,#280,#281,#282,#283,#284,#285,#286,#287,#288,#289,#290,#291,#292,#293,#294,#295,#296,#297,#298,#299,#300,#301,#302,#303,#304,#305,#306,#307,#308,#309,#310,#311,#312,#313,#314,#315,#316,#317,#318,#319,#320,#321,#322,#323,#324,#325,#326,#327,#328,#329,#330,#331,#332,#333,#334,#335,#336,#337,#338,#339,#340,#341,#342,#343,#344,#345,#346,#347,#348,#349,#350,#351,#352,#353,#354,#355,#356,#357,#358,#359,#360,#361,#362,#363,#364,#365,#366,#367,#368,#369,#370,#371,#372,#373,#374,#375,#376,#377,#378,#379,#380,#381,#382,#383,#384,#385,#386,#387,#388,#389,#390,#391,#392,#393,#394,#395,#396,#397,#398,#399,#400,#401,#402,#403,#404,#405,#406,#407,#408,#409,#410,#411,#412,#413,#414,#415,#416,#417,#418,#419,#420,#421,#422,#423,#424,#425,#426,#427,#428,#429,#430,#431,#432,#433,#434,#435,#436,#437,#438,#439,#440,#441,#442,#443,#444,#445,#446,#447,#448,#449,#450,#451,#452,#453,#454,#455,#456,#457,#458,#459,#460,#461,#462,#463,#464,#465,#466,#467,#468,#469,#470,#471,#472,#473,#474,#475,#476,#477,#478,#479,#480,#481,#482,#483,#484,#485,#486,#487,#488,#489,#490,#491,#492,#493,#494,#495,#496,#497,#498,#499,#500,#501,#502,#503,#504,#505,#506,#507,#508,#509,#510,#511,#512,#513,#514,#515,#516,#517,#518,#519,#520,#521,#522,#523,#524,#525,#526,#527,#528,#529,#530,#531,#532,#533,#534,#535,#536,#537,#538,#539,#540,#541,#542,#543,#544,#545,#546,#547,#548,#549,#550,#551,#552,#553,#554,#555,#556,#557,#558,#559,#560,#561,#562,#563,#564,#565,#566,#567,#568,#569,#570,#571,#572,#573,#574,#575,#576,#577,#578,#579,#580,#581,#582,#583,#584,#585,#586,#587,#588,#589,#590,#591,#592,#593,#594,#595,#596,#597,#598,#599,#600,#601,#602,#603,#604,#605,#606,#607,#608,#609,#610,#611,#612,#613,#614,#615,#616,#617,#618,#619,#620,#621,#622,#623,#624,#625,#626,#627,#628,#629,#630,#631,#632,#633,#634,#635,#636,#637,#638,#639,#640,#641,#642,#643,#644,#645,#646,#647,#648,#649,#650,#651,#652,#653,#654,#655,#656,#657,#658,#659,#660,#661,#662,#663,#664,#665,#666,#667,#668,#669,#670,#671,#672,#673,#674,#675,#676,#677,#678,#679,#680,#681,#682,#683,#684,#685,#686,#687,#688,#689,#690,#691,#692,#693,#694,#695,#696,#697,#698,#699,#700,#701,#702,#703,#704,#705,#706,#707,#708,#709,#710,#711,#712,#713,#714,#715,#716,#717,#718,#719,#720,#721,#722,#723,#724,#725,#726,#727,#728,#729,#730,#731,#732,#733,#734,#735,#736,#737,#738,#739,#740,#741,#742,#743,#744,#745,#746,#747,#748,#749,#750,#751,#752,#753,#754,#755,#756,#757,#758,#759,#760,#761,#762,#763,#764,#765,#766,#767,#768,#769,#770,#771,#772,#773,#774,#775,#776,#777,#778,#779,#780,#781,#782,#783,#784,#785,#786,#787,#788,#789,#790,#791,#792,#793,#794,#795,#796,#797,#798,#799,#800,#801,#802,#803,#804,#805,#806,#807,#808,#809,#810,#811,#812,#813,#814,#815,#816,#817,#818,#819,#820,#821,#822,#823,#824,#825,#826,#827,#828,#829,#830,#831,#832,#833,#834,#835,#836,#837,#838,#839,#840,#841,#842,#843,#844,#845,#846,#847,#848,#849,#850,#851,#852,#853,#854,#855,#856,#857,#858,#859,#860,#861,#862,#863,#864,#865,#866,#867,#868,#869,#870,#871,#872,#873,#874,#875,#876,#877,#878,#879,#880,#881,#882,#883,#884,#885,#886,#887,#888,#889,#890,#891,#892,#893,#894,#895,#896,#897,#898,#899,#900,#901,#902,#903,#904,#905,#906,#907,#908,#909,#910,#911,#912,#913,#914,#915,#916,#917,#918,#919,#920,#921,#922,#923,#924,#925,#926,#927,#928,#929,#930,#931,#932,#933,#934,#935,#936,#937,#938,#939,#940,#941,#942,#943,#944,#945,#946,#947,#948,#949,#950,#951,#952,#953,#954,#955,#956,#957,#958,#959,#960,#961,#962,#963,#964,#965,#966,#967,#968,#969,#970,#971,#972,#973,#974,#975,#976,#977,#978,#979,#980,#981,#982,#983,#984,#985,#986,#987,#988,#989,#990,#991,#992,#993,#994,#995,#996,#997,#998,#999,#1000,#1001,#1002,#1003,#1004,#1005,#1006,#1007,#1008,#1009,#1010,#1011,#1012,#1013,#1014,#1015,#1016,#1017,#1018,#1019,#1020,#1021,#1022,#1023,#1024,#1025,#1026,#1027,#1028,#1029,#1030,#1031,#1032,#1033,#1034,#1035,#1036,#1037,#1038,#1039,#1040,#1041,#1042,#1043,#1044,#1045,#1046,#1047,#1048,#1049,#1050,#1051,#1052,#1053,#1054,#1055,#1056,#1057,#1058,#1059,#1060,#1061,#1062,#1063,#1064,#1065,#1066,#1067,#1068,#1069,#1070,#1071,#1072,#1073,#1074,#1075,#1076,#1077,#1078,#1079,#1080,#1081,#1082,#1083,#1084,#1085,#1086,#1087,#1088,#1089,#1090,#1091,#1092,#1093,#1094,#1095,#1096,#1097,#1098,#1099,#1100,#1101,#1102,#1103,#1104,#1105,#1106,#1107,#1108,#1109,#1110,#1111,#1112,#1113,#1114,#1115,#1116,#1117,#1118,#1119,#1120,#1121,#1122,#1123,#1124,#1125,#1126,#1127,#1128,#1129,#1130,#1131,#1132,#1133,#1134,#1135,#1136,#1137,#1138,#1139,#1140,#1141,#1142,#1143,#1144,#1145,#1146,#1147,#1148,#1149,#1150,#1151,#1152,#1153,#1154,#1155,#1156,#1157,#1158,#1159,#1160,#1161,#1162,#1163,#1164,#1165,#1166,#1167,#1168,#1169,#1170,#1171,#1172,#1173,#1174,#1175,#1176,#1177,#1178,#1179,#1180,#1181,#1182,#1183,#1184,#1185,#1186,#1187,#1188,#1189,#1190,#1191,#1192,#1193,#1194,#1195,#1196,#1197,#1198,#1199,#1200,#1201,#1202,#1203,#1204,#1205,#1206,#1207,#1208,#1209,#1210,#1211,#1212,#1213,#1214,#1215,#1216,#1217,#1218,#1219,#1220,#1221,#1222,#1223,#1224,#1225,#1226,#1227,#1228,#1229,#1230,#1231,#1232,#1233,#1234,#1235,#1236,#1237,#1238,#1239,#1240,#1241,#1242,#1243,#1244,#1245,#1246,#1247,#1248,#1249,#1250,#1251,#1252,#1253,#1254,#1255,#1256,#1257,#1258,#1259,#1260,#1261,#1262,#1263,#1264,#1265,#1266,#1267,#1268,#1269,#1270,#1271,#1272,#1273,#1274,#1275,#1276,#1277,#1278,#1279,#1280,#1281,#1282,#1283,#1284,#1285,#1286,#1287,#1288,#1289,#1290,#1291,#1292,#1293,#1294,#1295,#1296,#1297,#1298,#1299,#1300,#1301,#1302,#1303,#1304,#1305,#1306,#1307,#1308,#1309,#1310,#1311,#1312,#1313,#1314,#1315,#1316,#1317,#1318,#1319,#1320,#1321,#1322,#1323,#1324,#1325,#1326,#1327,#1328,#1329,#1330,#1331,#1332,#1333,#1334,#1335,#1336,#1337,#1338,#1339,#1340,#1341,#1342,#1343,#1344,#1345,#1346,#1347,#1348,#1349,#1350,#1351,#1352,#1353,#1354,#1355,#1356,#1357,#1358,#1359,#1360,#1361,#1362,#1363,#1364,#1365,#1366,#1367,#1368,#1369,#1370,#1371,#1372,#1373,#1374,#1375,#1376,#1377,#1378,#1379,#1380,#1381,#1382,#1383,#1384,#1385,#1386,#1387,#1388,#1389,#1390,#1391,#1392,#1393,#1394,#1395,#1396,#1397,#1398,#1399,#1400,#1401,#1402,#1403,#1404,#1405,#1406,#1407,#1408,#1409,#1410,#1411,#1412,#1413,#1414,#1415,#1416,#1417,#1418,#1419,#1420,#1421,#1422,#1423,#1424,#1425,#1426,#1427,#1428,#1429,#1430,#1431,#1432,#1433,#1434,#1435,#1436,#1437,#1438,#1439,#1440,#1441,#1442,#1443,#1444,#1445,#1446,#1447,#1448,#1449,#1450,#1451,#1452,#1453,#1454,#1455,#1456,#1457,#1458,#1459,#1460,#1461,#1462,#1463,#1464,#1465,#1466,#1467,#1468,#1469,#1470,#1471,#1472,#1473,#1474,#1475,#1476,#1477,#1478,#1479,#1480,#1481,#1482,#1483,#1484,#1485,#1486,#1487,#1488,#1489,#1490,#1491,#1492,#1493,#1494,#1495,#1496,#1497,#1498,#1499,#1500,#1501,#1502,#1503,#1504,#1505,#1506,#1507,#1508,#1509,#1510,#1511,#1512,#1513,#1514,#1515,#1516,#1517,#1518,#1519,#1520,#1521,#1522,#1523,#1524,#1525,#1526,#1527,#1528,#1529,#1530,#1531,#1532,#1533,#1534,#1535,#1536,#1537,#1538,#1539,#1540,#1541,#1542,#1543,#1544,#1545,#1546,#1547,#1548,#1549,#1550,#1551,#1552,#1553,#1554,#1555,#1556,#1557,#1558,#1559,#1560,#1561,#1562,#1563,#1564,#1565,#1566,#1567,#1568,#1569,#1570,#1571,#1572,#1573,#1574,#1575,#1576,#1577,#1578,#1579,#1580,#1581,#1582,#1583,#1584,#1585,#1586,#1587,#1588,#1589,#1590,#1591,#1592,#1593,#1594,#1595,#1596,#1597,#1598,#1599,#1600,#1601,#1602,#1603,#1604,#1605,#1606,#1607,#1608,#1609,#1610,#1611,#1612,#1613,#1614,#1615,#1616,#1617,#1618,#1619,#1620,#1621,#1622,#1623,#1624,#1625,#1626,#1627,#1628,#1629,#1630,#1631,#1632,#1633,#1634,#1635,#1636,#1637,#1638,#1639,#1640,#1641,#1642,#1643,#1644,#1645,#1646,#1647,#1648,#1649,#1650,#1651,#1652,#1653,#1654,#1655,#1656,#1657,#1658,#1659,#1660,#1661,#1662,#1663,#1664,#1665,#1666,#1667,#1668,#1669,#1670,#1671,#1672,#1673,#1674,#1675,#1676,#1677,#1678,#1679,#1680,#1681,#1682,#1683,#1684,#1685,#1686,#1687,#1688,#1689,#1690,#1691,#1692,#1693,#1694,#1695,#1696,#1697,#1698,#1699,#1700,#1701,#1702,#1703,#1704,#1705,#1706,#1707,#1708,#1709,#1710,#1711,#1712,#1713,#1714,#1715,#1716,#1717,#1718,#1719,#1720,#1721,#1722,#1723,#1724,#1725,#1726,#1727,#1728,#1729,#1730,#1731,#1732,#1733,#1734,#1735,#1736,#1737,#1738,#1739,#1740,#1741,#1742,#1743,#1744,#1745,#1746,#1747,#1748,#1749,#1750,#1751,#1752,#1753,#1754,#1755,#1756,#1757,#1758,#1759,#1760,#1761,#1762,#1763,#1764,#1765,#1766,#1767,#1768,#1769,#1770,#1771,#1772,#1773,#1774,#1775,#1776,#1777,#1778,#1779,#1780,#1781,#1782,#1783,#1784,#1785,#1786,#1787,#1788,#1789,#1790,#1791,#1792,#1793,#1794,#1795,#1796,#1797,#1798,#1799,#1800,#1801,#1802,#1803,#1804,#1805,#1806,#1807,#1808,#1809,#1810,#1811,#1812,#1813,#1814,#1815,#1816,#1817,#1818,#1819,#1820,#1821,#1822,#1823,#1824,#1825,#1826,#1827,#1828,#1829,#1830,#1831,#1832,#1833,#1834,#1835,#1836,#1837,#1838,#1839,#1840,#1841,#1842,#1843,#1844,#1845,#1846,#1847,#1848,#1849,#1850,#1851,#1852,#1853,#1854,#1855,#1856,#1857,#1858,#1859,#1860,#1861,#1862,#1863,#1864,#1865,#1866,#1867,#1868,#1869,#1870,#1871,#1872,#1873,#1874,#1875,#1876,#1877,#1878,#1879,#1880,#1881,#1882,#1883,#1884,#1885,#1886,#1887,#1888,#1889,#1890,#1891,#1892,#1893,#1894,#1895,#1896,#1897,#1898,#1899,#1900,#1901,#1902,#1903,#1904,#1905,#1906,#1907,#1908,#1909,#1910,#1911,#1912,#1913,#1914,#1915,#1916,#1917,#1918,#1919,#1920,#1921,#1922,#1923,#1924,#1925,#1926,#1927,#1928,#1929,#1930,#1931,#1932,#1933,#1934,#1935,#1936,#1937,#1938,#1939,#1940,#1941,#1942,#1943,#1944,#1945,#1946,#1947,#1948,#1949,#1950,#1951,#1952,#1953,#1954,#1955,#1956,#1957,#1958,#1959,#1960,#1961,#1962,#1963,#1964,#1965,#1966,#1967,#1968,#1969,#1970,#1971,#1972,#1973,#1974,#1975,#1976,#1977,#1978,#1979,#1980,#1981,#1982,#1983,#1984,#1985,#1986,#1987,#1988,#1989,#1990,#1991,#1992,#1993,#1994,#1995,#1996,#1997,#1998,#1999,#2000,#2001,#2002,#2003,#2004,#2005,#2006,#2007,#2008,#2009,#2010,#2011,#2012,#2013,#2014,#2015,#2016,#2017,#2018,#2019,#2020,#2021,#2022,#2023,#2024,#2025,#2026,#2027,#2028,#2029,#2030,#2031,#2032,#2033,#2034,#2035,#2036,#2037,#2038,#2039,#2040,#2041,#2042,#2043,#2044,#2045,#2046,#2047,#2048,#2049,#2050,#2051,#2052,#2053,#2054,#2055,#2056,#2057,#2058,#2059,#2060,#2061,#2062,#2063,#2064,#2065,#2066,#2067,#2068,#2069,#2070,#2071,#2072,#2073,#2074,#2075,#2076,#2077,#2078,#2079,#2080,#2081,#2082,#2083,#2084,#2085,#2086,#2087,#2088,#2089,#2090,#2091,#2092,#2093,#2094,#2095,#2096,#2097,#2098,#2099,#2100,#2101,#2102,#2103,#2104,#2105,#2106,#2107,#2108,#2109,#2110,#2111,#2112,#2113,#2114,#2115,#2116,#2117,#2118,#2119,#2120,#2121,#2122,#2123,#2124,#2125,#2126,#2127,#2128,#2129,#2130,#2131,#2132,#2133,#2134,#2135,#2136,#2137,#2138,#2139,#2140,#2141,#2142,#2143,#2144,#2145,#2146,#2147,#2148,#2149,#2150,#2151,#2152,#2153,#2154,#2155,#2156,#2157,#2158,#2159,#2160,#2161,#2162,#2163,#2164,#2165,#2166,#2167,#2168,#2169,#2170,#2171,#2172,#2173,#2174,#2175,#2176,#2177,#2178,#2179,#2180,#2181,#2182,#2183,#2184,#2185,#2186,#2187,#2188,#2189,#2190,#2191,#2192,#2193,#2194,#2195,#2196,#2197,#2198,#2199,#2200,#2201,#2202,#2203,#2204,#2205,#2206,#2207,#2208,#2209,#2210,#2211,#2212,#2213,#2214,#2215,#2216,#2217,#2218,#2219,#2220,#2221,#2222,#2223,#2224,#2225,#2226,#2227,#2228,#2229,#2230,#2231,#2232,#2233,#2234,#2235,#2236,#2237,#2238,#2239,#2240,#2241,#2242,#2243,#2244,#2245,#2246,#2247,#2248,#2249,#2250,#2251,#2252,#2253,#2254,#2255,#2256,#2257,#2258,#2259,#2260,#2261,#2262,#2263,#2264,#2265,#2266,#2267,#2268,#2269,#2270,#2271,#2272,#2273,#2274,#2275,#2276,#2277,#2278,#2279,#2280,#2281,#2282,#2283,#2284,#2285,#2286,#2287,#2288,#2289,#2290,#2291,#2292,#2293,#2294,#2295,#2296,#2297,#2298,#2299,#2300,#2301,#2302,#2303,#2304,#2305,#2306,#2307,#2308,#2309,#2310,#2311,#2312,#2313,#2314,#2315,#2316,#2317,#2318,#2319,#2320,#2321,#2322,#2323,#2324,#2325,#2326,#2327,#2328,#2329,#2330,#2331,#2332,#2333,#2334,#2335,#2336,#2337,#2338,#2339,#2340,#2341,#2342,#2343,#2344,#2345,#2346,#2347,#2348,#2349,#2350,#2351,#2352,#2353,#2354,#2355,#2356,#2357,#2358,#2359,#2360,#2361,#2362,#2363,#2364,#2365,#2366,#2367,#2368,#2369,#2370,#2371,#2372,#2373,#2374,#2375,#2376,#2377,#2378,#2379,#2380,#2381,#2382,#2383,#2384,#2385,#2386,#2387,#2388,#2389,#2390,#2391,#2392,#2393,#2394,#2395,#2396,#2397,#2398,#2399,#2400,#2401,#2402,#2403,#2404,#2405,#2406,#2407,#2408,#2409,#2410,#2411,#2412,#2413,#2414,#2415,#2416,#2417,#2418,#2419,#2420,#2421,#2422,#2423,#2424,#2425,#2426,#2427,#2428,#2429,#2430,#2431,#2432,#2433,#2434,#2435,#2436,#2437,#2438,#2439,#2440,#2441,#2442,#2443,#2444,#2445,#2446,#2447,#2448,#2449,#2450,#2451,#2452,#2453,#2454,#2455,#2456,#2457,#2458,#2459,#2460,#2461,#2462,#2463,#2464,#2465,#2466,#2467,#2468,#2469,#2470,#2471,#2472,#2473,#2474,#2475,#2476,#2477,#2478,#2479,#2480,#2481,#2482,#2483,#2484,#2485,#2486,#2487,#2488,#2489,#2490,#2491,#2492,#2493,#2494,#2495,#2496,#2497,#2498,#2499,#2500,#2501,#2502,#2503,#2504,#2505,#2506,#2507,#2508,#2509,#2510,#2511,#2512,#2513,#2514,#2515,#2516,#2517,#2518,#2519,#2520,#2521,#2522,#2523,#2524,#2525,#2526,#2527,#2528,#2529,#2530,#2531,#2532,#2533,#2534,#2535,#2536,#2537,#2538,#2539,#2540,#2541,#2542,#2543,#2544,#2545,#2546,#2547,#2548,#2549,#2550,#2551,#2552,#2553,#2554,#2555,#2556,#2557,#2558,#2559,#2560,#2561,#2562,#2563,#2564,#2565,#2566,#2567,#2568,#2569,#2570,#2571,#2572,#2573,#2574,#2575,#2576,#2577,#2578,#2579,#2580,#2581,#2582,#2583,#2584,#2585,#2586,#2587,#2588,#2589,#2590,#2591,#2592,#2593,#2594,#2595,#2596,#2597,#2598,#2599,#2600,#2601,#2602,#2603,#2604,#2605,#2606,#2607,#2608,#2609,#2610,#2611,#2612,#2613,#2614,#2615,#2616,#2617,#2618,#2619,#2620,#2621,#2622,#2623,#2624,#2625,#2626,#2627,#2628,#2629,#2630,#2631,#2632,#2633,#2634,#2635,#2636,#2637,#2638,#2639,#2640,#2641,#2642,#2643,#2644,#2645,#2646,#2647,#2648,#2649,#2650,#2651,#2652,#2653,#2654,#2655,#2656,#2657,#2658,#2659,#2660,#2661,#2662,#2663,#2664,#2665,#2666,#2667,#2668,#2669,#2670,#2671,#2672,#2673,#2674,#2675,#2676,#2677,#2678,#2679,#2680,#2681,#2682,#2683,#2684,#2685,#2686,#2687,#2688,#2689,#2690,#2691,#2692,#2693,#2694,#2695,#2696,#2697,#2698,#2699,#2700,#2701,#2702,#2703,#2704,#2705,#2706,#2707,#2708,#2709,#2710,#2711,#2712,#2713,#2714,#2715,#2716,#2717,#2718,#2719,#2720,#2721,#2722,#2723,#2724,#2725,#2726,#2727,#2728,#2729,#2730,#2731,#2732,#2733,#2734,#2735,#2736,#2737,#2738,#2739,#2740,#2741,#2742,#2743,#2744,#2745,#2746,#2747,#2748,#2749,#2750,#2751,#2752,#2753,#2754,#2755,#2756,#2757,#2758,#2759,#2760,#2761,#2762,#2763,#2764,#2765,#2766,#2767,#2768,#2769,#2770,#2771,#2772,#2773,#2774,#2775,#2776,#2777,#2778,#2779,#2780,#2781,#2782,#2783,#2784,#2785,#2786,#2787,#2788,#2789,#2790,#2791,#2792,#2793,#2794,#2795,#2796,#2797,#2798,#2799,#2800,#2801,#2802,#2803,#2804,#2805,#2806,#2807,#2808,#2809,#2810,#2811,#2812,#2813,#2814,#2815,#2816,#2817,#2818,#2819,#2820,#2821,#2822,#2823,#2824,#2825,#2826,#2827,#2828,#2829,#2830,#2831,#2832,#2833,#2834,#2835,#2836,#2837,#2838,#2839,#2840,#2841,#2842,#2843,#2844,#2845,#2846,#2847,#2848,#2849,#2850,#2851,#2852,#2853,#2854,#2855,#2856,#2857,#2858,#2859,#2860,#2861,#2862,#2863,#2864,#2865,#2866,#2867,#2868,#2869,#2870,#2871,#2872,#2873,#2874,#2875,#2876,#2877,#2878,#2879,#2880,#2881,#2882,#2883,#2884,#2885,#2886,#2887,#2888,#2889,#2890,#2891,#2892,#2893,#2894,#2895,#2896,#2897,#2898,#2899,#2900,#2901,#2902,#2903,#2904,#2905,#2906,#2907,#2908,#2909,#2910,#2911,#2912,#2913,#2914,#2915,#2916,#2917,#2918,#2919,#2920,#2921,#2922,#2923,#2924,#2925,#2926,#2927,#2928,#2929,#2930,#2931,#2932,#2933,#2934,#2935,#2936,#2937,#2938,#2939,#2940,#2941,#2942,#2943,#2944,#2945,#2946,#2947,#2948,#2949,#2950,#2951,#2952,#2953,#2954,#2955,#2956,#2957,#2958,#2959,#2960,#2961,#2962,#2963,#2964,#2965,#2966,#2967,#2968,#2969,#2970,#2971,#2972,#2973,#2974,#2975,#2976,#2977,#2978,#2979,#2980,#2981,#2982,#2983,#2984,#2985,#2986,#2987,#2988,#2989,#2990,#2991,#2992,#2993,#2994,#2995,#2996,#2997,#2998,#2999,#3000,#3001,#3002,#3003,#3004,#3005,#3006,#3007,#3008,#3009,#3010,#3011,#3012,#3013,#3014,#3015,#3016,#3017,#3018,#3019,#3020,#3021,#3022,#3023,#3024,#3025,#3026,#3027,#3028,#3029,#3030,#3031,#3032,#3033,#3034,#3035,#3036,#3037,#3038,#3039,#3040,#3041,#3042,#3043,#3044,#3045,#3046,#3047,#3048,#3049,#3050,#3051,#3052,#3053,#3054,#3055,#3056,#3057,#3058,#3059,#3060,#3061,#3062,#3063,#3064,#3065,#3066,#3067,#3068,#3069,#3070,#3071,#3072,#3073,#3074,#3075,#3076,#3077,#3078,#3079,#3080,#3081,#3082,#3083,#3084,#3085,#3086,#3087,#3088,#3089,#3090,#3091,#3092,#3093,#3094,#3095,#3096,#3097,#3098,#3099,#3100,#3101,#3102,#3103,#3104,#3105,#3106,#3107,#3108,#3109,#3110,#3111,#3112,#3113,#3114,#3115,#3116,#3117,#3118,#3119,#3120,#3121,#3122,#3123,#3124,#3125,#3126,#3127,#3128,#3129,#3130,#3131,#3132,#3133,#3134,#3135,#3136,#3137,#3138,#3139,#3140,#3141,#3142,#3143,#3144,#3145,#3146,#3147,#3148,#3149,#3150,#3151,#3152,#3153,#3154,#3155,#3156,#3157,#3158,#3159,#3160,#3161,#3162,#3163,#3164,#3165,#3166,#3167,#3168,#3169,#3170,#3171,#3172,#3173,#3174,#3175,#3176,#3177,#3178,#3179,#3180,#3181,#3182,#3183,#3184,#3185,#3186,#3187,#3188,#3189,#3190,#3191,#3192,#3193,#3194,#3195,#3196,#3197,#3198,#3199,#3200,#3201,#3202,#3203,#3204,#3205,#3206,#3207,#3208,#3209,#3210,#3211,#3212,#3213,#3214,#3215,#3216,#3217,#3218,#3219,#3220,#3221,#3222,#3223,#3224,#3225,#3226,#3227,#3228,#3229,#3230,#3231,#3232,#3233,#3234,#3235,#3236,#3237,#3238,#3239,#3240,#3241,#3242,#3243,#3244,#3245,#3246,#3247,#3248,#3249,#3250,#3251,#3252,#3253,#3254,#3255,#3256,#3257,#3258,#3259,#3260,#3261,#3262,#3263,#3264,#3265,#3266,#3267,#3268,#3269,#3270,#3271,#3272,#3273,#3274,#3275,#3276,#3277,#3278,#3279,#3280,#3281,#3282,#3283,#3284,#3285,#3286,#3287,#3288,#3289,#3290,#3291,#3292,#3293,#3294,#3295,#3296,#3297,#3298,#3299,#3300,#3301,#3302,#3303,#3304,#3305,#3306,#3307,#3308,#3309,#3310,#3311,#3312,#3313,#3314,#3315,#3316,#3317,#3318,#3319,#3320,#3321,#3322,#3323,#3324,#3325,#3326,#3327,#3328,#3329,#3330,#3331,#3332,#3333,#3334,#3335,#3336,#3337,#3338,#3339,#3340,#3341,#3342,#3343,#3344,#3345,#3346,#3347,#3348,#3349,#3350,#3351,#3352,#3353,#3354,#3355,#3356,#3357,#3358,#3359,#3360,#3361,#3362,#3363,#3364,#3365,#3366,#3367,#3368,#3369,#3370,#3371,#3372,#3373,#3374,#3375,#3376,#3377,#3378,#3379,#3380,#3381,#3382,#3383,#3384,#3385,#3386,#3387,#3388,#3389,#3390,#3391,#3392,#3393,#3394,#3395,#3396,#3397,#3398,#3399,#3400,#3401,#3402,#3403,#3404,#3405,#3406,#3407,#3408,#3409,#3410,#3411,#3412,#3413,#3414,#3415,#3416,#3417,#3418,#3419,#3420,#3421,#3422,#3423,#3424,#3425,#3426,#3427,#3428,#3429,#3430,#3431,#3432,#3433,#3434,#3435,#3436,#3437,#3438,#3439,#3440,#3441,#3442,#3443,#3444,#3445,#3446,#3447,#3448,#3449,#3450,#3451,#3452,#3453,#3454,#3455,#3456,#3457,#3458,#3459,#3460,#3461,#3462,#3463,#3464,#3465,#3466,#3467,#3468,#3469,#3470,#3471,#3472,#3473,#3474,#3475,#3476,#3477,#3478,#3479,#3480),$);
#3483=IFCSHAPEREPRESENTATION(#8,'Body','Tessellation',(#3482));
#3484=IFCPRODUCTDEFINITIONSHAPE($,$,(#3483));
#3485=IFCWALL('0000000000000000000009',$,'south wall',$,$,#10,#3484,$,$);
#3486=IFCINDEXEDPOLYGONALFACE((1,2,3,4));
#3487=IFCINDEXEDPOLYGONALFACE((5,6,7,8));
#3488=IFCINDEXEDPOLYGONALFACE((4,3,6,5));
#3489=IFCINDEXEDPOLYGONALFACE((1,8,7,2));
#3490=IFCINDEXEDPOLYGONALFACE((4,5,8,1));
#3491=IFCINDEXEDPOLYGONALFACE((3,2,7,6));
#3492=IFCCARTESIANPOINTLIST3D(((0.,4.,0.),(6.,4.,0.),(6.,3.7,0.),(0.,3.7,0.),(0.,3.7,3.),(6.,3.7,3.),(6.,4.,3.),(0.,4.,3.)));
#3493=IFCPOLYGONALFACESET(#3492,.T.,(#3486,#3487,#3488,#3489,#3490,#3491),$);
#3494=IFCSHAPEREPRESENTATION(#8,'Body','Tessellation',(#3493));
#3495=IFCPRODUCTDEFINITIONSHAPE($,$,(#3494));
#3496=IFCWALL('000000000000000000000A',$,'north wall',$,$,#10,#3495,$,$);
#3497=IFCINDEXEDPOLYGONALFACE((1,2,3,4));
#3498=IFCINDEXEDPOLYGONALFACE((5,6,7,8));
#3499=IFCINDEXEDPOLYGONALFACE((4,3,6,5));
#3500=IFCINDEXEDPOLYGONALFACE((1,8,7,2));
#3501=IFCINDEXEDPOLYGONALFACE((4,5,8,1));
#3502=IFCINDEXEDPOLYGONALFACE((3,2,7,6));
#3503=IFCCARTESIANPOINTLIST3D(((0.,3.7,0.),(0.3,3.7,0.),(0.3,0.3,0.),(0.,0.3,0.),(0.,0.3,3.),(0.3,0.3,3.),(0.3,3.7,3.),(0.,3.7,3.)));
#3504=IFCPOLYGONALFACESET(#3503,.T.,(#3497,#3498,#3499,#3500,#3501,#3502),$);
#3505=IFCSHAPEREPRESENTATION(#8,'Body','Tessellation',(#3504));
#3506=IFCPRODUCTDEFINITIONSHAPE($,$,(#3505));
#3507=IFCWALL('000000000000000000000B',$,'west wall',$,$,#10,#3506,$,$);
#3508=IFCINDEXEDPOLYGONALFACE((1,2,3,4));
#3509=IFCINDEXEDPOLYGONALFACE((5,6,7,8));
#3510=IFCINDEXEDPOLYGONALFACE((4,3,6,5));
#3511=IFCINDEXEDPOLYGONALFACE((1,8,7,2));
#3512=IFCINDEXEDPOLYGONALFACE((4,5,8,1));
#3513=IFCINDEXEDPOLYGONALFACE((3,2,7,6));
#3514=IFCCARTESIANPOINTLIST3D(((5.7,3.7,0.),(6.,3.7,0.),(6.,0.3,0.),(5.7,0.3,0.),(5.7,0.3,3.),(6.,0.3,3.),(6.,3.7,3.),(5.7,3.7,3.)));
#3515=IFCPOLYGONALFACESET(#3514,.T.,(#3508,#3509,#3510,#3511,#3512,#3513),$);
#3516=IFCSHAPEREPRESENTATION(#8,'Body','Tessellation',(#3515));
#3517=IFCPRODUCTDEFINITIONSHAPE($,$,(#3516));
#3518=IFCWALL('000000000000000000000C',$,'east wall',$,$,#10,#3517,$,$);
#3519=IFCRELCONTAINEDINSPATIALSTRUCTURE('000000000000000000000D',$,$,$,(#3485,#3496,#3507,#3518),#17);
#3520=IFCCARTESIANPOINT((0.3,0.3,0.));
#3521=IFCCARTESIANPOINT((5.7,0.3,0.));
#3522=IFCCARTESIANPOINT((5.7,3.7,0.));
#3523=IFCCARTESIANPOINT((0.3,3.7,0.));
#3524=IFCCARTESIANPOINT((0.3,0.3,0.));
#3525=IFCPOLYLINE((#3520,#3521,#3522,#3523,#3524));
#3526=IFCSHAPEREPRESENTATION(#9,'FootPrint','Curve3D',(#3525));
#3527=IFCCARTESIANPOINT((0.,0.,0.));
#3528=IFCAXIS2PLACEMENT3D(#3527,$,$);
#3529=IFCLOCALPLACEMENT($,#3528);
#3530=IFCPRODUCTDEFINITIONSHAPE($,$,(#3526));
#3531=IFCSPACE('000000000000000000000E',$,'0.01',$,$,#3529,#3530,'woonkamer',.ELEMENT.,$,$);
#3532=IFCRELAGGREGATES('000000000000000000000F',$,$,$,#17,(#3531));
#3533=IFCINDEXEDPOLYGONALFACE((1,2,3,4));
#3534=IFCINDEXEDPOLYGONALFACE((5,6,7,8));
#3535=IFCINDEXEDPOLYGONALFACE((4,3,6,5));
#3536=IFCINDEXEDPOLYGONALFACE((1,8,7,2));
#3537=IFCINDEXEDPOLYGONALFACE((4,5,8,1));
#3538=IFCINDEXEDPOLYGONALFACE((3,2,7,6));
#3539=IFCCARTESIANPOINTLIST3D(((0.,0.3,0.),(6.,0.3,0.),(6.,0.,0.),(0.,0.,0.),(0.,0.,3.),(6.,0.,3.),(6.,0.3,3.),(0.,0.3,3.)));
#3540=IFCPOLYGONALFACESET(#3539,.T.,(#3533,#3534,#3535,#3536,#3537,#3538),$);
#3541=IFCSHAPEREPRESENTATION(#8,'Body','Tessellation',(#3540));
#3542=IFCCARTESIANPOINT((0.,0.,0.));
#3543=IFCAXIS2PLACEMENT3D(#3542,$,$);
#3544=IFCREPRESENTATIONMAP(#3543,#3541);
#3545=IFCCARTESIANPOINT((0.,0.,0.));
#3546=IFCCARTESIANTRANSFORMATIONOPERATOR3D($,$,#3545,1.,$);
#3547=IFCMAPPEDITEM(#3544,#3546);
#3548=IFCSHAPEREPRESENTATION(#8,'Body','MappedRepresentation',(#3547));
#3549=IFCCARTESIANPOINT((0.,0.,3.));
#3550=IFCAXIS2PLACEMENT3D(#3549,$,$);
#3551=IFCLOCALPLACEMENT($,#3550);
#3552=IFCPRODUCTDEFINITIONSHAPE($,$,(#3548));
#3553=IFCWALL('000000000000000000000G',$,'south wall',$,$,#3551,#3552,$,$);
#3554=IFCINDEXEDPOLYGONALFACE((1,2,3,4));
#3555=IFCINDEXEDPOLYGONALFACE((5,6,7,8));
#3556=IFCINDEXEDPOLYGONALFACE((4,3,6,5));
#3557=IFCINDEXEDPOLYGONALFACE((1,8,7,2));
#3558=IFCINDEXEDPOLYGONALFACE((4,5,8,1));
#3559=IFCINDEXEDPOLYGONALFACE((3,2,7,6));
#3560=IFCCARTESIANPOINTLIST3D(((0.,4.,3.),(6.,4.,3.),(6.,3.7,3.),(0.,3.7,3.),(0.,3.7,6.),(6.,3.7,6.),(6.,4.,6.),(0.,4.,6.)));
#3561=IFCPOLYGONALFACESET(#3560,.T.,(#3554,#3555,#3556,#3557,#3558,#3559),$);
#3562=IFCSHAPEREPRESENTATION(#8,'Body','Tessellation',(#3561));
#3563=IFCPRODUCTDEFINITIONSHAPE($,$,(#3562));
#3564=IFCWALL('000000000000000000000H',$,'north wall',$,$,#10,#3563,$,$);
#3565=IFCINDEXEDPOLYGONALFACE((1,2,3,4));
#3566=IFCINDEXEDPOLYGONALFACE((5,6,7,8));
#3567=IFCINDEXEDPOLYGONALFACE((4,3,6,5));
#3568=IFCINDEXEDPOLYGONALFACE((1,8,7,2));
#3569=IFCINDEXEDPOLYGONALFACE((4,5,8,1));
#3570=IFCINDEXEDPOLYGONALFACE((3,2,7,6));
#3571=IFCCARTESIANPOINTLIST3D(((0.,3.7,3.),(0.3,3.7,3.),(0.3,0.3,3.),(0.,0.3,3.),(0.,0.3,6.),(0.3,0.3,6.),(0.3,3.7,6.),(0.,3.7,6.)));
#3572=IFCPOLYGONALFACESET(#3571,.T.,(#3565,#3566,#3567,#3568,#3569,#3570),$);
#3573=IFCSHAPEREPRESENTATION(#8,'Body','Tessellation',(#3572));
#3574=IFCPRODUCTDEFINITIONSHAPE($,$,(#3573));
#3575=IFCWALL('000000000000000000000I',$,'west wall',$,$,#10,#3574,$,$);
#3576=IFCINDEXEDPOLYGONALFACE((1,2,3,4));
#3577=IFCINDEXEDPOLYGONALFACE((5,6,7,8));
#3578=IFCINDEXEDPOLYGONALFACE((4,3,6,5));
#3579=IFCINDEXEDPOLYGONALFACE((1,8,7,2));
#3580=IFCINDEXEDPOLYGONALFACE((4,5,8,1));
#3581=IFCINDEXEDPOLYGONALFACE((3,2,7,6));
#3582=IFCCARTESIANPOINTLIST3D(((5.7,3.7,3.),(6.,3.7,3.),(6.,0.3,3.),(5.7,0.3,3.),(5.7,0.3,6.),(6.,0.3,6.),(6.,3.7,6.),(5.7,3.7,6.)));
#3583=IFCPOLYGONALFACESET(#3582,.T.,(#3576,#3577,#3578,#3579,#3580,#3581),$);
#3584=IFCSHAPEREPRESENTATION(#8,'Body','Tessellation',(#3583));
#3585=IFCPRODUCTDEFINITIONSHAPE($,$,(#3584));
#3586=IFCWALL('000000000000000000000J',$,'east wall',$,$,#10,#3585,$,$);
#3587=IFCRELCONTAINEDINSPATIALSTRUCTURE('000000000000000000000K',$,$,$,(#3553,#3564,#3575,#3586),#21);
#3588=IFCCARTESIANPOINT((0.3,0.3,0.));
#3589=IFCCARTESIANPOINT((2.9,0.3,0.));
#3590=IFCCARTESIANPOINT((2.9,3.7,0.));
#3591=IFCCARTESIANPOINT((0.3,3.7,0.));
#3592=IFCCARTESIANPOINT((0.3,0.3,0.));
#3593=IFCPOLYLINE((#3588,#3589,#3590,#3591,#3592));
#3594=IFCSHAPEREPRESENTATION(#9,'FootPrint','Curve3D',(#3593));
#3595=IFCCARTESIANPOINT((0.,0.,3.));
#3596=IFCAXIS2PLACEMENT3D(#3595,$,$);
#3597=IFCLOCALPLACEMENT($,#3596);
#3598=IFCPRODUCTDEFINITIONSHAPE($,$,(#3594));
#3599=IFCSPACE('000000000000000000000L',$,'1.01',$,$,#3597,#3598,'slaapkamer',.ELEMENT.,$,$);
#3600=IFCCARTESIANPOINT((3.1,0.3,0.));
#3601=IFCCARTESIANPOINT((5.7,0.3,0.));
#3602=IFCCARTESIANPOINT((5.7,3.7,0.));
#3603=IFCCARTESIANPOINT((3.1,3.7,0.));
#3604=IFCCARTESIANPOINT((3.1,0.3,0.));
#3605=IFCPOLYLINE((#3600,#3601,#3602,#3603,#3604));
#3606=IFCSHAPEREPRESENTATION(#9,'FootPrint','Curve3D',(#3605));
#3607=IFCCARTESIANPOINT((0.,0.,3.));
#3608=IFCAXIS2PLACEMENT3D(#3607,$,$);
#3609=IFCLOCALPLACEMENT($,#3608);
#3610=IFCPRODUCTDEFINITIONSHAPE($,$,(#3606));
#3611=IFCSPACE('000000000000000000000M',$,'1.02',$,$,#3609,#3610,'badkamer',.ELEMENT.,$,$);
#3612=IFCRELAGGREGATES('000000000000000000000N',$,$,$,#21,(#3599,#3611));
ENDSEC;
END-ISO-10303-21;
